Denominazione in italiano;Codice Catastale del comune;Codice Regione;"Codice dell'Unit‡ territoriale sovracomunale 
(valida a fini statistici)";Codice Provincia (Storico)(1);Progressivo del Comune (2);Codice Comune formato alfanumerico;Ripartizione geografica;Denominazione Regione;Provincia;Tipologia di Unit‡ territoriale sovracomunale ;Codice Comune numerico con 110 province (dal 2010 al 2016);Codice Comune numerico con 107 province (dal 2006 al 2009);Codice Comune numerico con 103 province (dal 1995 al 2005);Codice NUTS1 2021;Codice NUTS2 2021 (3);Codice NUTS3 2021;Codice NUTS1 2024;Codice NUTS2 2024 (3);Codice NUTS3 2024;"Denominazione dell'Unit‡ territoriale sovracomunale 
(valida a fini statistici)"
AgliË;A074;1;201;1;1;1001;Nord-ovest;Piemonte;Torino;3;1001;1001;1001;ITC;ITC1;ITC11;ITC;ITC1;ITC11;
Airasca;A109;1;201;1;2;1002;Nord-ovest;Piemonte;Torino;3;1002;1002;1002;ITC;ITC1;ITC11;ITC;ITC1;ITC11;
Ala di Stura;A117;1;201;1;3;1003;Nord-ovest;Piemonte;Torino;3;1003;1003;1003;ITC;ITC1;ITC11;ITC;ITC1;ITC11;
Albiano d'Ivrea;A157;1;201;1;4;1004;Nord-ovest;Piemonte;Torino;3;1004;1004;1004;ITC;ITC1;ITC11;ITC;ITC1;ITC11;
Almese;A218;1;201;1;6;1006;Nord-ovest;Piemonte;Torino;3;1006;1006;1006;ITC;ITC1;ITC11;ITC;ITC1;ITC11;
Alpette;A221;1;201;1;7;1007;Nord-ovest;Piemonte;Torino;3;1007;1007;1007;ITC;ITC1;ITC11;ITC;ITC1;ITC11;
Alpignano;A222;1;201;1;8;1008;Nord-ovest;Piemonte;Torino;3;1008;1008;1008;ITC;ITC1;ITC11;ITC;ITC1;ITC11;
Andezeno;A275;1;201;1;9;1009;Nord-ovest;Piemonte;Torino;3;1009;1009;1009;ITC;ITC1;ITC11;ITC;ITC1;ITC11;
Andrate;A282;1;201;1;10;1010;Nord-ovest;Piemonte;Torino;3;1010;1010;1010;ITC;ITC1;ITC11;ITC;ITC1;ITC11;
Angrogna;A295;1;201;1;11;1011;Nord-ovest;Piemonte;Torino;3;1011;1011;1011;ITC;ITC1;ITC11;ITC;ITC1;ITC11;
Arignano;A405;1;201;1;12;1012;Nord-ovest;Piemonte;Torino;3;1012;1012;1012;ITC;ITC1;ITC11;ITC;ITC1;ITC11;
Avigliana;A518;1;201;1;13;1013;Nord-ovest;Piemonte;Torino;3;1013;1013;1013;ITC;ITC1;ITC11;ITC;ITC1;ITC11;
Azeglio;A525;1;201;1;14;1014;Nord-ovest;Piemonte;Torino;3;1014;1014;1014;ITC;ITC1;ITC11;ITC;ITC1;ITC11;
Bairo;A584;1;201;1;15;1015;Nord-ovest;Piemonte;Torino;3;1015;1015;1015;ITC;ITC1;ITC11;ITC;ITC1;ITC11;
Balangero;A587;1;201;1;16;1016;Nord-ovest;Piemonte;Torino;3;1016;1016;1016;ITC;ITC1;ITC11;ITC;ITC1;ITC11;
Baldissero Canavese;A590;1;201;1;17;1017;Nord-ovest;Piemonte;Torino;3;1017;1017;1017;ITC;ITC1;ITC11;ITC;ITC1;ITC11;
Baldissero Torinese;A591;1;201;1;18;1018;Nord-ovest;Piemonte;Torino;3;1018;1018;1018;ITC;ITC1;ITC11;ITC;ITC1;ITC11;
Balme;A599;1;201;1;19;1019;Nord-ovest;Piemonte;Torino;3;1019;1019;1019;ITC;ITC1;ITC11;ITC;ITC1;ITC11;
Banchette;A607;1;201;1;20;1020;Nord-ovest;Piemonte;Torino;3;1020;1020;1020;ITC;ITC1;ITC11;ITC;ITC1;ITC11;
Barbania;A625;1;201;1;21;1021;Nord-ovest;Piemonte;Torino;3;1021;1021;1021;ITC;ITC1;ITC11;ITC;ITC1;ITC11;
Bardonecchia;A651;1;201;1;22;1022;Nord-ovest;Piemonte;Torino;3;1022;1022;1022;ITC;ITC1;ITC11;ITC;ITC1;ITC11;
Barone Canavese;A673;1;201;1;23;1023;Nord-ovest;Piemonte;Torino;3;1023;1023;1023;ITC;ITC1;ITC11;ITC;ITC1;ITC11;
Beinasco;A734;1;201;1;24;1024;Nord-ovest;Piemonte;Torino;3;1024;1024;1024;ITC;ITC1;ITC11;ITC;ITC1;ITC11;
Bibiana;A853;1;201;1;25;1025;Nord-ovest;Piemonte;Torino;3;1025;1025;1025;ITC;ITC1;ITC11;ITC;ITC1;ITC11;
Bobbio Pellice;A910;1;201;1;26;1026;Nord-ovest;Piemonte;Torino;3;1026;1026;1026;ITC;ITC1;ITC11;ITC;ITC1;ITC11;
Bollengo;A941;1;201;1;27;1027;Nord-ovest;Piemonte;Torino;3;1027;1027;1027;ITC;ITC1;ITC11;ITC;ITC1;ITC11;
Borgaro Torinese;A990;1;201;1;28;1028;Nord-ovest;Piemonte;Torino;3;1028;1028;1028;ITC;ITC1;ITC11;ITC;ITC1;ITC11;
Borgiallo;B003;1;201;1;29;1029;Nord-ovest;Piemonte;Torino;3;1029;1029;1029;ITC;ITC1;ITC11;ITC;ITC1;ITC11;
Borgofranco d'Ivrea;B015;1;201;1;30;1030;Nord-ovest;Piemonte;Torino;3;1030;1030;1030;ITC;ITC1;ITC11;ITC;ITC1;ITC11;
Borgomasino;B021;1;201;1;31;1031;Nord-ovest;Piemonte;Torino;3;1031;1031;1031;ITC;ITC1;ITC11;ITC;ITC1;ITC11;
Borgone Susa;B024;1;201;1;32;1032;Nord-ovest;Piemonte;Torino;3;1032;1032;1032;ITC;ITC1;ITC11;ITC;ITC1;ITC11;
Bosconero;B075;1;201;1;33;1033;Nord-ovest;Piemonte;Torino;3;1033;1033;1033;ITC;ITC1;ITC11;ITC;ITC1;ITC11;
Brandizzo;B121;1;201;1;34;1034;Nord-ovest;Piemonte;Torino;3;1034;1034;1034;ITC;ITC1;ITC11;ITC;ITC1;ITC11;
Bricherasio;B171;1;201;1;35;1035;Nord-ovest;Piemonte;Torino;3;1035;1035;1035;ITC;ITC1;ITC11;ITC;ITC1;ITC11;
Brosso;B205;1;201;1;36;1036;Nord-ovest;Piemonte;Torino;3;1036;1036;1036;ITC;ITC1;ITC11;ITC;ITC1;ITC11;
Brozolo;B209;1;201;1;37;1037;Nord-ovest;Piemonte;Torino;3;1037;1037;1037;ITC;ITC1;ITC11;ITC;ITC1;ITC11;
Bruino;B216;1;201;1;38;1038;Nord-ovest;Piemonte;Torino;3;1038;1038;1038;ITC;ITC1;ITC11;ITC;ITC1;ITC11;
Brusasco;B225;1;201;1;39;1039;Nord-ovest;Piemonte;Torino;3;1039;1039;1039;ITC;ITC1;ITC11;ITC;ITC1;ITC11;
Bruzolo;B232;1;201;1;40;1040;Nord-ovest;Piemonte;Torino;3;1040;1040;1040;ITC;ITC1;ITC11;ITC;ITC1;ITC11;
Buriasco;B278;1;201;1;41;1041;Nord-ovest;Piemonte;Torino;3;1041;1041;1041;ITC;ITC1;ITC11;ITC;ITC1;ITC11;
Burolo;B279;1;201;1;42;1042;Nord-ovest;Piemonte;Torino;3;1042;1042;1042;ITC;ITC1;ITC11;ITC;ITC1;ITC11;
Busano;B284;1;201;1;43;1043;Nord-ovest;Piemonte;Torino;3;1043;1043;1043;ITC;ITC1;ITC11;ITC;ITC1;ITC11;
Bussoleno;B297;1;201;1;44;1044;Nord-ovest;Piemonte;Torino;3;1044;1044;1044;ITC;ITC1;ITC11;ITC;ITC1;ITC11;
Buttigliera Alta;B305;1;201;1;45;1045;Nord-ovest;Piemonte;Torino;3;1045;1045;1045;ITC;ITC1;ITC11;ITC;ITC1;ITC11;
Cafasse;B350;1;201;1;46;1046;Nord-ovest;Piemonte;Torino;3;1046;1046;1046;ITC;ITC1;ITC11;ITC;ITC1;ITC11;
Caluso;B435;1;201;1;47;1047;Nord-ovest;Piemonte;Torino;3;1047;1047;1047;ITC;ITC1;ITC11;ITC;ITC1;ITC11;
Cambiano;B462;1;201;1;48;1048;Nord-ovest;Piemonte;Torino;3;1048;1048;1048;ITC;ITC1;ITC11;ITC;ITC1;ITC11;
Campiglione Fenile;B512;1;201;1;49;1049;Nord-ovest;Piemonte;Torino;3;1049;1049;1049;ITC;ITC1;ITC11;ITC;ITC1;ITC11;
Candia Canavese;B588;1;201;1;50;1050;Nord-ovest;Piemonte;Torino;3;1050;1050;1050;ITC;ITC1;ITC11;ITC;ITC1;ITC11;
Candiolo;B592;1;201;1;51;1051;Nord-ovest;Piemonte;Torino;3;1051;1051;1051;ITC;ITC1;ITC11;ITC;ITC1;ITC11;
Canischio;B605;1;201;1;52;1052;Nord-ovest;Piemonte;Torino;3;1052;1052;1052;ITC;ITC1;ITC11;ITC;ITC1;ITC11;
Cantalupa;B628;1;201;1;53;1053;Nord-ovest;Piemonte;Torino;3;1053;1053;1053;ITC;ITC1;ITC11;ITC;ITC1;ITC11;
Cantoira;B637;1;201;1;54;1054;Nord-ovest;Piemonte;Torino;3;1054;1054;1054;ITC;ITC1;ITC11;ITC;ITC1;ITC11;
Caprie;B705;1;201;1;55;1055;Nord-ovest;Piemonte;Torino;3;1055;1055;1055;ITC;ITC1;ITC11;ITC;ITC1;ITC11;
Caravino;B733;1;201;1;56;1056;Nord-ovest;Piemonte;Torino;3;1056;1056;1056;ITC;ITC1;ITC11;ITC;ITC1;ITC11;
Carema;B762;1;201;1;57;1057;Nord-ovest;Piemonte;Torino;3;1057;1057;1057;ITC;ITC1;ITC11;ITC;ITC1;ITC11;
Carignano;B777;1;201;1;58;1058;Nord-ovest;Piemonte;Torino;3;1058;1058;1058;ITC;ITC1;ITC11;ITC;ITC1;ITC11;
Carmagnola;B791;1;201;1;59;1059;Nord-ovest;Piemonte;Torino;3;1059;1059;1059;ITC;ITC1;ITC11;ITC;ITC1;ITC11;
Casalborgone;B867;1;201;1;60;1060;Nord-ovest;Piemonte;Torino;3;1060;1060;1060;ITC;ITC1;ITC11;ITC;ITC1;ITC11;
Cascinette d'Ivrea;B953;1;201;1;61;1061;Nord-ovest;Piemonte;Torino;3;1061;1061;1061;ITC;ITC1;ITC11;ITC;ITC1;ITC11;
Caselette;B955;1;201;1;62;1062;Nord-ovest;Piemonte;Torino;3;1062;1062;1062;ITC;ITC1;ITC11;ITC;ITC1;ITC11;
Caselle Torinese;B960;1;201;1;63;1063;Nord-ovest;Piemonte;Torino;3;1063;1063;1063;ITC;ITC1;ITC11;ITC;ITC1;ITC11;
Castagneto Po;C045;1;201;1;64;1064;Nord-ovest;Piemonte;Torino;3;1064;1064;1064;ITC;ITC1;ITC11;ITC;ITC1;ITC11;
Castagnole Piemonte;C048;1;201;1;65;1065;Nord-ovest;Piemonte;Torino;3;1065;1065;1065;ITC;ITC1;ITC11;ITC;ITC1;ITC11;
Castellamonte;C133;1;201;1;66;1066;Nord-ovest;Piemonte;Torino;3;1066;1066;1066;ITC;ITC1;ITC11;ITC;ITC1;ITC11;
Castelnuovo Nigra;C241;1;201;1;67;1067;Nord-ovest;Piemonte;Torino;3;1067;1067;1067;ITC;ITC1;ITC11;ITC;ITC1;ITC11;
Castiglione Torinese;C307;1;201;1;68;1068;Nord-ovest;Piemonte;Torino;3;1068;1068;1068;ITC;ITC1;ITC11;ITC;ITC1;ITC11;
Cavagnolo;C369;1;201;1;69;1069;Nord-ovest;Piemonte;Torino;3;1069;1069;1069;ITC;ITC1;ITC11;ITC;ITC1;ITC11;
Cavour;C404;1;201;1;70;1070;Nord-ovest;Piemonte;Torino;3;1070;1070;1070;ITC;ITC1;ITC11;ITC;ITC1;ITC11;
Cercenasco;C487;1;201;1;71;1071;Nord-ovest;Piemonte;Torino;3;1071;1071;1071;ITC;ITC1;ITC11;ITC;ITC1;ITC11;
Ceres;C497;1;201;1;72;1072;Nord-ovest;Piemonte;Torino;3;1072;1072;1072;ITC;ITC1;ITC11;ITC;ITC1;ITC11;
Ceresole Reale;C505;1;201;1;73;1073;Nord-ovest;Piemonte;Torino;3;1073;1073;1073;ITC;ITC1;ITC11;ITC;ITC1;ITC11;
Cesana Torinese;C564;1;201;1;74;1074;Nord-ovest;Piemonte;Torino;3;1074;1074;1074;ITC;ITC1;ITC11;ITC;ITC1;ITC11;
Chialamberto;C604;1;201;1;75;1075;Nord-ovest;Piemonte;Torino;3;1075;1075;1075;ITC;ITC1;ITC11;ITC;ITC1;ITC11;
Chianocco;C610;1;201;1;76;1076;Nord-ovest;Piemonte;Torino;3;1076;1076;1076;ITC;ITC1;ITC11;ITC;ITC1;ITC11;
Chiaverano;C624;1;201;1;77;1077;Nord-ovest;Piemonte;Torino;3;1077;1077;1077;ITC;ITC1;ITC11;ITC;ITC1;ITC11;
Chieri;C627;1;201;1;78;1078;Nord-ovest;Piemonte;Torino;3;1078;1078;1078;ITC;ITC1;ITC11;ITC;ITC1;ITC11;
Chiesanuova;C629;1;201;1;79;1079;Nord-ovest;Piemonte;Torino;3;1079;1079;1079;ITC;ITC1;ITC11;ITC;ITC1;ITC11;
Chiomonte;C639;1;201;1;80;1080;Nord-ovest;Piemonte;Torino;3;1080;1080;1080;ITC;ITC1;ITC11;ITC;ITC1;ITC11;
Chiusa di San Michele;C655;1;201;1;81;1081;Nord-ovest;Piemonte;Torino;3;1081;1081;1081;ITC;ITC1;ITC11;ITC;ITC1;ITC11;
Chivasso;C665;1;201;1;82;1082;Nord-ovest;Piemonte;Torino;3;1082;1082;1082;ITC;ITC1;ITC11;ITC;ITC1;ITC11;
Ciconio;C679;1;201;1;83;1083;Nord-ovest;Piemonte;Torino;3;1083;1083;1083;ITC;ITC1;ITC11;ITC;ITC1;ITC11;
Cintano;C711;1;201;1;84;1084;Nord-ovest;Piemonte;Torino;3;1084;1084;1084;ITC;ITC1;ITC11;ITC;ITC1;ITC11;
Cinzano;C715;1;201;1;85;1085;Nord-ovest;Piemonte;Torino;3;1085;1085;1085;ITC;ITC1;ITC11;ITC;ITC1;ITC11;
CiriË;C722;1;201;1;86;1086;Nord-ovest;Piemonte;Torino;3;1086;1086;1086;ITC;ITC1;ITC11;ITC;ITC1;ITC11;
Claviere;C793;1;201;1;87;1087;Nord-ovest;Piemonte;Torino;3;1087;1087;1087;ITC;ITC1;ITC11;ITC;ITC1;ITC11;
Coassolo Torinese;C801;1;201;1;88;1088;Nord-ovest;Piemonte;Torino;3;1088;1088;1088;ITC;ITC1;ITC11;ITC;ITC1;ITC11;
Coazze;C803;1;201;1;89;1089;Nord-ovest;Piemonte;Torino;3;1089;1089;1089;ITC;ITC1;ITC11;ITC;ITC1;ITC11;
Collegno;C860;1;201;1;90;1090;Nord-ovest;Piemonte;Torino;3;1090;1090;1090;ITC;ITC1;ITC11;ITC;ITC1;ITC11;
Colleretto Castelnuovo;C867;1;201;1;91;1091;Nord-ovest;Piemonte;Torino;3;1091;1091;1091;ITC;ITC1;ITC11;ITC;ITC1;ITC11;
Colleretto Giacosa;C868;1;201;1;92;1092;Nord-ovest;Piemonte;Torino;3;1092;1092;1092;ITC;ITC1;ITC11;ITC;ITC1;ITC11;
Condove;C955;1;201;1;93;1093;Nord-ovest;Piemonte;Torino;3;1093;1093;1093;ITC;ITC1;ITC11;ITC;ITC1;ITC11;
Corio;D008;1;201;1;94;1094;Nord-ovest;Piemonte;Torino;3;1094;1094;1094;ITC;ITC1;ITC11;ITC;ITC1;ITC11;
Cossano Canavese;D092;1;201;1;95;1095;Nord-ovest;Piemonte;Torino;3;1095;1095;1095;ITC;ITC1;ITC11;ITC;ITC1;ITC11;
Cuceglio;D197;1;201;1;96;1096;Nord-ovest;Piemonte;Torino;3;1096;1096;1096;ITC;ITC1;ITC11;ITC;ITC1;ITC11;
Cumiana;D202;1;201;1;97;1097;Nord-ovest;Piemonte;Torino;3;1097;1097;1097;ITC;ITC1;ITC11;ITC;ITC1;ITC11;
CuorgnË;D208;1;201;1;98;1098;Nord-ovest;Piemonte;Torino;3;1098;1098;1098;ITC;ITC1;ITC11;ITC;ITC1;ITC11;
Druento;D373;1;201;1;99;1099;Nord-ovest;Piemonte;Torino;3;1099;1099;1099;ITC;ITC1;ITC11;ITC;ITC1;ITC11;
Exilles;D433;1;201;1;100;1100;Nord-ovest;Piemonte;Torino;3;1100;1100;1100;ITC;ITC1;ITC11;ITC;ITC1;ITC11;
Favria;D520;1;201;1;101;1101;Nord-ovest;Piemonte;Torino;3;1101;1101;1101;ITC;ITC1;ITC11;ITC;ITC1;ITC11;
Feletto;D524;1;201;1;102;1102;Nord-ovest;Piemonte;Torino;3;1102;1102;1102;ITC;ITC1;ITC11;ITC;ITC1;ITC11;
Fenestrelle;D532;1;201;1;103;1103;Nord-ovest;Piemonte;Torino;3;1103;1103;1103;ITC;ITC1;ITC11;ITC;ITC1;ITC11;
Fiano;D562;1;201;1;104;1104;Nord-ovest;Piemonte;Torino;3;1104;1104;1104;ITC;ITC1;ITC11;ITC;ITC1;ITC11;
Fiorano Canavese;D608;1;201;1;105;1105;Nord-ovest;Piemonte;Torino;3;1105;1105;1105;ITC;ITC1;ITC11;ITC;ITC1;ITC11;
Foglizzo;D646;1;201;1;106;1106;Nord-ovest;Piemonte;Torino;3;1106;1106;1106;ITC;ITC1;ITC11;ITC;ITC1;ITC11;
Forno Canavese;D725;1;201;1;107;1107;Nord-ovest;Piemonte;Torino;3;1107;1107;1107;ITC;ITC1;ITC11;ITC;ITC1;ITC11;
Frassinetto;D781;1;201;1;108;1108;Nord-ovest;Piemonte;Torino;3;1108;1108;1108;ITC;ITC1;ITC11;ITC;ITC1;ITC11;
Front;D805;1;201;1;109;1109;Nord-ovest;Piemonte;Torino;3;1109;1109;1109;ITC;ITC1;ITC11;ITC;ITC1;ITC11;
Frossasco;D812;1;201;1;110;1110;Nord-ovest;Piemonte;Torino;3;1110;1110;1110;ITC;ITC1;ITC11;ITC;ITC1;ITC11;
Garzigliana;D931;1;201;1;111;1111;Nord-ovest;Piemonte;Torino;3;1111;1111;1111;ITC;ITC1;ITC11;ITC;ITC1;ITC11;
Gassino Torinese;D933;1;201;1;112;1112;Nord-ovest;Piemonte;Torino;3;1112;1112;1112;ITC;ITC1;ITC11;ITC;ITC1;ITC11;
Germagnano;D983;1;201;1;113;1113;Nord-ovest;Piemonte;Torino;3;1113;1113;1113;ITC;ITC1;ITC11;ITC;ITC1;ITC11;
Giaglione;E009;1;201;1;114;1114;Nord-ovest;Piemonte;Torino;3;1114;1114;1114;ITC;ITC1;ITC11;ITC;ITC1;ITC11;
Giaveno;E020;1;201;1;115;1115;Nord-ovest;Piemonte;Torino;3;1115;1115;1115;ITC;ITC1;ITC11;ITC;ITC1;ITC11;
Givoletto;E067;1;201;1;116;1116;Nord-ovest;Piemonte;Torino;3;1116;1116;1116;ITC;ITC1;ITC11;ITC;ITC1;ITC11;
Gravere;E154;1;201;1;117;1117;Nord-ovest;Piemonte;Torino;3;1117;1117;1117;ITC;ITC1;ITC11;ITC;ITC1;ITC11;
Groscavallo;E199;1;201;1;118;1118;Nord-ovest;Piemonte;Torino;3;1118;1118;1118;ITC;ITC1;ITC11;ITC;ITC1;ITC11;
Grosso;E203;1;201;1;119;1119;Nord-ovest;Piemonte;Torino;3;1119;1119;1119;ITC;ITC1;ITC11;ITC;ITC1;ITC11;
Grugliasco;E216;1;201;1;120;1120;Nord-ovest;Piemonte;Torino;3;1120;1120;1120;ITC;ITC1;ITC11;ITC;ITC1;ITC11;
Ingria;E301;1;201;1;121;1121;Nord-ovest;Piemonte;Torino;3;1121;1121;1121;ITC;ITC1;ITC11;ITC;ITC1;ITC11;
Inverso Pinasca;E311;1;201;1;122;1122;Nord-ovest;Piemonte;Torino;3;1122;1122;1122;ITC;ITC1;ITC11;ITC;ITC1;ITC11;
Isolabella;E345;1;201;1;123;1123;Nord-ovest;Piemonte;Torino;3;1123;1123;1123;ITC;ITC1;ITC11;ITC;ITC1;ITC11;
Issiglio;E368;1;201;1;124;1124;Nord-ovest;Piemonte;Torino;3;1124;1124;1124;ITC;ITC1;ITC11;ITC;ITC1;ITC11;
Ivrea;E379;1;201;1;125;1125;Nord-ovest;Piemonte;Torino;3;1125;1125;1125;ITC;ITC1;ITC11;ITC;ITC1;ITC11;
La Cassa;E394;1;201;1;126;1126;Nord-ovest;Piemonte;Torino;3;1126;1126;1126;ITC;ITC1;ITC11;ITC;ITC1;ITC11;
La Loggia;E423;1;201;1;127;1127;Nord-ovest;Piemonte;Torino;3;1127;1127;1127;ITC;ITC1;ITC11;ITC;ITC1;ITC11;
Lanzo Torinese;E445;1;201;1;128;1128;Nord-ovest;Piemonte;Torino;3;1128;1128;1128;ITC;ITC1;ITC11;ITC;ITC1;ITC11;
Lauriano;E484;1;201;1;129;1129;Nord-ovest;Piemonte;Torino;3;1129;1129;1129;ITC;ITC1;ITC11;ITC;ITC1;ITC11;
Leini;E518;1;201;1;130;1130;Nord-ovest;Piemonte;Torino;3;1130;1130;1130;ITC;ITC1;ITC11;ITC;ITC1;ITC11;
Lemie;E520;1;201;1;131;1131;Nord-ovest;Piemonte;Torino;3;1131;1131;1131;ITC;ITC1;ITC11;ITC;ITC1;ITC11;
Lessolo;E551;1;201;1;132;1132;Nord-ovest;Piemonte;Torino;3;1132;1132;1132;ITC;ITC1;ITC11;ITC;ITC1;ITC11;
Levone;E566;1;201;1;133;1133;Nord-ovest;Piemonte;Torino;3;1133;1133;1133;ITC;ITC1;ITC11;ITC;ITC1;ITC11;
Locana;E635;1;201;1;134;1134;Nord-ovest;Piemonte;Torino;3;1134;1134;1134;ITC;ITC1;ITC11;ITC;ITC1;ITC11;
Lombardore;E660;1;201;1;135;1135;Nord-ovest;Piemonte;Torino;3;1135;1135;1135;ITC;ITC1;ITC11;ITC;ITC1;ITC11;
Lombriasco;E661;1;201;1;136;1136;Nord-ovest;Piemonte;Torino;3;1136;1136;1136;ITC;ITC1;ITC11;ITC;ITC1;ITC11;
LoranzË;E683;1;201;1;137;1137;Nord-ovest;Piemonte;Torino;3;1137;1137;1137;ITC;ITC1;ITC11;ITC;ITC1;ITC11;
Luserna San Giovanni;E758;1;201;1;139;1139;Nord-ovest;Piemonte;Torino;3;1139;1139;1139;ITC;ITC1;ITC11;ITC;ITC1;ITC11;
Lusernetta;E759;1;201;1;140;1140;Nord-ovest;Piemonte;Torino;3;1140;1140;1140;ITC;ITC1;ITC11;ITC;ITC1;ITC11;
LusigliË;E763;1;201;1;141;1141;Nord-ovest;Piemonte;Torino;3;1141;1141;1141;ITC;ITC1;ITC11;ITC;ITC1;ITC11;
Macello;E782;1;201;1;142;1142;Nord-ovest;Piemonte;Torino;3;1142;1142;1142;ITC;ITC1;ITC11;ITC;ITC1;ITC11;
Maglione;E817;1;201;1;143;1143;Nord-ovest;Piemonte;Torino;3;1143;1143;1143;ITC;ITC1;ITC11;ITC;ITC1;ITC11;
Marentino;E941;1;201;1;144;1144;Nord-ovest;Piemonte;Torino;3;1144;1144;1144;ITC;ITC1;ITC11;ITC;ITC1;ITC11;
Massello;F041;1;201;1;145;1145;Nord-ovest;Piemonte;Torino;3;1145;1145;1145;ITC;ITC1;ITC11;ITC;ITC1;ITC11;
Mathi;F053;1;201;1;146;1146;Nord-ovest;Piemonte;Torino;3;1146;1146;1146;ITC;ITC1;ITC11;ITC;ITC1;ITC11;
Mattie;F058;1;201;1;147;1147;Nord-ovest;Piemonte;Torino;3;1147;1147;1147;ITC;ITC1;ITC11;ITC;ITC1;ITC11;
MazzË;F067;1;201;1;148;1148;Nord-ovest;Piemonte;Torino;3;1148;1148;1148;ITC;ITC1;ITC11;ITC;ITC1;ITC11;
Meana di Susa;F074;1;201;1;149;1149;Nord-ovest;Piemonte;Torino;3;1149;1149;1149;ITC;ITC1;ITC11;ITC;ITC1;ITC11;
Mercenasco;F140;1;201;1;150;1150;Nord-ovest;Piemonte;Torino;3;1150;1150;1150;ITC;ITC1;ITC11;ITC;ITC1;ITC11;
Mezzenile;F182;1;201;1;152;1152;Nord-ovest;Piemonte;Torino;3;1152;1152;1152;ITC;ITC1;ITC11;ITC;ITC1;ITC11;
Mombello di Torino;F315;1;201;1;153;1153;Nord-ovest;Piemonte;Torino;3;1153;1153;1153;ITC;ITC1;ITC11;ITC;ITC1;ITC11;
Mompantero;F318;1;201;1;154;1154;Nord-ovest;Piemonte;Torino;3;1154;1154;1154;ITC;ITC1;ITC11;ITC;ITC1;ITC11;
Monastero di Lanzo;F327;1;201;1;155;1155;Nord-ovest;Piemonte;Torino;3;1155;1155;1155;ITC;ITC1;ITC11;ITC;ITC1;ITC11;
Moncalieri;F335;1;201;1;156;1156;Nord-ovest;Piemonte;Torino;3;1156;1156;1156;ITC;ITC1;ITC11;ITC;ITC1;ITC11;
Moncenisio;D553;1;201;1;157;1157;Nord-ovest;Piemonte;Torino;3;1157;1157;1157;ITC;ITC1;ITC11;ITC;ITC1;ITC11;
Montaldo Torinese;F407;1;201;1;158;1158;Nord-ovest;Piemonte;Torino;3;1158;1158;1158;ITC;ITC1;ITC11;ITC;ITC1;ITC11;
Montalenghe;F411;1;201;1;159;1159;Nord-ovest;Piemonte;Torino;3;1159;1159;1159;ITC;ITC1;ITC11;ITC;ITC1;ITC11;
Montalto Dora;F420;1;201;1;160;1160;Nord-ovest;Piemonte;Torino;3;1160;1160;1160;ITC;ITC1;ITC11;ITC;ITC1;ITC11;
Montanaro;F422;1;201;1;161;1161;Nord-ovest;Piemonte;Torino;3;1161;1161;1161;ITC;ITC1;ITC11;ITC;ITC1;ITC11;
Monteu da Po;F651;1;201;1;162;1162;Nord-ovest;Piemonte;Torino;3;1162;1162;1162;ITC;ITC1;ITC11;ITC;ITC1;ITC11;
Moriondo Torinese;F733;1;201;1;163;1163;Nord-ovest;Piemonte;Torino;3;1163;1163;1163;ITC;ITC1;ITC11;ITC;ITC1;ITC11;
Nichelino;F889;1;201;1;164;1164;Nord-ovest;Piemonte;Torino;3;1164;1164;1164;ITC;ITC1;ITC11;ITC;ITC1;ITC11;
Noasca;F906;1;201;1;165;1165;Nord-ovest;Piemonte;Torino;3;1165;1165;1165;ITC;ITC1;ITC11;ITC;ITC1;ITC11;
Nole;F925;1;201;1;166;1166;Nord-ovest;Piemonte;Torino;3;1166;1166;1166;ITC;ITC1;ITC11;ITC;ITC1;ITC11;
Nomaglio;F927;1;201;1;167;1167;Nord-ovest;Piemonte;Torino;3;1167;1167;1167;ITC;ITC1;ITC11;ITC;ITC1;ITC11;
None;F931;1;201;1;168;1168;Nord-ovest;Piemonte;Torino;3;1168;1168;1168;ITC;ITC1;ITC11;ITC;ITC1;ITC11;
Novalesa;F948;1;201;1;169;1169;Nord-ovest;Piemonte;Torino;3;1169;1169;1169;ITC;ITC1;ITC11;ITC;ITC1;ITC11;
Oglianico;G010;1;201;1;170;1170;Nord-ovest;Piemonte;Torino;3;1170;1170;1170;ITC;ITC1;ITC11;ITC;ITC1;ITC11;
Orbassano;G087;1;201;1;171;1171;Nord-ovest;Piemonte;Torino;3;1171;1171;1171;ITC;ITC1;ITC11;ITC;ITC1;ITC11;
Orio Canavese;G109;1;201;1;172;1172;Nord-ovest;Piemonte;Torino;3;1172;1172;1172;ITC;ITC1;ITC11;ITC;ITC1;ITC11;
Osasco;G151;1;201;1;173;1173;Nord-ovest;Piemonte;Torino;3;1173;1173;1173;ITC;ITC1;ITC11;ITC;ITC1;ITC11;
Osasio;G152;1;201;1;174;1174;Nord-ovest;Piemonte;Torino;3;1174;1174;1174;ITC;ITC1;ITC11;ITC;ITC1;ITC11;
Oulx;G196;1;201;1;175;1175;Nord-ovest;Piemonte;Torino;3;1175;1175;1175;ITC;ITC1;ITC11;ITC;ITC1;ITC11;
Ozegna;G202;1;201;1;176;1176;Nord-ovest;Piemonte;Torino;3;1176;1176;1176;ITC;ITC1;ITC11;ITC;ITC1;ITC11;
Palazzo Canavese;G262;1;201;1;177;1177;Nord-ovest;Piemonte;Torino;3;1177;1177;1177;ITC;ITC1;ITC11;ITC;ITC1;ITC11;
Pancalieri;G303;1;201;1;178;1178;Nord-ovest;Piemonte;Torino;3;1178;1178;1178;ITC;ITC1;ITC11;ITC;ITC1;ITC11;
Parella;G330;1;201;1;179;1179;Nord-ovest;Piemonte;Torino;3;1179;1179;1179;ITC;ITC1;ITC11;ITC;ITC1;ITC11;
Pavarolo;G387;1;201;1;180;1180;Nord-ovest;Piemonte;Torino;3;1180;1180;1180;ITC;ITC1;ITC11;ITC;ITC1;ITC11;
Pavone Canavese;G392;1;201;1;181;1181;Nord-ovest;Piemonte;Torino;3;1181;1181;1181;ITC;ITC1;ITC11;ITC;ITC1;ITC11;
Pecetto Torinese;G398;1;201;1;183;1183;Nord-ovest;Piemonte;Torino;3;1183;1183;1183;ITC;ITC1;ITC11;ITC;ITC1;ITC11;
Perosa Argentina;G463;1;201;1;184;1184;Nord-ovest;Piemonte;Torino;3;1184;1184;1184;ITC;ITC1;ITC11;ITC;ITC1;ITC11;
Perosa Canavese;G462;1;201;1;185;1185;Nord-ovest;Piemonte;Torino;3;1185;1185;1185;ITC;ITC1;ITC11;ITC;ITC1;ITC11;
Perrero;G465;1;201;1;186;1186;Nord-ovest;Piemonte;Torino;3;1186;1186;1186;ITC;ITC1;ITC11;ITC;ITC1;ITC11;
Pertusio;G477;1;201;1;187;1187;Nord-ovest;Piemonte;Torino;3;1187;1187;1187;ITC;ITC1;ITC11;ITC;ITC1;ITC11;
Pessinetto;G505;1;201;1;188;1188;Nord-ovest;Piemonte;Torino;3;1188;1188;1188;ITC;ITC1;ITC11;ITC;ITC1;ITC11;
Pianezza;G559;1;201;1;189;1189;Nord-ovest;Piemonte;Torino;3;1189;1189;1189;ITC;ITC1;ITC11;ITC;ITC1;ITC11;
Pinasca;G672;1;201;1;190;1190;Nord-ovest;Piemonte;Torino;3;1190;1190;1190;ITC;ITC1;ITC11;ITC;ITC1;ITC11;
Pinerolo;G674;1;201;1;191;1191;Nord-ovest;Piemonte;Torino;3;1191;1191;1191;ITC;ITC1;ITC11;ITC;ITC1;ITC11;
Pino Torinese;G678;1;201;1;192;1192;Nord-ovest;Piemonte;Torino;3;1192;1192;1192;ITC;ITC1;ITC11;ITC;ITC1;ITC11;
Piobesi Torinese;G684;1;201;1;193;1193;Nord-ovest;Piemonte;Torino;3;1193;1193;1193;ITC;ITC1;ITC11;ITC;ITC1;ITC11;
Piossasco;G691;1;201;1;194;1194;Nord-ovest;Piemonte;Torino;3;1194;1194;1194;ITC;ITC1;ITC11;ITC;ITC1;ITC11;
Piscina;G705;1;201;1;195;1195;Nord-ovest;Piemonte;Torino;3;1195;1195;1195;ITC;ITC1;ITC11;ITC;ITC1;ITC11;
Piverone;G719;1;201;1;196;1196;Nord-ovest;Piemonte;Torino;3;1196;1196;1196;ITC;ITC1;ITC11;ITC;ITC1;ITC11;
Poirino;G777;1;201;1;197;1197;Nord-ovest;Piemonte;Torino;3;1197;1197;1197;ITC;ITC1;ITC11;ITC;ITC1;ITC11;
Pomaretto;G805;1;201;1;198;1198;Nord-ovest;Piemonte;Torino;3;1198;1198;1198;ITC;ITC1;ITC11;ITC;ITC1;ITC11;
Pont Canavese;G826;1;201;1;199;1199;Nord-ovest;Piemonte;Torino;3;1199;1199;1199;ITC;ITC1;ITC11;ITC;ITC1;ITC11;
Porte;G900;1;201;1;200;1200;Nord-ovest;Piemonte;Torino;3;1200;1200;1200;ITC;ITC1;ITC11;ITC;ITC1;ITC11;
Pragelato;G973;1;201;1;201;1201;Nord-ovest;Piemonte;Torino;3;1201;1201;1201;ITC;ITC1;ITC11;ITC;ITC1;ITC11;
Prali;G978;1;201;1;202;1202;Nord-ovest;Piemonte;Torino;3;1202;1202;1202;ITC;ITC1;ITC11;ITC;ITC1;ITC11;
Pralormo;G979;1;201;1;203;1203;Nord-ovest;Piemonte;Torino;3;1203;1203;1203;ITC;ITC1;ITC11;ITC;ITC1;ITC11;
Pramollo;G982;1;201;1;204;1204;Nord-ovest;Piemonte;Torino;3;1204;1204;1204;ITC;ITC1;ITC11;ITC;ITC1;ITC11;
Prarostino;G986;1;201;1;205;1205;Nord-ovest;Piemonte;Torino;3;1205;1205;1205;ITC;ITC1;ITC11;ITC;ITC1;ITC11;
Prascorsano;G988;1;201;1;206;1206;Nord-ovest;Piemonte;Torino;3;1206;1206;1206;ITC;ITC1;ITC11;ITC;ITC1;ITC11;
Pratiglione;G997;1;201;1;207;1207;Nord-ovest;Piemonte;Torino;3;1207;1207;1207;ITC;ITC1;ITC11;ITC;ITC1;ITC11;
Quagliuzzo;H100;1;201;1;208;1208;Nord-ovest;Piemonte;Torino;3;1208;1208;1208;ITC;ITC1;ITC11;ITC;ITC1;ITC11;
Quassolo;H120;1;201;1;209;1209;Nord-ovest;Piemonte;Torino;3;1209;1209;1209;ITC;ITC1;ITC11;ITC;ITC1;ITC11;
Quincinetto;H127;1;201;1;210;1210;Nord-ovest;Piemonte;Torino;3;1210;1210;1210;ITC;ITC1;ITC11;ITC;ITC1;ITC11;
Reano;H207;1;201;1;211;1211;Nord-ovest;Piemonte;Torino;3;1211;1211;1211;ITC;ITC1;ITC11;ITC;ITC1;ITC11;
Ribordone;H270;1;201;1;212;1212;Nord-ovest;Piemonte;Torino;3;1212;1212;1212;ITC;ITC1;ITC11;ITC;ITC1;ITC11;
Rivalba;H333;1;201;1;213;1213;Nord-ovest;Piemonte;Torino;3;1213;1213;1213;ITC;ITC1;ITC11;ITC;ITC1;ITC11;
Rivalta di Torino;H335;1;201;1;214;1214;Nord-ovest;Piemonte;Torino;3;1214;1214;1214;ITC;ITC1;ITC11;ITC;ITC1;ITC11;
Riva presso Chieri;H337;1;201;1;215;1215;Nord-ovest;Piemonte;Torino;3;1215;1215;1215;ITC;ITC1;ITC11;ITC;ITC1;ITC11;
Rivara;H338;1;201;1;216;1216;Nord-ovest;Piemonte;Torino;3;1216;1216;1216;ITC;ITC1;ITC11;ITC;ITC1;ITC11;
Rivarolo Canavese;H340;1;201;1;217;1217;Nord-ovest;Piemonte;Torino;3;1217;1217;1217;ITC;ITC1;ITC11;ITC;ITC1;ITC11;
Rivarossa;H344;1;201;1;218;1218;Nord-ovest;Piemonte;Torino;3;1218;1218;1218;ITC;ITC1;ITC11;ITC;ITC1;ITC11;
Rivoli;H355;1;201;1;219;1219;Nord-ovest;Piemonte;Torino;3;1219;1219;1219;ITC;ITC1;ITC11;ITC;ITC1;ITC11;
Robassomero;H367;1;201;1;220;1220;Nord-ovest;Piemonte;Torino;3;1220;1220;1220;ITC;ITC1;ITC11;ITC;ITC1;ITC11;
Rocca Canavese;H386;1;201;1;221;1221;Nord-ovest;Piemonte;Torino;3;1221;1221;1221;ITC;ITC1;ITC11;ITC;ITC1;ITC11;
Roletto;H498;1;201;1;222;1222;Nord-ovest;Piemonte;Torino;3;1222;1222;1222;ITC;ITC1;ITC11;ITC;ITC1;ITC11;
Romano Canavese;H511;1;201;1;223;1223;Nord-ovest;Piemonte;Torino;3;1223;1223;1223;ITC;ITC1;ITC11;ITC;ITC1;ITC11;
Ronco Canavese;H539;1;201;1;224;1224;Nord-ovest;Piemonte;Torino;3;1224;1224;1224;ITC;ITC1;ITC11;ITC;ITC1;ITC11;
Rondissone;H547;1;201;1;225;1225;Nord-ovest;Piemonte;Torino;3;1225;1225;1225;ITC;ITC1;ITC11;ITC;ITC1;ITC11;
Ror‡;H554;1;201;1;226;1226;Nord-ovest;Piemonte;Torino;3;1226;1226;1226;ITC;ITC1;ITC11;ITC;ITC1;ITC11;
Roure;H555;1;201;1;227;1227;Nord-ovest;Piemonte;Torino;3;1227;1227;1227;ITC;ITC1;ITC11;ITC;ITC1;ITC11;
Rosta;H583;1;201;1;228;1228;Nord-ovest;Piemonte;Torino;3;1228;1228;1228;ITC;ITC1;ITC11;ITC;ITC1;ITC11;
Rubiana;H627;1;201;1;229;1229;Nord-ovest;Piemonte;Torino;3;1229;1229;1229;ITC;ITC1;ITC11;ITC;ITC1;ITC11;
Rueglio;H631;1;201;1;230;1230;Nord-ovest;Piemonte;Torino;3;1230;1230;1230;ITC;ITC1;ITC11;ITC;ITC1;ITC11;
Salassa;H691;1;201;1;231;1231;Nord-ovest;Piemonte;Torino;3;1231;1231;1231;ITC;ITC1;ITC11;ITC;ITC1;ITC11;
Salbertrand;H684;1;201;1;232;1232;Nord-ovest;Piemonte;Torino;3;1232;1232;1232;ITC;ITC1;ITC11;ITC;ITC1;ITC11;
Salerano Canavese;H702;1;201;1;233;1233;Nord-ovest;Piemonte;Torino;3;1233;1233;1233;ITC;ITC1;ITC11;ITC;ITC1;ITC11;
Salza di Pinerolo;H734;1;201;1;234;1234;Nord-ovest;Piemonte;Torino;3;1234;1234;1234;ITC;ITC1;ITC11;ITC;ITC1;ITC11;
Samone;H753;1;201;1;235;1235;Nord-ovest;Piemonte;Torino;3;1235;1235;1235;ITC;ITC1;ITC11;ITC;ITC1;ITC11;
San Benigno Canavese;H775;1;201;1;236;1236;Nord-ovest;Piemonte;Torino;3;1236;1236;1236;ITC;ITC1;ITC11;ITC;ITC1;ITC11;
San Carlo Canavese;H789;1;201;1;237;1237;Nord-ovest;Piemonte;Torino;3;1237;1237;1237;ITC;ITC1;ITC11;ITC;ITC1;ITC11;
San Colombano Belmonte;H804;1;201;1;238;1238;Nord-ovest;Piemonte;Torino;3;1238;1238;1238;ITC;ITC1;ITC11;ITC;ITC1;ITC11;
San Didero;H820;1;201;1;239;1239;Nord-ovest;Piemonte;Torino;3;1239;1239;1239;ITC;ITC1;ITC11;ITC;ITC1;ITC11;
San Francesco al Campo;H847;1;201;1;240;1240;Nord-ovest;Piemonte;Torino;3;1240;1240;1240;ITC;ITC1;ITC11;ITC;ITC1;ITC11;
Sangano;H855;1;201;1;241;1241;Nord-ovest;Piemonte;Torino;3;1241;1241;1241;ITC;ITC1;ITC11;ITC;ITC1;ITC11;
San Germano Chisone;H862;1;201;1;242;1242;Nord-ovest;Piemonte;Torino;3;1242;1242;1242;ITC;ITC1;ITC11;ITC;ITC1;ITC11;
San Gillio;H873;1;201;1;243;1243;Nord-ovest;Piemonte;Torino;3;1243;1243;1243;ITC;ITC1;ITC11;ITC;ITC1;ITC11;
San Giorgio Canavese;H890;1;201;1;244;1244;Nord-ovest;Piemonte;Torino;3;1244;1244;1244;ITC;ITC1;ITC11;ITC;ITC1;ITC11;
San Giorio di Susa;H900;1;201;1;245;1245;Nord-ovest;Piemonte;Torino;3;1245;1245;1245;ITC;ITC1;ITC11;ITC;ITC1;ITC11;
San Giusto Canavese;H936;1;201;1;246;1246;Nord-ovest;Piemonte;Torino;3;1246;1246;1246;ITC;ITC1;ITC11;ITC;ITC1;ITC11;
San Martino Canavese;H997;1;201;1;247;1247;Nord-ovest;Piemonte;Torino;3;1247;1247;1247;ITC;ITC1;ITC11;ITC;ITC1;ITC11;
San Maurizio Canavese;I024;1;201;1;248;1248;Nord-ovest;Piemonte;Torino;3;1248;1248;1248;ITC;ITC1;ITC11;ITC;ITC1;ITC11;
San Mauro Torinese;I030;1;201;1;249;1249;Nord-ovest;Piemonte;Torino;3;1249;1249;1249;ITC;ITC1;ITC11;ITC;ITC1;ITC11;
San Pietro Val Lemina;I090;1;201;1;250;1250;Nord-ovest;Piemonte;Torino;3;1250;1250;1250;ITC;ITC1;ITC11;ITC;ITC1;ITC11;
San Ponso;I126;1;201;1;251;1251;Nord-ovest;Piemonte;Torino;3;1251;1251;1251;ITC;ITC1;ITC11;ITC;ITC1;ITC11;
San Raffaele Cimena;I137;1;201;1;252;1252;Nord-ovest;Piemonte;Torino;3;1252;1252;1252;ITC;ITC1;ITC11;ITC;ITC1;ITC11;
San Sebastiano da Po;I152;1;201;1;253;1253;Nord-ovest;Piemonte;Torino;3;1253;1253;1253;ITC;ITC1;ITC11;ITC;ITC1;ITC11;
San Secondo di Pinerolo;I154;1;201;1;254;1254;Nord-ovest;Piemonte;Torino;3;1254;1254;1254;ITC;ITC1;ITC11;ITC;ITC1;ITC11;
Sant'Ambrogio di Torino;I258;1;201;1;255;1255;Nord-ovest;Piemonte;Torino;3;1255;1255;1255;ITC;ITC1;ITC11;ITC;ITC1;ITC11;
Sant'Antonino di Susa;I296;1;201;1;256;1256;Nord-ovest;Piemonte;Torino;3;1256;1256;1256;ITC;ITC1;ITC11;ITC;ITC1;ITC11;
Santena;I327;1;201;1;257;1257;Nord-ovest;Piemonte;Torino;3;1257;1257;1257;ITC;ITC1;ITC11;ITC;ITC1;ITC11;
Sauze di Cesana;I465;1;201;1;258;1258;Nord-ovest;Piemonte;Torino;3;1258;1258;1258;ITC;ITC1;ITC11;ITC;ITC1;ITC11;
Sauze d'Oulx;I466;1;201;1;259;1259;Nord-ovest;Piemonte;Torino;3;1259;1259;1259;ITC;ITC1;ITC11;ITC;ITC1;ITC11;
Scalenghe;I490;1;201;1;260;1260;Nord-ovest;Piemonte;Torino;3;1260;1260;1260;ITC;ITC1;ITC11;ITC;ITC1;ITC11;
Scarmagno;I511;1;201;1;261;1261;Nord-ovest;Piemonte;Torino;3;1261;1261;1261;ITC;ITC1;ITC11;ITC;ITC1;ITC11;
Sciolze;I539;1;201;1;262;1262;Nord-ovest;Piemonte;Torino;3;1262;1262;1262;ITC;ITC1;ITC11;ITC;ITC1;ITC11;
Sestriere;I692;1;201;1;263;1263;Nord-ovest;Piemonte;Torino;3;1263;1263;1263;ITC;ITC1;ITC11;ITC;ITC1;ITC11;
Settimo Rottaro;I701;1;201;1;264;1264;Nord-ovest;Piemonte;Torino;3;1264;1264;1264;ITC;ITC1;ITC11;ITC;ITC1;ITC11;
Settimo Torinese;I703;1;201;1;265;1265;Nord-ovest;Piemonte;Torino;3;1265;1265;1265;ITC;ITC1;ITC11;ITC;ITC1;ITC11;
Settimo Vittone;I702;1;201;1;266;1266;Nord-ovest;Piemonte;Torino;3;1266;1266;1266;ITC;ITC1;ITC11;ITC;ITC1;ITC11;
Sparone;I886;1;201;1;267;1267;Nord-ovest;Piemonte;Torino;3;1267;1267;1267;ITC;ITC1;ITC11;ITC;ITC1;ITC11;
Strambinello;I969;1;201;1;268;1268;Nord-ovest;Piemonte;Torino;3;1268;1268;1268;ITC;ITC1;ITC11;ITC;ITC1;ITC11;
Strambino;I970;1;201;1;269;1269;Nord-ovest;Piemonte;Torino;3;1269;1269;1269;ITC;ITC1;ITC11;ITC;ITC1;ITC11;
Susa;L013;1;201;1;270;1270;Nord-ovest;Piemonte;Torino;3;1270;1270;1270;ITC;ITC1;ITC11;ITC;ITC1;ITC11;
Tavagnasco;L066;1;201;1;271;1271;Nord-ovest;Piemonte;Torino;3;1271;1271;1271;ITC;ITC1;ITC11;ITC;ITC1;ITC11;
Torino;L219;1;201;1;272;1272;Nord-ovest;Piemonte;Torino;3;1272;1272;1272;ITC;ITC1;ITC11;ITC;ITC1;ITC11;
Torrazza Piemonte;L238;1;201;1;273;1273;Nord-ovest;Piemonte;Torino;3;1273;1273;1273;ITC;ITC1;ITC11;ITC;ITC1;ITC11;
Torre Canavese;L247;1;201;1;274;1274;Nord-ovest;Piemonte;Torino;3;1274;1274;1274;ITC;ITC1;ITC11;ITC;ITC1;ITC11;
Torre Pellice;L277;1;201;1;275;1275;Nord-ovest;Piemonte;Torino;3;1275;1275;1275;ITC;ITC1;ITC11;ITC;ITC1;ITC11;
Trana;L327;1;201;1;276;1276;Nord-ovest;Piemonte;Torino;3;1276;1276;1276;ITC;ITC1;ITC11;ITC;ITC1;ITC11;
Traversella;L345;1;201;1;278;1278;Nord-ovest;Piemonte;Torino;3;1278;1278;1278;ITC;ITC1;ITC11;ITC;ITC1;ITC11;
Traves;L340;1;201;1;279;1279;Nord-ovest;Piemonte;Torino;3;1279;1279;1279;ITC;ITC1;ITC11;ITC;ITC1;ITC11;
Trofarello;L445;1;201;1;280;1280;Nord-ovest;Piemonte;Torino;3;1280;1280;1280;ITC;ITC1;ITC11;ITC;ITC1;ITC11;
Usseaux;L515;1;201;1;281;1281;Nord-ovest;Piemonte;Torino;3;1281;1281;1281;ITC;ITC1;ITC11;ITC;ITC1;ITC11;
Usseglio;L516;1;201;1;282;1282;Nord-ovest;Piemonte;Torino;3;1282;1282;1282;ITC;ITC1;ITC11;ITC;ITC1;ITC11;
Vaie;L538;1;201;1;283;1283;Nord-ovest;Piemonte;Torino;3;1283;1283;1283;ITC;ITC1;ITC11;ITC;ITC1;ITC11;
Val della Torre;L555;1;201;1;284;1284;Nord-ovest;Piemonte;Torino;3;1284;1284;1284;ITC;ITC1;ITC11;ITC;ITC1;ITC11;
Valgioie;L578;1;201;1;285;1285;Nord-ovest;Piemonte;Torino;3;1285;1285;1285;ITC;ITC1;ITC11;ITC;ITC1;ITC11;
Vallo Torinese;L629;1;201;1;286;1286;Nord-ovest;Piemonte;Torino;3;1286;1286;1286;ITC;ITC1;ITC11;ITC;ITC1;ITC11;
Valperga;L644;1;201;1;287;1287;Nord-ovest;Piemonte;Torino;3;1287;1287;1287;ITC;ITC1;ITC11;ITC;ITC1;ITC11;
Valprato Soana;B510;1;201;1;288;1288;Nord-ovest;Piemonte;Torino;3;1288;1288;1288;ITC;ITC1;ITC11;ITC;ITC1;ITC11;
Varisella;L685;1;201;1;289;1289;Nord-ovest;Piemonte;Torino;3;1289;1289;1289;ITC;ITC1;ITC11;ITC;ITC1;ITC11;
Vauda Canavese;L698;1;201;1;290;1290;Nord-ovest;Piemonte;Torino;3;1290;1290;1290;ITC;ITC1;ITC11;ITC;ITC1;ITC11;
Venaus;L726;1;201;1;291;1291;Nord-ovest;Piemonte;Torino;3;1291;1291;1291;ITC;ITC1;ITC11;ITC;ITC1;ITC11;
Venaria Reale;L727;1;201;1;292;1292;Nord-ovest;Piemonte;Torino;3;1292;1292;1292;ITC;ITC1;ITC11;ITC;ITC1;ITC11;
Verolengo;L779;1;201;1;293;1293;Nord-ovest;Piemonte;Torino;3;1293;1293;1293;ITC;ITC1;ITC11;ITC;ITC1;ITC11;
Verrua Savoia;L787;1;201;1;294;1294;Nord-ovest;Piemonte;Torino;3;1294;1294;1294;ITC;ITC1;ITC11;ITC;ITC1;ITC11;
VestignË;L811;1;201;1;295;1295;Nord-ovest;Piemonte;Torino;3;1295;1295;1295;ITC;ITC1;ITC11;ITC;ITC1;ITC11;
VialfrË;L830;1;201;1;296;1296;Nord-ovest;Piemonte;Torino;3;1296;1296;1296;ITC;ITC1;ITC11;ITC;ITC1;ITC11;
Vidracco;L857;1;201;1;298;1298;Nord-ovest;Piemonte;Torino;3;1298;1298;1298;ITC;ITC1;ITC11;ITC;ITC1;ITC11;
Vigone;L898;1;201;1;299;1299;Nord-ovest;Piemonte;Torino;3;1299;1299;1299;ITC;ITC1;ITC11;ITC;ITC1;ITC11;
Villafranca Piemonte;L948;1;201;1;300;1300;Nord-ovest;Piemonte;Torino;3;1300;1300;1300;ITC;ITC1;ITC11;ITC;ITC1;ITC11;
Villanova Canavese;L982;1;201;1;301;1301;Nord-ovest;Piemonte;Torino;3;1301;1301;1301;ITC;ITC1;ITC11;ITC;ITC1;ITC11;
Villarbasse;M002;1;201;1;302;1302;Nord-ovest;Piemonte;Torino;3;1302;1302;1302;ITC;ITC1;ITC11;ITC;ITC1;ITC11;
Villar Dora;L999;1;201;1;303;1303;Nord-ovest;Piemonte;Torino;3;1303;1303;1303;ITC;ITC1;ITC11;ITC;ITC1;ITC11;
Villareggia;M004;1;201;1;304;1304;Nord-ovest;Piemonte;Torino;3;1304;1304;1304;ITC;ITC1;ITC11;ITC;ITC1;ITC11;
Villar Focchiardo;M007;1;201;1;305;1305;Nord-ovest;Piemonte;Torino;3;1305;1305;1305;ITC;ITC1;ITC11;ITC;ITC1;ITC11;
Villar Pellice;M013;1;201;1;306;1306;Nord-ovest;Piemonte;Torino;3;1306;1306;1306;ITC;ITC1;ITC11;ITC;ITC1;ITC11;
Villar Perosa;M014;1;201;1;307;1307;Nord-ovest;Piemonte;Torino;3;1307;1307;1307;ITC;ITC1;ITC11;ITC;ITC1;ITC11;
Villastellone;M027;1;201;1;308;1308;Nord-ovest;Piemonte;Torino;3;1308;1308;1308;ITC;ITC1;ITC11;ITC;ITC1;ITC11;
Vinovo;M060;1;201;1;309;1309;Nord-ovest;Piemonte;Torino;3;1309;1309;1309;ITC;ITC1;ITC11;ITC;ITC1;ITC11;
Virle Piemonte;M069;1;201;1;310;1310;Nord-ovest;Piemonte;Torino;3;1310;1310;1310;ITC;ITC1;ITC11;ITC;ITC1;ITC11;
Vische;M071;1;201;1;311;1311;Nord-ovest;Piemonte;Torino;3;1311;1311;1311;ITC;ITC1;ITC11;ITC;ITC1;ITC11;
Vistrorio;M080;1;201;1;312;1312;Nord-ovest;Piemonte;Torino;3;1312;1312;1312;ITC;ITC1;ITC11;ITC;ITC1;ITC11;
Vi˘;M094;1;201;1;313;1313;Nord-ovest;Piemonte;Torino;3;1313;1313;1313;ITC;ITC1;ITC11;ITC;ITC1;ITC11;
Volpiano;M122;1;201;1;314;1314;Nord-ovest;Piemonte;Torino;3;1314;1314;1314;ITC;ITC1;ITC11;ITC;ITC1;ITC11;
Volvera;M133;1;201;1;315;1315;Nord-ovest;Piemonte;Torino;3;1315;1315;1315;ITC;ITC1;ITC11;ITC;ITC1;ITC11;
Mappano;M316;1;201;1;316;1316;Nord-ovest;Piemonte;Torino;3;1316;1316;1316;ITC;ITC1;ITC11;ITC;ITC1;ITC11;
Val di Chy;M405;1;201;1;317;1317;Nord-ovest;Piemonte;Torino;3;1317;1317;1317;ITC;ITC1;ITC11;ITC;ITC1;ITC11;
Valchiusa;M415;1;201;1;318;1318;Nord-ovest;Piemonte;Torino;3;1318;1318;1318;ITC;ITC1;ITC11;ITC;ITC1;ITC11;
Alagna Valsesia;A119;1;2;2;2;2002;Nord-ovest;Piemonte;Vercelli;1;2002;2002;2002;ITC;ITC1;ITC12;ITC;ITC1;ITC12;
Albano Vercellese;A130;1;2;2;3;2003;Nord-ovest;Piemonte;Vercelli;1;2003;2003;2003;ITC;ITC1;ITC12;ITC;ITC1;ITC12;
Alice Castello;A198;1;2;2;4;2004;Nord-ovest;Piemonte;Vercelli;1;2004;2004;2004;ITC;ITC1;ITC12;ITC;ITC1;ITC12;
Arborio;A358;1;2;2;6;2006;Nord-ovest;Piemonte;Vercelli;1;2006;2006;2006;ITC;ITC1;ITC12;ITC;ITC1;ITC12;
Asigliano Vercellese;A466;1;2;2;7;2007;Nord-ovest;Piemonte;Vercelli;1;2007;2007;2007;ITC;ITC1;ITC12;ITC;ITC1;ITC12;
Balmuccia;A600;1;2;2;8;2008;Nord-ovest;Piemonte;Vercelli;1;2008;2008;2008;ITC;ITC1;ITC12;ITC;ITC1;ITC12;
Balocco;A601;1;2;2;9;2009;Nord-ovest;Piemonte;Vercelli;1;2009;2009;2009;ITC;ITC1;ITC12;ITC;ITC1;ITC12;
BianzË;A847;1;2;2;11;2011;Nord-ovest;Piemonte;Vercelli;1;2011;2011;2011;ITC;ITC1;ITC12;ITC;ITC1;ITC12;
Boccioleto;A914;1;2;2;14;2014;Nord-ovest;Piemonte;Vercelli;1;2014;2014;2014;ITC;ITC1;ITC12;ITC;ITC1;ITC12;
Borgo d'Ale;B009;1;2;2;15;2015;Nord-ovest;Piemonte;Vercelli;1;2015;2015;2015;ITC;ITC1;ITC12;ITC;ITC1;ITC12;
Borgosesia;B041;1;2;2;16;2016;Nord-ovest;Piemonte;Vercelli;1;2016;2016;2016;ITC;ITC1;ITC12;ITC;ITC1;ITC12;
Borgo Vercelli;B046;1;2;2;17;2017;Nord-ovest;Piemonte;Vercelli;1;2017;2017;2017;ITC;ITC1;ITC12;ITC;ITC1;ITC12;
Buronzo;B280;1;2;2;21;2021;Nord-ovest;Piemonte;Vercelli;1;2021;2021;2021;ITC;ITC1;ITC12;ITC;ITC1;ITC12;
Campertogno;B505;1;2;2;25;2025;Nord-ovest;Piemonte;Vercelli;1;2025;2025;2025;ITC;ITC1;ITC12;ITC;ITC1;ITC12;
Carcoforo;B752;1;2;2;29;2029;Nord-ovest;Piemonte;Vercelli;1;2029;2029;2029;ITC;ITC1;ITC12;ITC;ITC1;ITC12;
Caresana;B767;1;2;2;30;2030;Nord-ovest;Piemonte;Vercelli;1;2030;2030;2030;ITC;ITC1;ITC12;ITC;ITC1;ITC12;
Caresanablot;B768;1;2;2;31;2031;Nord-ovest;Piemonte;Vercelli;1;2031;2031;2031;ITC;ITC1;ITC12;ITC;ITC1;ITC12;
Carisio;B782;1;2;2;32;2032;Nord-ovest;Piemonte;Vercelli;1;2032;2032;2032;ITC;ITC1;ITC12;ITC;ITC1;ITC12;
Casanova Elvo;B928;1;2;2;33;2033;Nord-ovest;Piemonte;Vercelli;1;2033;2033;2033;ITC;ITC1;ITC12;ITC;ITC1;ITC12;
San Giacomo Vercellese;B952;1;2;2;35;2035;Nord-ovest;Piemonte;Vercelli;1;2035;2035;2035;ITC;ITC1;ITC12;ITC;ITC1;ITC12;
Cervatto;C548;1;2;2;41;2041;Nord-ovest;Piemonte;Vercelli;1;2041;2041;2041;ITC;ITC1;ITC12;ITC;ITC1;ITC12;
Cigliano;C680;1;2;2;42;2042;Nord-ovest;Piemonte;Vercelli;1;2042;2042;2042;ITC;ITC1;ITC12;ITC;ITC1;ITC12;
Civiasco;C757;1;2;2;43;2043;Nord-ovest;Piemonte;Vercelli;1;2043;2043;2043;ITC;ITC1;ITC12;ITC;ITC1;ITC12;
Collobiano;C884;1;2;2;45;2045;Nord-ovest;Piemonte;Vercelli;1;2045;2045;2045;ITC;ITC1;ITC12;ITC;ITC1;ITC12;
Costanzana;D113;1;2;2;47;2047;Nord-ovest;Piemonte;Vercelli;1;2047;2047;2047;ITC;ITC1;ITC12;ITC;ITC1;ITC12;
Cravagliana;D132;1;2;2;48;2048;Nord-ovest;Piemonte;Vercelli;1;2048;2048;2048;ITC;ITC1;ITC12;ITC;ITC1;ITC12;
Crescentino;D154;1;2;2;49;2049;Nord-ovest;Piemonte;Vercelli;1;2049;2049;2049;ITC;ITC1;ITC12;ITC;ITC1;ITC12;
Crova;D187;1;2;2;52;2052;Nord-ovest;Piemonte;Vercelli;1;2052;2052;2052;ITC;ITC1;ITC12;ITC;ITC1;ITC12;
Desana;D281;1;2;2;54;2054;Nord-ovest;Piemonte;Vercelli;1;2054;2054;2054;ITC;ITC1;ITC12;ITC;ITC1;ITC12;
Fobello;D641;1;2;2;57;2057;Nord-ovest;Piemonte;Vercelli;1;2057;2057;2057;ITC;ITC1;ITC12;ITC;ITC1;ITC12;
Fontanetto Po;D676;1;2;2;58;2058;Nord-ovest;Piemonte;Vercelli;1;2058;2058;2058;ITC;ITC1;ITC12;ITC;ITC1;ITC12;
Formigliana;D712;1;2;2;59;2059;Nord-ovest;Piemonte;Vercelli;1;2059;2059;2059;ITC;ITC1;ITC12;ITC;ITC1;ITC12;
Gattinara;D938;1;2;2;61;2061;Nord-ovest;Piemonte;Vercelli;1;2061;2061;2061;ITC;ITC1;ITC12;ITC;ITC1;ITC12;
Ghislarengo;E007;1;2;2;62;2062;Nord-ovest;Piemonte;Vercelli;1;2062;2062;2062;ITC;ITC1;ITC12;ITC;ITC1;ITC12;
Greggio;E163;1;2;2;65;2065;Nord-ovest;Piemonte;Vercelli;1;2065;2065;2065;ITC;ITC1;ITC12;ITC;ITC1;ITC12;
Guardabosone;E237;1;2;2;66;2066;Nord-ovest;Piemonte;Vercelli;1;2066;2066;2066;ITC;ITC1;ITC12;ITC;ITC1;ITC12;
Lamporo;E433;1;2;2;67;2067;Nord-ovest;Piemonte;Vercelli;1;2067;2067;2067;ITC;ITC1;ITC12;ITC;ITC1;ITC12;
Lenta;E528;1;2;2;68;2068;Nord-ovest;Piemonte;Vercelli;1;2068;2068;2068;ITC;ITC1;ITC12;ITC;ITC1;ITC12;
Lignana;E583;1;2;2;70;2070;Nord-ovest;Piemonte;Vercelli;1;2070;2070;2070;ITC;ITC1;ITC12;ITC;ITC1;ITC12;
Livorno Ferraris;E626;1;2;2;71;2071;Nord-ovest;Piemonte;Vercelli;1;2071;2071;2071;ITC;ITC1;ITC12;ITC;ITC1;ITC12;
Lozzolo;E711;1;2;2;72;2072;Nord-ovest;Piemonte;Vercelli;1;2072;2072;2072;ITC;ITC1;ITC12;ITC;ITC1;ITC12;
Mollia;F297;1;2;2;78;2078;Nord-ovest;Piemonte;Vercelli;1;2078;2078;2078;ITC;ITC1;ITC12;ITC;ITC1;ITC12;
Moncrivello;F342;1;2;2;79;2079;Nord-ovest;Piemonte;Vercelli;1;2079;2079;2079;ITC;ITC1;ITC12;ITC;ITC1;ITC12;
Motta de' Conti;F774;1;2;2;82;2082;Nord-ovest;Piemonte;Vercelli;1;2082;2082;2082;ITC;ITC1;ITC12;ITC;ITC1;ITC12;
Olcenengo;G016;1;2;2;88;2088;Nord-ovest;Piemonte;Vercelli;1;2088;2088;2088;ITC;ITC1;ITC12;ITC;ITC1;ITC12;
Oldenico;G018;1;2;2;89;2089;Nord-ovest;Piemonte;Vercelli;1;2089;2089;2089;ITC;ITC1;ITC12;ITC;ITC1;ITC12;
Palazzolo Vercellese;G266;1;2;2;90;2090;Nord-ovest;Piemonte;Vercelli;1;2090;2090;2090;ITC;ITC1;ITC12;ITC;ITC1;ITC12;
Pertengo;G471;1;2;2;91;2091;Nord-ovest;Piemonte;Vercelli;1;2091;2091;2091;ITC;ITC1;ITC12;ITC;ITC1;ITC12;
Pezzana;G528;1;2;2;93;2093;Nord-ovest;Piemonte;Vercelli;1;2093;2093;2093;ITC;ITC1;ITC12;ITC;ITC1;ITC12;
Pila;G666;1;2;2;96;2096;Nord-ovest;Piemonte;Vercelli;1;2096;2096;2096;ITC;ITC1;ITC12;ITC;ITC1;ITC12;
Piode;G685;1;2;2;97;2097;Nord-ovest;Piemonte;Vercelli;1;2097;2097;2097;ITC;ITC1;ITC12;ITC;ITC1;ITC12;
Postua;G940;1;2;2;102;2102;Nord-ovest;Piemonte;Vercelli;1;2102;2102;2102;ITC;ITC1;ITC12;ITC;ITC1;ITC12;
Prarolo;G985;1;2;2;104;2104;Nord-ovest;Piemonte;Vercelli;1;2104;2104;2104;ITC;ITC1;ITC12;ITC;ITC1;ITC12;
Quarona;H108;1;2;2;107;2107;Nord-ovest;Piemonte;Vercelli;1;2107;2107;2107;ITC;ITC1;ITC12;ITC;ITC1;ITC12;
Quinto Vercellese;H132;1;2;2;108;2108;Nord-ovest;Piemonte;Vercelli;1;2108;2108;2108;ITC;ITC1;ITC12;ITC;ITC1;ITC12;
Rassa;H188;1;2;2;110;2110;Nord-ovest;Piemonte;Vercelli;1;2110;2110;2110;ITC;ITC1;ITC12;ITC;ITC1;ITC12;
Rimella;H293;1;2;2;113;2113;Nord-ovest;Piemonte;Vercelli;1;2113;2113;2113;ITC;ITC1;ITC12;ITC;ITC1;ITC12;
Rive;H346;1;2;2;115;2115;Nord-ovest;Piemonte;Vercelli;1;2115;2115;2115;ITC;ITC1;ITC12;ITC;ITC1;ITC12;
Roasio;H365;1;2;2;116;2116;Nord-ovest;Piemonte;Vercelli;1;2116;2116;2116;ITC;ITC1;ITC12;ITC;ITC1;ITC12;
Ronsecco;H549;1;2;2;118;2118;Nord-ovest;Piemonte;Vercelli;1;2118;2118;2118;ITC;ITC1;ITC12;ITC;ITC1;ITC12;
Rossa;H577;1;2;2;121;2121;Nord-ovest;Piemonte;Vercelli;1;2121;2121;2121;ITC;ITC1;ITC12;ITC;ITC1;ITC12;
Rovasenda;H364;1;2;2;122;2122;Nord-ovest;Piemonte;Vercelli;1;2122;2122;2122;ITC;ITC1;ITC12;ITC;ITC1;ITC12;
Salasco;H690;1;2;2;126;2126;Nord-ovest;Piemonte;Vercelli;1;2126;2126;2126;ITC;ITC1;ITC12;ITC;ITC1;ITC12;
Sali Vercellese;H707;1;2;2;127;2127;Nord-ovest;Piemonte;Vercelli;1;2127;2127;2127;ITC;ITC1;ITC12;ITC;ITC1;ITC12;
Saluggia;H725;1;2;2;128;2128;Nord-ovest;Piemonte;Vercelli;1;2128;2128;2128;ITC;ITC1;ITC12;ITC;ITC1;ITC12;
San Germano Vercellese;H861;1;2;2;131;2131;Nord-ovest;Piemonte;Vercelli;1;2131;2131;2131;ITC;ITC1;ITC12;ITC;ITC1;ITC12;
Santhi‡;I337;1;2;2;133;2133;Nord-ovest;Piemonte;Vercelli;1;2133;2133;2133;ITC;ITC1;ITC12;ITC;ITC1;ITC12;
Scopa;I544;1;2;2;134;2134;Nord-ovest;Piemonte;Vercelli;1;2134;2134;2134;ITC;ITC1;ITC12;ITC;ITC1;ITC12;
Scopello;I545;1;2;2;135;2135;Nord-ovest;Piemonte;Vercelli;1;2135;2135;2135;ITC;ITC1;ITC12;ITC;ITC1;ITC12;
Serravalle Sesia;I663;1;2;2;137;2137;Nord-ovest;Piemonte;Vercelli;1;2137;2137;2137;ITC;ITC1;ITC12;ITC;ITC1;ITC12;
Stroppiana;I984;1;2;2;142;2142;Nord-ovest;Piemonte;Vercelli;1;2142;2142;2142;ITC;ITC1;ITC12;ITC;ITC1;ITC12;
Tricerro;L420;1;2;2;147;2147;Nord-ovest;Piemonte;Vercelli;1;2147;2147;2147;ITC;ITC1;ITC12;ITC;ITC1;ITC12;
Trino;L429;1;2;2;148;2148;Nord-ovest;Piemonte;Vercelli;1;2148;2148;2148;ITC;ITC1;ITC12;ITC;ITC1;ITC12;
Tronzano Vercellese;L451;1;2;2;150;2150;Nord-ovest;Piemonte;Vercelli;1;2150;2150;2150;ITC;ITC1;ITC12;ITC;ITC1;ITC12;
Valduggia;L566;1;2;2;152;2152;Nord-ovest;Piemonte;Vercelli;1;2152;2152;2152;ITC;ITC1;ITC12;ITC;ITC1;ITC12;
Varallo;L669;1;2;2;156;2156;Nord-ovest;Piemonte;Vercelli;1;2156;2156;2156;ITC;ITC1;ITC12;ITC;ITC1;ITC12;
Vercelli;L750;1;2;2;158;2158;Nord-ovest;Piemonte;Vercelli;1;2158;2158;2158;ITC;ITC1;ITC12;ITC;ITC1;ITC12;
Villarboit;M003;1;2;2;163;2163;Nord-ovest;Piemonte;Vercelli;1;2163;2163;2163;ITC;ITC1;ITC12;ITC;ITC1;ITC12;
Villata;M028;1;2;2;164;2164;Nord-ovest;Piemonte;Vercelli;1;2164;2164;2164;ITC;ITC1;ITC12;ITC;ITC1;ITC12;
Vocca;M106;1;2;2;166;2166;Nord-ovest;Piemonte;Vercelli;1;2166;2166;2166;ITC;ITC1;ITC12;ITC;ITC1;ITC12;
Alto Sermenza;M389;1;2;2;170;2170;Nord-ovest;Piemonte;Vercelli;1;2170;2170;2170;ITC;ITC1;ITC12;ITC;ITC1;ITC12;
Cellio con Breia;M398;1;2;2;171;2171;Nord-ovest;Piemonte;Vercelli;1;2171;2171;2171;ITC;ITC1;ITC12;ITC;ITC1;ITC12;
Agrate Conturbia;A088;1;3;3;1;3001;Nord-ovest;Piemonte;Novara;1;3001;3001;3001;ITC;ITC1;ITC15;ITC;ITC1;ITC15;
Ameno;A264;1;3;3;2;3002;Nord-ovest;Piemonte;Novara;1;3002;3002;3002;ITC;ITC1;ITC15;ITC;ITC1;ITC15;
Armeno;A414;1;3;3;6;3006;Nord-ovest;Piemonte;Novara;1;3006;3006;3006;ITC;ITC1;ITC15;ITC;ITC1;ITC15;
Arona;A429;1;3;3;8;3008;Nord-ovest;Piemonte;Novara;1;3008;3008;3008;ITC;ITC1;ITC15;ITC;ITC1;ITC15;
Barengo;A653;1;3;3;12;3012;Nord-ovest;Piemonte;Novara;1;3012;3012;3012;ITC;ITC1;ITC15;ITC;ITC1;ITC15;
Bellinzago Novarese;A752;1;3;3;16;3016;Nord-ovest;Piemonte;Novara;1;3016;3016;3016;ITC;ITC1;ITC15;ITC;ITC1;ITC15;
Biandrate;A844;1;3;3;18;3018;Nord-ovest;Piemonte;Novara;1;3018;3018;3018;ITC;ITC1;ITC15;ITC;ITC1;ITC15;
Boca;A911;1;3;3;19;3019;Nord-ovest;Piemonte;Novara;1;3019;3019;3019;ITC;ITC1;ITC15;ITC;ITC1;ITC15;
Bogogno;A929;1;3;3;21;3021;Nord-ovest;Piemonte;Novara;1;3021;3021;3021;ITC;ITC1;ITC15;ITC;ITC1;ITC15;
Bolzano Novarese;A953;1;3;3;22;3022;Nord-ovest;Piemonte;Novara;1;3022;3022;3022;ITC;ITC1;ITC15;ITC;ITC1;ITC15;
Borgolavezzaro;B016;1;3;3;23;3023;Nord-ovest;Piemonte;Novara;1;3023;3023;3023;ITC;ITC1;ITC15;ITC;ITC1;ITC15;
Borgomanero;B019;1;3;3;24;3024;Nord-ovest;Piemonte;Novara;1;3024;3024;3024;ITC;ITC1;ITC15;ITC;ITC1;ITC15;
Borgo Ticino;B043;1;3;3;25;3025;Nord-ovest;Piemonte;Novara;1;3025;3025;3025;ITC;ITC1;ITC15;ITC;ITC1;ITC15;
Briga Novarese;B176;1;3;3;26;3026;Nord-ovest;Piemonte;Novara;1;3026;3026;3026;ITC;ITC1;ITC15;ITC;ITC1;ITC15;
Briona;B183;1;3;3;27;3027;Nord-ovest;Piemonte;Novara;1;3027;3027;3027;ITC;ITC1;ITC15;ITC;ITC1;ITC15;
Caltignaga;B431;1;3;3;30;3030;Nord-ovest;Piemonte;Novara;1;3030;3030;3030;ITC;ITC1;ITC15;ITC;ITC1;ITC15;
Cameri;B473;1;3;3;32;3032;Nord-ovest;Piemonte;Novara;1;3032;3032;3032;ITC;ITC1;ITC15;ITC;ITC1;ITC15;
Carpignano Sesia;B823;1;3;3;36;3036;Nord-ovest;Piemonte;Novara;1;3036;3036;3036;ITC;ITC1;ITC15;ITC;ITC1;ITC15;
Casalbeltrame;B864;1;3;3;37;3037;Nord-ovest;Piemonte;Novara;1;3037;3037;3037;ITC;ITC1;ITC15;ITC;ITC1;ITC15;
Casaleggio Novara;B883;1;3;3;39;3039;Nord-ovest;Piemonte;Novara;1;3039;3039;3039;ITC;ITC1;ITC15;ITC;ITC1;ITC15;
Casalino;B897;1;3;3;40;3040;Nord-ovest;Piemonte;Novara;1;3040;3040;3040;ITC;ITC1;ITC15;ITC;ITC1;ITC15;
Casalvolone;B920;1;3;3;41;3041;Nord-ovest;Piemonte;Novara;1;3041;3041;3041;ITC;ITC1;ITC15;ITC;ITC1;ITC15;
Castellazzo Novarese;C149;1;3;3;42;3042;Nord-ovest;Piemonte;Novara;1;3042;3042;3042;ITC;ITC1;ITC15;ITC;ITC1;ITC15;
Castelletto sopra Ticino;C166;1;3;3;43;3043;Nord-ovest;Piemonte;Novara;1;3043;3043;3043;ITC;ITC1;ITC15;ITC;ITC1;ITC15;
Cavaglietto;C364;1;3;3;44;3044;Nord-ovest;Piemonte;Novara;1;3044;3044;3044;ITC;ITC1;ITC15;ITC;ITC1;ITC15;
Cavaglio d'Agogna;C365;1;3;3;45;3045;Nord-ovest;Piemonte;Novara;1;3045;3045;3045;ITC;ITC1;ITC15;ITC;ITC1;ITC15;
Cavallirio;C378;1;3;3;47;3047;Nord-ovest;Piemonte;Novara;1;3047;3047;3047;ITC;ITC1;ITC15;ITC;ITC1;ITC15;
Cerano;C483;1;3;3;49;3049;Nord-ovest;Piemonte;Novara;1;3049;3049;3049;ITC;ITC1;ITC15;ITC;ITC1;ITC15;
Colazza;C829;1;3;3;51;3051;Nord-ovest;Piemonte;Novara;1;3051;3051;3051;ITC;ITC1;ITC15;ITC;ITC1;ITC15;
Comignago;C926;1;3;3;52;3052;Nord-ovest;Piemonte;Novara;1;3052;3052;3052;ITC;ITC1;ITC15;ITC;ITC1;ITC15;
Cressa;D162;1;3;3;55;3055;Nord-ovest;Piemonte;Novara;1;3055;3055;3055;ITC;ITC1;ITC15;ITC;ITC1;ITC15;
Cureggio;D216;1;3;3;58;3058;Nord-ovest;Piemonte;Novara;1;3058;3058;3058;ITC;ITC1;ITC15;ITC;ITC1;ITC15;
Divignano;D309;1;3;3;60;3060;Nord-ovest;Piemonte;Novara;1;3060;3060;3060;ITC;ITC1;ITC15;ITC;ITC1;ITC15;
Dormelletto;D347;1;3;3;62;3062;Nord-ovest;Piemonte;Novara;1;3062;3062;3062;ITC;ITC1;ITC15;ITC;ITC1;ITC15;
Fara Novarese;D492;1;3;3;65;3065;Nord-ovest;Piemonte;Novara;1;3065;3065;3065;ITC;ITC1;ITC15;ITC;ITC1;ITC15;
Fontaneto d'Agogna;D675;1;3;3;66;3066;Nord-ovest;Piemonte;Novara;1;3066;3066;3066;ITC;ITC1;ITC15;ITC;ITC1;ITC15;
Galliate;D872;1;3;3;68;3068;Nord-ovest;Piemonte;Novara;1;3068;3068;3068;ITC;ITC1;ITC15;ITC;ITC1;ITC15;
Garbagna Novarese;D911;1;3;3;69;3069;Nord-ovest;Piemonte;Novara;1;3069;3069;3069;ITC;ITC1;ITC15;ITC;ITC1;ITC15;
Gargallo;D921;1;3;3;70;3070;Nord-ovest;Piemonte;Novara;1;3070;3070;3070;ITC;ITC1;ITC15;ITC;ITC1;ITC15;
Ghemme;E001;1;3;3;73;3073;Nord-ovest;Piemonte;Novara;1;3073;3073;3073;ITC;ITC1;ITC15;ITC;ITC1;ITC15;
Gozzano;E120;1;3;3;76;3076;Nord-ovest;Piemonte;Novara;1;3076;3076;3076;ITC;ITC1;ITC15;ITC;ITC1;ITC15;
Granozzo con Monticello;E143;1;3;3;77;3077;Nord-ovest;Piemonte;Novara;1;3077;3077;3077;ITC;ITC1;ITC15;ITC;ITC1;ITC15;
Grignasco;E177;1;3;3;79;3079;Nord-ovest;Piemonte;Novara;1;3079;3079;3079;ITC;ITC1;ITC15;ITC;ITC1;ITC15;
Invorio;E314;1;3;3;82;3082;Nord-ovest;Piemonte;Novara;1;3082;3082;3082;ITC;ITC1;ITC15;ITC;ITC1;ITC15;
Landiona;E436;1;3;3;83;3083;Nord-ovest;Piemonte;Novara;1;3083;3083;3083;ITC;ITC1;ITC15;ITC;ITC1;ITC15;
Lesa;E544;1;3;3;84;3084;Nord-ovest;Piemonte;Novara;1;3084;3084;3084;ITC;ITC1;ITC15;ITC;ITC1;ITC15;
Maggiora;E803;1;3;3;88;3088;Nord-ovest;Piemonte;Novara;1;3088;3088;3088;ITC;ITC1;ITC15;ITC;ITC1;ITC15;
Mandello Vitta;E880;1;3;3;90;3090;Nord-ovest;Piemonte;Novara;1;3090;3090;3090;ITC;ITC1;ITC15;ITC;ITC1;ITC15;
Marano Ticino;E907;1;3;3;91;3091;Nord-ovest;Piemonte;Novara;1;3091;3091;3091;ITC;ITC1;ITC15;ITC;ITC1;ITC15;
Massino Visconti;F047;1;3;3;93;3093;Nord-ovest;Piemonte;Novara;1;3093;3093;3093;ITC;ITC1;ITC15;ITC;ITC1;ITC15;
Meina;F093;1;3;3;95;3095;Nord-ovest;Piemonte;Novara;1;3095;3095;3095;ITC;ITC1;ITC15;ITC;ITC1;ITC15;
Mezzomerico;F188;1;3;3;97;3097;Nord-ovest;Piemonte;Novara;1;3097;3097;3097;ITC;ITC1;ITC15;ITC;ITC1;ITC15;
Miasino;F191;1;3;3;98;3098;Nord-ovest;Piemonte;Novara;1;3098;3098;3098;ITC;ITC1;ITC15;ITC;ITC1;ITC15;
Momo;F317;1;3;3;100;3100;Nord-ovest;Piemonte;Novara;1;3100;3100;3100;ITC;ITC1;ITC15;ITC;ITC1;ITC15;
Nebbiuno;F859;1;3;3;103;3103;Nord-ovest;Piemonte;Novara;1;3103;3103;3103;ITC;ITC1;ITC15;ITC;ITC1;ITC15;
Nibbiola;F886;1;3;3;104;3104;Nord-ovest;Piemonte;Novara;1;3104;3104;3104;ITC;ITC1;ITC15;ITC;ITC1;ITC15;
Novara;F952;1;3;3;106;3106;Nord-ovest;Piemonte;Novara;1;3106;3106;3106;ITC;ITC1;ITC15;ITC;ITC1;ITC15;
Oleggio;G019;1;3;3;108;3108;Nord-ovest;Piemonte;Novara;1;3108;3108;3108;ITC;ITC1;ITC15;ITC;ITC1;ITC15;
Oleggio Castello;G020;1;3;3;109;3109;Nord-ovest;Piemonte;Novara;1;3109;3109;3109;ITC;ITC1;ITC15;ITC;ITC1;ITC15;
Orta San Giulio;G134;1;3;3;112;3112;Nord-ovest;Piemonte;Novara;1;3112;3112;3112;ITC;ITC1;ITC15;ITC;ITC1;ITC15;
Paruzzaro;G349;1;3;3;114;3114;Nord-ovest;Piemonte;Novara;1;3114;3114;3114;ITC;ITC1;ITC15;ITC;ITC1;ITC15;
Pella;G421;1;3;3;115;3115;Nord-ovest;Piemonte;Novara;1;3115;3115;3115;ITC;ITC1;ITC15;ITC;ITC1;ITC15;
Pettenasco;G520;1;3;3;116;3116;Nord-ovest;Piemonte;Novara;1;3116;3116;3116;ITC;ITC1;ITC15;ITC;ITC1;ITC15;
Pisano;G703;1;3;3;119;3119;Nord-ovest;Piemonte;Novara;1;3119;3119;3119;ITC;ITC1;ITC15;ITC;ITC1;ITC15;
Pogno;G775;1;3;3;120;3120;Nord-ovest;Piemonte;Novara;1;3120;3120;3120;ITC;ITC1;ITC15;ITC;ITC1;ITC15;
Pombia;G809;1;3;3;121;3121;Nord-ovest;Piemonte;Novara;1;3121;3121;3121;ITC;ITC1;ITC15;ITC;ITC1;ITC15;
Prato Sesia;H001;1;3;3;122;3122;Nord-ovest;Piemonte;Novara;1;3122;3122;3122;ITC;ITC1;ITC15;ITC;ITC1;ITC15;
Recetto;H213;1;3;3;129;3129;Nord-ovest;Piemonte;Novara;1;3129;3129;3129;ITC;ITC1;ITC15;ITC;ITC1;ITC15;
Romagnano Sesia;H502;1;3;3;130;3130;Nord-ovest;Piemonte;Novara;1;3130;3130;3130;ITC;ITC1;ITC15;ITC;ITC1;ITC15;
Romentino;H518;1;3;3;131;3131;Nord-ovest;Piemonte;Novara;1;3131;3131;3131;ITC;ITC1;ITC15;ITC;ITC1;ITC15;
San Maurizio d'Opaglio;I025;1;3;3;133;3133;Nord-ovest;Piemonte;Novara;1;3133;3133;3133;ITC;ITC1;ITC15;ITC;ITC1;ITC15;
San Nazzaro Sesia;I052;1;3;3;134;3134;Nord-ovest;Piemonte;Novara;1;3134;3134;3134;ITC;ITC1;ITC15;ITC;ITC1;ITC15;
San Pietro Mosezzo;I116;1;3;3;135;3135;Nord-ovest;Piemonte;Novara;1;3135;3135;3135;ITC;ITC1;ITC15;ITC;ITC1;ITC15;
Sillavengo;I736;1;3;3;138;3138;Nord-ovest;Piemonte;Novara;1;3138;3138;3138;ITC;ITC1;ITC15;ITC;ITC1;ITC15;
Sizzano;I767;1;3;3;139;3139;Nord-ovest;Piemonte;Novara;1;3139;3139;3139;ITC;ITC1;ITC15;ITC;ITC1;ITC15;
Soriso;I857;1;3;3;140;3140;Nord-ovest;Piemonte;Novara;1;3140;3140;3140;ITC;ITC1;ITC15;ITC;ITC1;ITC15;
Sozzago;I880;1;3;3;141;3141;Nord-ovest;Piemonte;Novara;1;3141;3141;3141;ITC;ITC1;ITC15;ITC;ITC1;ITC15;
Suno;L007;1;3;3;143;3143;Nord-ovest;Piemonte;Novara;1;3143;3143;3143;ITC;ITC1;ITC15;ITC;ITC1;ITC15;
Terdobbiate;L104;1;3;3;144;3144;Nord-ovest;Piemonte;Novara;1;3144;3144;3144;ITC;ITC1;ITC15;ITC;ITC1;ITC15;
Tornaco;L223;1;3;3;146;3146;Nord-ovest;Piemonte;Novara;1;3146;3146;3146;ITC;ITC1;ITC15;ITC;ITC1;ITC15;
Trecate;L356;1;3;3;149;3149;Nord-ovest;Piemonte;Novara;1;3149;3149;3149;ITC;ITC1;ITC15;ITC;ITC1;ITC15;
Vaprio d'Agogna;L668;1;3;3;153;3153;Nord-ovest;Piemonte;Novara;1;3153;3153;3153;ITC;ITC1;ITC15;ITC;ITC1;ITC15;
Varallo Pombia;L670;1;3;3;154;3154;Nord-ovest;Piemonte;Novara;1;3154;3154;3154;ITC;ITC1;ITC15;ITC;ITC1;ITC15;
Vespolate;L808;1;3;3;158;3158;Nord-ovest;Piemonte;Novara;1;3158;3158;3158;ITC;ITC1;ITC15;ITC;ITC1;ITC15;
Vicolungo;L847;1;3;3;159;3159;Nord-ovest;Piemonte;Novara;1;3159;3159;3159;ITC;ITC1;ITC15;ITC;ITC1;ITC15;
Vinzaglio;M062;1;3;3;164;3164;Nord-ovest;Piemonte;Novara;1;3164;3164;3164;ITC;ITC1;ITC15;ITC;ITC1;ITC15;
Gattico-Veruno;M416;1;3;3;166;3166;Nord-ovest;Piemonte;Novara;1;3166;3166;3166;ITC;ITC1;ITC15;ITC;ITC1;ITC15;
Acceglio;A016;1;4;4;1;4001;Nord-ovest;Piemonte;Cuneo;1;4001;4001;4001;ITC;ITC1;ITC16;ITC;ITC1;ITC16;
Aisone;A113;1;4;4;2;4002;Nord-ovest;Piemonte;Cuneo;1;4002;4002;4002;ITC;ITC1;ITC16;ITC;ITC1;ITC16;
Alba;A124;1;4;4;3;4003;Nord-ovest;Piemonte;Cuneo;1;4003;4003;4003;ITC;ITC1;ITC16;ITC;ITC1;ITC16;
Albaretto della Torre;A139;1;4;4;4;4004;Nord-ovest;Piemonte;Cuneo;1;4004;4004;4004;ITC;ITC1;ITC16;ITC;ITC1;ITC16;
Alto;A238;1;4;4;5;4005;Nord-ovest;Piemonte;Cuneo;1;4005;4005;4005;ITC;ITC1;ITC16;ITC;ITC1;ITC16;
Argentera;A394;1;4;4;6;4006;Nord-ovest;Piemonte;Cuneo;1;4006;4006;4006;ITC;ITC1;ITC16;ITC;ITC1;ITC16;
Arguello;A396;1;4;4;7;4007;Nord-ovest;Piemonte;Cuneo;1;4007;4007;4007;ITC;ITC1;ITC16;ITC;ITC1;ITC16;
Bagnasco;A555;1;4;4;8;4008;Nord-ovest;Piemonte;Cuneo;1;4008;4008;4008;ITC;ITC1;ITC16;ITC;ITC1;ITC16;
Bagnolo Piemonte;A571;1;4;4;9;4009;Nord-ovest;Piemonte;Cuneo;1;4009;4009;4009;ITC;ITC1;ITC16;ITC;ITC1;ITC16;
Baldissero d'Alba;A589;1;4;4;10;4010;Nord-ovest;Piemonte;Cuneo;1;4010;4010;4010;ITC;ITC1;ITC16;ITC;ITC1;ITC16;
Barbaresco;A629;1;4;4;11;4011;Nord-ovest;Piemonte;Cuneo;1;4011;4011;4011;ITC;ITC1;ITC16;ITC;ITC1;ITC16;
Barge;A660;1;4;4;12;4012;Nord-ovest;Piemonte;Cuneo;1;4012;4012;4012;ITC;ITC1;ITC16;ITC;ITC1;ITC16;
Barolo;A671;1;4;4;13;4013;Nord-ovest;Piemonte;Cuneo;1;4013;4013;4013;ITC;ITC1;ITC16;ITC;ITC1;ITC16;
Bastia MondovÏ;A709;1;4;4;14;4014;Nord-ovest;Piemonte;Cuneo;1;4014;4014;4014;ITC;ITC1;ITC16;ITC;ITC1;ITC16;
Battifollo;A716;1;4;4;15;4015;Nord-ovest;Piemonte;Cuneo;1;4015;4015;4015;ITC;ITC1;ITC16;ITC;ITC1;ITC16;
Beinette;A735;1;4;4;16;4016;Nord-ovest;Piemonte;Cuneo;1;4016;4016;4016;ITC;ITC1;ITC16;ITC;ITC1;ITC16;
Bellino;A750;1;4;4;17;4017;Nord-ovest;Piemonte;Cuneo;1;4017;4017;4017;ITC;ITC1;ITC16;ITC;ITC1;ITC16;
Belvedere Langhe;A774;1;4;4;18;4018;Nord-ovest;Piemonte;Cuneo;1;4018;4018;4018;ITC;ITC1;ITC16;ITC;ITC1;ITC16;
Bene Vagienna;A779;1;4;4;19;4019;Nord-ovest;Piemonte;Cuneo;1;4019;4019;4019;ITC;ITC1;ITC16;ITC;ITC1;ITC16;
Benevello;A782;1;4;4;20;4020;Nord-ovest;Piemonte;Cuneo;1;4020;4020;4020;ITC;ITC1;ITC16;ITC;ITC1;ITC16;
Bergolo;A798;1;4;4;21;4021;Nord-ovest;Piemonte;Cuneo;1;4021;4021;4021;ITC;ITC1;ITC16;ITC;ITC1;ITC16;
Bernezzo;A805;1;4;4;22;4022;Nord-ovest;Piemonte;Cuneo;1;4022;4022;4022;ITC;ITC1;ITC16;ITC;ITC1;ITC16;
Bonvicino;A979;1;4;4;23;4023;Nord-ovest;Piemonte;Cuneo;1;4023;4023;4023;ITC;ITC1;ITC16;ITC;ITC1;ITC16;
Borgomale;B018;1;4;4;24;4024;Nord-ovest;Piemonte;Cuneo;1;4024;4024;4024;ITC;ITC1;ITC16;ITC;ITC1;ITC16;
Borgo San Dalmazzo;B033;1;4;4;25;4025;Nord-ovest;Piemonte;Cuneo;1;4025;4025;4025;ITC;ITC1;ITC16;ITC;ITC1;ITC16;
Bosia;B079;1;4;4;26;4026;Nord-ovest;Piemonte;Cuneo;1;4026;4026;4026;ITC;ITC1;ITC16;ITC;ITC1;ITC16;
Bossolasco;B084;1;4;4;27;4027;Nord-ovest;Piemonte;Cuneo;1;4027;4027;4027;ITC;ITC1;ITC16;ITC;ITC1;ITC16;
Boves;B101;1;4;4;28;4028;Nord-ovest;Piemonte;Cuneo;1;4028;4028;4028;ITC;ITC1;ITC16;ITC;ITC1;ITC16;
Bra;B111;1;4;4;29;4029;Nord-ovest;Piemonte;Cuneo;1;4029;4029;4029;ITC;ITC1;ITC16;ITC;ITC1;ITC16;
Briaglia;B167;1;4;4;30;4030;Nord-ovest;Piemonte;Cuneo;1;4030;4030;4030;ITC;ITC1;ITC16;ITC;ITC1;ITC16;
Briga Alta;B175;1;4;4;31;4031;Nord-ovest;Piemonte;Cuneo;1;4031;4031;4031;ITC;ITC1;ITC16;ITC;ITC1;ITC16;
Brondello;B200;1;4;4;32;4032;Nord-ovest;Piemonte;Cuneo;1;4032;4032;4032;ITC;ITC1;ITC16;ITC;ITC1;ITC16;
Brossasco;B204;1;4;4;33;4033;Nord-ovest;Piemonte;Cuneo;1;4033;4033;4033;ITC;ITC1;ITC16;ITC;ITC1;ITC16;
Busca;B285;1;4;4;34;4034;Nord-ovest;Piemonte;Cuneo;1;4034;4034;4034;ITC;ITC1;ITC16;ITC;ITC1;ITC16;
Camerana;B467;1;4;4;35;4035;Nord-ovest;Piemonte;Cuneo;1;4035;4035;4035;ITC;ITC1;ITC16;ITC;ITC1;ITC16;
Canale;B573;1;4;4;37;4037;Nord-ovest;Piemonte;Cuneo;1;4037;4037;4037;ITC;ITC1;ITC16;ITC;ITC1;ITC16;
Canosio;B621;1;4;4;38;4038;Nord-ovest;Piemonte;Cuneo;1;4038;4038;4038;ITC;ITC1;ITC16;ITC;ITC1;ITC16;
Caprauna;B692;1;4;4;39;4039;Nord-ovest;Piemonte;Cuneo;1;4039;4039;4039;ITC;ITC1;ITC16;ITC;ITC1;ITC16;
Caraglio;B719;1;4;4;40;4040;Nord-ovest;Piemonte;Cuneo;1;4040;4040;4040;ITC;ITC1;ITC16;ITC;ITC1;ITC16;
Caramagna Piemonte;B720;1;4;4;41;4041;Nord-ovest;Piemonte;Cuneo;1;4041;4041;4041;ITC;ITC1;ITC16;ITC;ITC1;ITC16;
CardË;B755;1;4;4;42;4042;Nord-ovest;Piemonte;Cuneo;1;4042;4042;4042;ITC;ITC1;ITC16;ITC;ITC1;ITC16;
Carr˘;B841;1;4;4;43;4043;Nord-ovest;Piemonte;Cuneo;1;4043;4043;4043;ITC;ITC1;ITC16;ITC;ITC1;ITC16;
Cartignano;B845;1;4;4;44;4044;Nord-ovest;Piemonte;Cuneo;1;4044;4044;4044;ITC;ITC1;ITC16;ITC;ITC1;ITC16;
Casalgrasso;B894;1;4;4;45;4045;Nord-ovest;Piemonte;Cuneo;1;4045;4045;4045;ITC;ITC1;ITC16;ITC;ITC1;ITC16;
Castagnito;C046;1;4;4;46;4046;Nord-ovest;Piemonte;Cuneo;1;4046;4046;4046;ITC;ITC1;ITC16;ITC;ITC1;ITC16;
Casteldelfino;C081;1;4;4;47;4047;Nord-ovest;Piemonte;Cuneo;1;4047;4047;4047;ITC;ITC1;ITC16;ITC;ITC1;ITC16;
Castelletto Stura;C165;1;4;4;49;4049;Nord-ovest;Piemonte;Cuneo;1;4049;4049;4049;ITC;ITC1;ITC16;ITC;ITC1;ITC16;
Castelletto Uzzone;C167;1;4;4;50;4050;Nord-ovest;Piemonte;Cuneo;1;4050;4050;4050;ITC;ITC1;ITC16;ITC;ITC1;ITC16;
Castellinaldo d'Alba;C173;1;4;4;51;4051;Nord-ovest;Piemonte;Cuneo;1;4051;4051;4051;ITC;ITC1;ITC16;ITC;ITC1;ITC16;
Castellino Tanaro;C176;1;4;4;52;4052;Nord-ovest;Piemonte;Cuneo;1;4052;4052;4052;ITC;ITC1;ITC16;ITC;ITC1;ITC16;
Castelmagno;C205;1;4;4;53;4053;Nord-ovest;Piemonte;Cuneo;1;4053;4053;4053;ITC;ITC1;ITC16;ITC;ITC1;ITC16;
Castelnuovo di Ceva;C214;1;4;4;54;4054;Nord-ovest;Piemonte;Cuneo;1;4054;4054;4054;ITC;ITC1;ITC16;ITC;ITC1;ITC16;
Castiglione Falletto;C314;1;4;4;55;4055;Nord-ovest;Piemonte;Cuneo;1;4055;4055;4055;ITC;ITC1;ITC16;ITC;ITC1;ITC16;
Castiglione Tinella;C317;1;4;4;56;4056;Nord-ovest;Piemonte;Cuneo;1;4056;4056;4056;ITC;ITC1;ITC16;ITC;ITC1;ITC16;
Castino;C323;1;4;4;57;4057;Nord-ovest;Piemonte;Cuneo;1;4057;4057;4057;ITC;ITC1;ITC16;ITC;ITC1;ITC16;
Cavallerleone;C375;1;4;4;58;4058;Nord-ovest;Piemonte;Cuneo;1;4058;4058;4058;ITC;ITC1;ITC16;ITC;ITC1;ITC16;
Cavallermaggiore;C376;1;4;4;59;4059;Nord-ovest;Piemonte;Cuneo;1;4059;4059;4059;ITC;ITC1;ITC16;ITC;ITC1;ITC16;
Celle di Macra;C441;1;4;4;60;4060;Nord-ovest;Piemonte;Cuneo;1;4060;4060;4060;ITC;ITC1;ITC16;ITC;ITC1;ITC16;
Centallo;C466;1;4;4;61;4061;Nord-ovest;Piemonte;Cuneo;1;4061;4061;4061;ITC;ITC1;ITC16;ITC;ITC1;ITC16;
Ceresole Alba;C504;1;4;4;62;4062;Nord-ovest;Piemonte;Cuneo;1;4062;4062;4062;ITC;ITC1;ITC16;ITC;ITC1;ITC16;
Cerretto Langhe;C530;1;4;4;63;4063;Nord-ovest;Piemonte;Cuneo;1;4063;4063;4063;ITC;ITC1;ITC16;ITC;ITC1;ITC16;
Cervasca;C547;1;4;4;64;4064;Nord-ovest;Piemonte;Cuneo;1;4064;4064;4064;ITC;ITC1;ITC16;ITC;ITC1;ITC16;
Cervere;C550;1;4;4;65;4065;Nord-ovest;Piemonte;Cuneo;1;4065;4065;4065;ITC;ITC1;ITC16;ITC;ITC1;ITC16;
Ceva;C589;1;4;4;66;4066;Nord-ovest;Piemonte;Cuneo;1;4066;4066;4066;ITC;ITC1;ITC16;ITC;ITC1;ITC16;
Cherasco;C599;1;4;4;67;4067;Nord-ovest;Piemonte;Cuneo;1;4067;4067;4067;ITC;ITC1;ITC16;ITC;ITC1;ITC16;
Chiusa di Pesio;C653;1;4;4;68;4068;Nord-ovest;Piemonte;Cuneo;1;4068;4068;4068;ITC;ITC1;ITC16;ITC;ITC1;ITC16;
CigliË;C681;1;4;4;69;4069;Nord-ovest;Piemonte;Cuneo;1;4069;4069;4069;ITC;ITC1;ITC16;ITC;ITC1;ITC16;
Cissone;C738;1;4;4;70;4070;Nord-ovest;Piemonte;Cuneo;1;4070;4070;4070;ITC;ITC1;ITC16;ITC;ITC1;ITC16;
Clavesana;C792;1;4;4;71;4071;Nord-ovest;Piemonte;Cuneo;1;4071;4071;4071;ITC;ITC1;ITC16;ITC;ITC1;ITC16;
Corneliano d'Alba;D022;1;4;4;72;4072;Nord-ovest;Piemonte;Cuneo;1;4072;4072;4072;ITC;ITC1;ITC16;ITC;ITC1;ITC16;
Cortemilia;D062;1;4;4;73;4073;Nord-ovest;Piemonte;Cuneo;1;4073;4073;4073;ITC;ITC1;ITC16;ITC;ITC1;ITC16;
Cossano Belbo;D093;1;4;4;74;4074;Nord-ovest;Piemonte;Cuneo;1;4074;4074;4074;ITC;ITC1;ITC16;ITC;ITC1;ITC16;
Costigliole Saluzzo;D120;1;4;4;75;4075;Nord-ovest;Piemonte;Cuneo;1;4075;4075;4075;ITC;ITC1;ITC16;ITC;ITC1;ITC16;
Cravanzana;D133;1;4;4;76;4076;Nord-ovest;Piemonte;Cuneo;1;4076;4076;4076;ITC;ITC1;ITC16;ITC;ITC1;ITC16;
Crissolo;D172;1;4;4;77;4077;Nord-ovest;Piemonte;Cuneo;1;4077;4077;4077;ITC;ITC1;ITC16;ITC;ITC1;ITC16;
Cuneo;D205;1;4;4;78;4078;Nord-ovest;Piemonte;Cuneo;1;4078;4078;4078;ITC;ITC1;ITC16;ITC;ITC1;ITC16;
Demonte;D271;1;4;4;79;4079;Nord-ovest;Piemonte;Cuneo;1;4079;4079;4079;ITC;ITC1;ITC16;ITC;ITC1;ITC16;
Diano d'Alba;D291;1;4;4;80;4080;Nord-ovest;Piemonte;Cuneo;1;4080;4080;4080;ITC;ITC1;ITC16;ITC;ITC1;ITC16;
Dogliani;D314;1;4;4;81;4081;Nord-ovest;Piemonte;Cuneo;1;4081;4081;4081;ITC;ITC1;ITC16;ITC;ITC1;ITC16;
Dronero;D372;1;4;4;82;4082;Nord-ovest;Piemonte;Cuneo;1;4082;4082;4082;ITC;ITC1;ITC16;ITC;ITC1;ITC16;
Elva;D401;1;4;4;83;4083;Nord-ovest;Piemonte;Cuneo;1;4083;4083;4083;ITC;ITC1;ITC16;ITC;ITC1;ITC16;
Entracque;D410;1;4;4;84;4084;Nord-ovest;Piemonte;Cuneo;1;4084;4084;4084;ITC;ITC1;ITC16;ITC;ITC1;ITC16;
Envie;D412;1;4;4;85;4085;Nord-ovest;Piemonte;Cuneo;1;4085;4085;4085;ITC;ITC1;ITC16;ITC;ITC1;ITC16;
Farigliano;D499;1;4;4;86;4086;Nord-ovest;Piemonte;Cuneo;1;4086;4086;4086;ITC;ITC1;ITC16;ITC;ITC1;ITC16;
Faule;D511;1;4;4;87;4087;Nord-ovest;Piemonte;Cuneo;1;4087;4087;4087;ITC;ITC1;ITC16;ITC;ITC1;ITC16;
Feisoglio;D523;1;4;4;88;4088;Nord-ovest;Piemonte;Cuneo;1;4088;4088;4088;ITC;ITC1;ITC16;ITC;ITC1;ITC16;
Fossano;D742;1;4;4;89;4089;Nord-ovest;Piemonte;Cuneo;1;4089;4089;4089;ITC;ITC1;ITC16;ITC;ITC1;ITC16;
Frabosa Soprana;D751;1;4;4;90;4090;Nord-ovest;Piemonte;Cuneo;1;4090;4090;4090;ITC;ITC1;ITC16;ITC;ITC1;ITC16;
Frabosa Sottana;D752;1;4;4;91;4091;Nord-ovest;Piemonte;Cuneo;1;4091;4091;4091;ITC;ITC1;ITC16;ITC;ITC1;ITC16;
Frassino;D782;1;4;4;92;4092;Nord-ovest;Piemonte;Cuneo;1;4092;4092;4092;ITC;ITC1;ITC16;ITC;ITC1;ITC16;
Gaiola;D856;1;4;4;93;4093;Nord-ovest;Piemonte;Cuneo;1;4093;4093;4093;ITC;ITC1;ITC16;ITC;ITC1;ITC16;
Gambasca;D894;1;4;4;94;4094;Nord-ovest;Piemonte;Cuneo;1;4094;4094;4094;ITC;ITC1;ITC16;ITC;ITC1;ITC16;
Garessio;D920;1;4;4;95;4095;Nord-ovest;Piemonte;Cuneo;1;4095;4095;4095;ITC;ITC1;ITC16;ITC;ITC1;ITC16;
Genola;D967;1;4;4;96;4096;Nord-ovest;Piemonte;Cuneo;1;4096;4096;4096;ITC;ITC1;ITC16;ITC;ITC1;ITC16;
Gorzegno;E111;1;4;4;97;4097;Nord-ovest;Piemonte;Cuneo;1;4097;4097;4097;ITC;ITC1;ITC16;ITC;ITC1;ITC16;
Gottasecca;E115;1;4;4;98;4098;Nord-ovest;Piemonte;Cuneo;1;4098;4098;4098;ITC;ITC1;ITC16;ITC;ITC1;ITC16;
Govone;E118;1;4;4;99;4099;Nord-ovest;Piemonte;Cuneo;1;4099;4099;4099;ITC;ITC1;ITC16;ITC;ITC1;ITC16;
Grinzane Cavour;E182;1;4;4;100;4100;Nord-ovest;Piemonte;Cuneo;1;4100;4100;4100;ITC;ITC1;ITC16;ITC;ITC1;ITC16;
Guarene;E251;1;4;4;101;4101;Nord-ovest;Piemonte;Cuneo;1;4101;4101;4101;ITC;ITC1;ITC16;ITC;ITC1;ITC16;
Igliano;E282;1;4;4;102;4102;Nord-ovest;Piemonte;Cuneo;1;4102;4102;4102;ITC;ITC1;ITC16;ITC;ITC1;ITC16;
Isasca;E327;1;4;4;103;4103;Nord-ovest;Piemonte;Cuneo;1;4103;4103;4103;ITC;ITC1;ITC16;ITC;ITC1;ITC16;
Lagnasco;E406;1;4;4;104;4104;Nord-ovest;Piemonte;Cuneo;1;4104;4104;4104;ITC;ITC1;ITC16;ITC;ITC1;ITC16;
La Morra;E430;1;4;4;105;4105;Nord-ovest;Piemonte;Cuneo;1;4105;4105;4105;ITC;ITC1;ITC16;ITC;ITC1;ITC16;
Lequio Berria;E540;1;4;4;106;4106;Nord-ovest;Piemonte;Cuneo;1;4106;4106;4106;ITC;ITC1;ITC16;ITC;ITC1;ITC16;
Lequio Tanaro;E539;1;4;4;107;4107;Nord-ovest;Piemonte;Cuneo;1;4107;4107;4107;ITC;ITC1;ITC16;ITC;ITC1;ITC16;
Lesegno;E546;1;4;4;108;4108;Nord-ovest;Piemonte;Cuneo;1;4108;4108;4108;ITC;ITC1;ITC16;ITC;ITC1;ITC16;
Levice;E564;1;4;4;109;4109;Nord-ovest;Piemonte;Cuneo;1;4109;4109;4109;ITC;ITC1;ITC16;ITC;ITC1;ITC16;
Limone Piemonte;E597;1;4;4;110;4110;Nord-ovest;Piemonte;Cuneo;1;4110;4110;4110;ITC;ITC1;ITC16;ITC;ITC1;ITC16;
Lisio;E615;1;4;4;111;4111;Nord-ovest;Piemonte;Cuneo;1;4111;4111;4111;ITC;ITC1;ITC16;ITC;ITC1;ITC16;
Macra;E789;1;4;4;112;4112;Nord-ovest;Piemonte;Cuneo;1;4112;4112;4112;ITC;ITC1;ITC16;ITC;ITC1;ITC16;
Magliano Alfieri;E809;1;4;4;113;4113;Nord-ovest;Piemonte;Cuneo;1;4113;4113;4113;ITC;ITC1;ITC16;ITC;ITC1;ITC16;
Magliano Alpi;E808;1;4;4;114;4114;Nord-ovest;Piemonte;Cuneo;1;4114;4114;4114;ITC;ITC1;ITC16;ITC;ITC1;ITC16;
Mango;E887;1;4;4;115;4115;Nord-ovest;Piemonte;Cuneo;1;4115;4115;4115;ITC;ITC1;ITC16;ITC;ITC1;ITC16;
Manta;E894;1;4;4;116;4116;Nord-ovest;Piemonte;Cuneo;1;4116;4116;4116;ITC;ITC1;ITC16;ITC;ITC1;ITC16;
Marene;E939;1;4;4;117;4117;Nord-ovest;Piemonte;Cuneo;1;4117;4117;4117;ITC;ITC1;ITC16;ITC;ITC1;ITC16;
Margarita;E945;1;4;4;118;4118;Nord-ovest;Piemonte;Cuneo;1;4118;4118;4118;ITC;ITC1;ITC16;ITC;ITC1;ITC16;
Marmora;E963;1;4;4;119;4119;Nord-ovest;Piemonte;Cuneo;1;4119;4119;4119;ITC;ITC1;ITC16;ITC;ITC1;ITC16;
Marsaglia;E973;1;4;4;120;4120;Nord-ovest;Piemonte;Cuneo;1;4120;4120;4120;ITC;ITC1;ITC16;ITC;ITC1;ITC16;
Martiniana Po;E988;1;4;4;121;4121;Nord-ovest;Piemonte;Cuneo;1;4121;4121;4121;ITC;ITC1;ITC16;ITC;ITC1;ITC16;
Melle;F114;1;4;4;122;4122;Nord-ovest;Piemonte;Cuneo;1;4122;4122;4122;ITC;ITC1;ITC16;ITC;ITC1;ITC16;
Moiola;F279;1;4;4;123;4123;Nord-ovest;Piemonte;Cuneo;1;4123;4123;4123;ITC;ITC1;ITC16;ITC;ITC1;ITC16;
Mombarcaro;F309;1;4;4;124;4124;Nord-ovest;Piemonte;Cuneo;1;4124;4124;4124;ITC;ITC1;ITC16;ITC;ITC1;ITC16;
Mombasiglio;F312;1;4;4;125;4125;Nord-ovest;Piemonte;Cuneo;1;4125;4125;4125;ITC;ITC1;ITC16;ITC;ITC1;ITC16;
Monastero di Vasco;F326;1;4;4;126;4126;Nord-ovest;Piemonte;Cuneo;1;4126;4126;4126;ITC;ITC1;ITC16;ITC;ITC1;ITC16;
Monasterolo Casotto;F329;1;4;4;127;4127;Nord-ovest;Piemonte;Cuneo;1;4127;4127;4127;ITC;ITC1;ITC16;ITC;ITC1;ITC16;
Monasterolo di Savigliano;F330;1;4;4;128;4128;Nord-ovest;Piemonte;Cuneo;1;4128;4128;4128;ITC;ITC1;ITC16;ITC;ITC1;ITC16;
Monchiero;F338;1;4;4;129;4129;Nord-ovest;Piemonte;Cuneo;1;4129;4129;4129;ITC;ITC1;ITC16;ITC;ITC1;ITC16;
MondovÏ;F351;1;4;4;130;4130;Nord-ovest;Piemonte;Cuneo;1;4130;4130;4130;ITC;ITC1;ITC16;ITC;ITC1;ITC16;
Monesiglio;F355;1;4;4;131;4131;Nord-ovest;Piemonte;Cuneo;1;4131;4131;4131;ITC;ITC1;ITC16;ITC;ITC1;ITC16;
Monforte d'Alba;F358;1;4;4;132;4132;Nord-ovest;Piemonte;Cuneo;1;4132;4132;4132;ITC;ITC1;ITC16;ITC;ITC1;ITC16;
Mont‡;F385;1;4;4;133;4133;Nord-ovest;Piemonte;Cuneo;1;4133;4133;4133;ITC;ITC1;ITC16;ITC;ITC1;ITC16;
Montaldo di MondovÏ;F405;1;4;4;134;4134;Nord-ovest;Piemonte;Cuneo;1;4134;4134;4134;ITC;ITC1;ITC16;ITC;ITC1;ITC16;
Montaldo Roero;F408;1;4;4;135;4135;Nord-ovest;Piemonte;Cuneo;1;4135;4135;4135;ITC;ITC1;ITC16;ITC;ITC1;ITC16;
Montanera;F424;1;4;4;136;4136;Nord-ovest;Piemonte;Cuneo;1;4136;4136;4136;ITC;ITC1;ITC16;ITC;ITC1;ITC16;
Montelupo Albese;F550;1;4;4;137;4137;Nord-ovest;Piemonte;Cuneo;1;4137;4137;4137;ITC;ITC1;ITC16;ITC;ITC1;ITC16;
Montemale di Cuneo;F558;1;4;4;138;4138;Nord-ovest;Piemonte;Cuneo;1;4138;4138;4138;ITC;ITC1;ITC16;ITC;ITC1;ITC16;
Monterosso Grana;F608;1;4;4;139;4139;Nord-ovest;Piemonte;Cuneo;1;4139;4139;4139;ITC;ITC1;ITC16;ITC;ITC1;ITC16;
Monteu Roero;F654;1;4;4;140;4140;Nord-ovest;Piemonte;Cuneo;1;4140;4140;4140;ITC;ITC1;ITC16;ITC;ITC1;ITC16;
Montezemolo;F666;1;4;4;141;4141;Nord-ovest;Piemonte;Cuneo;1;4141;4141;4141;ITC;ITC1;ITC16;ITC;ITC1;ITC16;
Monticello d'Alba;F669;1;4;4;142;4142;Nord-ovest;Piemonte;Cuneo;1;4142;4142;4142;ITC;ITC1;ITC16;ITC;ITC1;ITC16;
Moretta;F723;1;4;4;143;4143;Nord-ovest;Piemonte;Cuneo;1;4143;4143;4143;ITC;ITC1;ITC16;ITC;ITC1;ITC16;
Morozzo;F743;1;4;4;144;4144;Nord-ovest;Piemonte;Cuneo;1;4144;4144;4144;ITC;ITC1;ITC16;ITC;ITC1;ITC16;
Murazzano;F809;1;4;4;145;4145;Nord-ovest;Piemonte;Cuneo;1;4145;4145;4145;ITC;ITC1;ITC16;ITC;ITC1;ITC16;
Murello;F811;1;4;4;146;4146;Nord-ovest;Piemonte;Cuneo;1;4146;4146;4146;ITC;ITC1;ITC16;ITC;ITC1;ITC16;
Narzole;F846;1;4;4;147;4147;Nord-ovest;Piemonte;Cuneo;1;4147;4147;4147;ITC;ITC1;ITC16;ITC;ITC1;ITC16;
Neive;F863;1;4;4;148;4148;Nord-ovest;Piemonte;Cuneo;1;4148;4148;4148;ITC;ITC1;ITC16;ITC;ITC1;ITC16;
Neviglie;F883;1;4;4;149;4149;Nord-ovest;Piemonte;Cuneo;1;4149;4149;4149;ITC;ITC1;ITC16;ITC;ITC1;ITC16;
Niella Belbo;F894;1;4;4;150;4150;Nord-ovest;Piemonte;Cuneo;1;4150;4150;4150;ITC;ITC1;ITC16;ITC;ITC1;ITC16;
Niella Tanaro;F895;1;4;4;151;4151;Nord-ovest;Piemonte;Cuneo;1;4151;4151;4151;ITC;ITC1;ITC16;ITC;ITC1;ITC16;
Novello;F961;1;4;4;152;4152;Nord-ovest;Piemonte;Cuneo;1;4152;4152;4152;ITC;ITC1;ITC16;ITC;ITC1;ITC16;
Nucetto;F972;1;4;4;153;4153;Nord-ovest;Piemonte;Cuneo;1;4153;4153;4153;ITC;ITC1;ITC16;ITC;ITC1;ITC16;
Oncino;G066;1;4;4;154;4154;Nord-ovest;Piemonte;Cuneo;1;4154;4154;4154;ITC;ITC1;ITC16;ITC;ITC1;ITC16;
Ormea;G114;1;4;4;155;4155;Nord-ovest;Piemonte;Cuneo;1;4155;4155;4155;ITC;ITC1;ITC16;ITC;ITC1;ITC16;
Ostana;G183;1;4;4;156;4156;Nord-ovest;Piemonte;Cuneo;1;4156;4156;4156;ITC;ITC1;ITC16;ITC;ITC1;ITC16;
Paesana;G228;1;4;4;157;4157;Nord-ovest;Piemonte;Cuneo;1;4157;4157;4157;ITC;ITC1;ITC16;ITC;ITC1;ITC16;
Pagno;G240;1;4;4;158;4158;Nord-ovest;Piemonte;Cuneo;1;4158;4158;4158;ITC;ITC1;ITC16;ITC;ITC1;ITC16;
Pamparato;G302;1;4;4;159;4159;Nord-ovest;Piemonte;Cuneo;1;4159;4159;4159;ITC;ITC1;ITC16;ITC;ITC1;ITC16;
Paroldo;G339;1;4;4;160;4160;Nord-ovest;Piemonte;Cuneo;1;4160;4160;4160;ITC;ITC1;ITC16;ITC;ITC1;ITC16;
Perletto;G457;1;4;4;161;4161;Nord-ovest;Piemonte;Cuneo;1;4161;4161;4161;ITC;ITC1;ITC16;ITC;ITC1;ITC16;
Perlo;G458;1;4;4;162;4162;Nord-ovest;Piemonte;Cuneo;1;4162;4162;4162;ITC;ITC1;ITC16;ITC;ITC1;ITC16;
Peveragno;G526;1;4;4;163;4163;Nord-ovest;Piemonte;Cuneo;1;4163;4163;4163;ITC;ITC1;ITC16;ITC;ITC1;ITC16;
Pezzolo Valle Uzzone;G532;1;4;4;164;4164;Nord-ovest;Piemonte;Cuneo;1;4164;4164;4164;ITC;ITC1;ITC16;ITC;ITC1;ITC16;
Pianfei;G561;1;4;4;165;4165;Nord-ovest;Piemonte;Cuneo;1;4165;4165;4165;ITC;ITC1;ITC16;ITC;ITC1;ITC16;
Piasco;G575;1;4;4;166;4166;Nord-ovest;Piemonte;Cuneo;1;4166;4166;4166;ITC;ITC1;ITC16;ITC;ITC1;ITC16;
Pietraporzio;G625;1;4;4;167;4167;Nord-ovest;Piemonte;Cuneo;1;4167;4167;4167;ITC;ITC1;ITC16;ITC;ITC1;ITC16;
Piobesi d'Alba;G683;1;4;4;168;4168;Nord-ovest;Piemonte;Cuneo;1;4168;4168;4168;ITC;ITC1;ITC16;ITC;ITC1;ITC16;
Piozzo;G697;1;4;4;169;4169;Nord-ovest;Piemonte;Cuneo;1;4169;4169;4169;ITC;ITC1;ITC16;ITC;ITC1;ITC16;
Pocapaglia;G742;1;4;4;170;4170;Nord-ovest;Piemonte;Cuneo;1;4170;4170;4170;ITC;ITC1;ITC16;ITC;ITC1;ITC16;
Polonghera;G800;1;4;4;171;4171;Nord-ovest;Piemonte;Cuneo;1;4171;4171;4171;ITC;ITC1;ITC16;ITC;ITC1;ITC16;
Pontechianale;G837;1;4;4;172;4172;Nord-ovest;Piemonte;Cuneo;1;4172;4172;4172;ITC;ITC1;ITC16;ITC;ITC1;ITC16;
Pradleves;G970;1;4;4;173;4173;Nord-ovest;Piemonte;Cuneo;1;4173;4173;4173;ITC;ITC1;ITC16;ITC;ITC1;ITC16;
Prazzo;H011;1;4;4;174;4174;Nord-ovest;Piemonte;Cuneo;1;4174;4174;4174;ITC;ITC1;ITC16;ITC;ITC1;ITC16;
Priero;H059;1;4;4;175;4175;Nord-ovest;Piemonte;Cuneo;1;4175;4175;4175;ITC;ITC1;ITC16;ITC;ITC1;ITC16;
Priocca;H068;1;4;4;176;4176;Nord-ovest;Piemonte;Cuneo;1;4176;4176;4176;ITC;ITC1;ITC16;ITC;ITC1;ITC16;
Priola;H069;1;4;4;177;4177;Nord-ovest;Piemonte;Cuneo;1;4177;4177;4177;ITC;ITC1;ITC16;ITC;ITC1;ITC16;
Prunetto;H085;1;4;4;178;4178;Nord-ovest;Piemonte;Cuneo;1;4178;4178;4178;ITC;ITC1;ITC16;ITC;ITC1;ITC16;
Racconigi;H150;1;4;4;179;4179;Nord-ovest;Piemonte;Cuneo;1;4179;4179;4179;ITC;ITC1;ITC16;ITC;ITC1;ITC16;
Revello;H247;1;4;4;180;4180;Nord-ovest;Piemonte;Cuneo;1;4180;4180;4180;ITC;ITC1;ITC16;ITC;ITC1;ITC16;
Rifreddo;H285;1;4;4;181;4181;Nord-ovest;Piemonte;Cuneo;1;4181;4181;4181;ITC;ITC1;ITC16;ITC;ITC1;ITC16;
Rittana;H326;1;4;4;182;4182;Nord-ovest;Piemonte;Cuneo;1;4182;4182;4182;ITC;ITC1;ITC16;ITC;ITC1;ITC16;
Roaschia;H362;1;4;4;183;4183;Nord-ovest;Piemonte;Cuneo;1;4183;4183;4183;ITC;ITC1;ITC16;ITC;ITC1;ITC16;
Roascio;H363;1;4;4;184;4184;Nord-ovest;Piemonte;Cuneo;1;4184;4184;4184;ITC;ITC1;ITC16;ITC;ITC1;ITC16;
Robilante;H377;1;4;4;185;4185;Nord-ovest;Piemonte;Cuneo;1;4185;4185;4185;ITC;ITC1;ITC16;ITC;ITC1;ITC16;
Roburent;H378;1;4;4;186;4186;Nord-ovest;Piemonte;Cuneo;1;4186;4186;4186;ITC;ITC1;ITC16;ITC;ITC1;ITC16;
Roccabruna;H385;1;4;4;187;4187;Nord-ovest;Piemonte;Cuneo;1;4187;4187;4187;ITC;ITC1;ITC16;ITC;ITC1;ITC16;
Rocca CigliË;H391;1;4;4;188;4188;Nord-ovest;Piemonte;Cuneo;1;4188;4188;4188;ITC;ITC1;ITC16;ITC;ITC1;ITC16;
Rocca de' Baldi;H395;1;4;4;189;4189;Nord-ovest;Piemonte;Cuneo;1;4189;4189;4189;ITC;ITC1;ITC16;ITC;ITC1;ITC16;
Roccaforte MondovÏ;H407;1;4;4;190;4190;Nord-ovest;Piemonte;Cuneo;1;4190;4190;4190;ITC;ITC1;ITC16;ITC;ITC1;ITC16;
Roccasparvera;H447;1;4;4;191;4191;Nord-ovest;Piemonte;Cuneo;1;4191;4191;4191;ITC;ITC1;ITC16;ITC;ITC1;ITC16;
Roccavione;H453;1;4;4;192;4192;Nord-ovest;Piemonte;Cuneo;1;4192;4192;4192;ITC;ITC1;ITC16;ITC;ITC1;ITC16;
Rocchetta Belbo;H462;1;4;4;193;4193;Nord-ovest;Piemonte;Cuneo;1;4193;4193;4193;ITC;ITC1;ITC16;ITC;ITC1;ITC16;
Roddi;H472;1;4;4;194;4194;Nord-ovest;Piemonte;Cuneo;1;4194;4194;4194;ITC;ITC1;ITC16;ITC;ITC1;ITC16;
Roddino;H473;1;4;4;195;4195;Nord-ovest;Piemonte;Cuneo;1;4195;4195;4195;ITC;ITC1;ITC16;ITC;ITC1;ITC16;
Rodello;H474;1;4;4;196;4196;Nord-ovest;Piemonte;Cuneo;1;4196;4196;4196;ITC;ITC1;ITC16;ITC;ITC1;ITC16;
Rossana;H578;1;4;4;197;4197;Nord-ovest;Piemonte;Cuneo;1;4197;4197;4197;ITC;ITC1;ITC16;ITC;ITC1;ITC16;
Ruffia;H633;1;4;4;198;4198;Nord-ovest;Piemonte;Cuneo;1;4198;4198;4198;ITC;ITC1;ITC16;ITC;ITC1;ITC16;
Sale delle Langhe;H695;1;4;4;199;4199;Nord-ovest;Piemonte;Cuneo;1;4199;4199;4199;ITC;ITC1;ITC16;ITC;ITC1;ITC16;
Sale San Giovanni;H704;1;4;4;200;4200;Nord-ovest;Piemonte;Cuneo;1;4200;4200;4200;ITC;ITC1;ITC16;ITC;ITC1;ITC16;
Saliceto;H710;1;4;4;201;4201;Nord-ovest;Piemonte;Cuneo;1;4201;4201;4201;ITC;ITC1;ITC16;ITC;ITC1;ITC16;
Salmour;H716;1;4;4;202;4202;Nord-ovest;Piemonte;Cuneo;1;4202;4202;4202;ITC;ITC1;ITC16;ITC;ITC1;ITC16;
Saluzzo;H727;1;4;4;203;4203;Nord-ovest;Piemonte;Cuneo;1;4203;4203;4203;ITC;ITC1;ITC16;ITC;ITC1;ITC16;
Sambuco;H746;1;4;4;204;4204;Nord-ovest;Piemonte;Cuneo;1;4204;4204;4204;ITC;ITC1;ITC16;ITC;ITC1;ITC16;
Sampeyre;H755;1;4;4;205;4205;Nord-ovest;Piemonte;Cuneo;1;4205;4205;4205;ITC;ITC1;ITC16;ITC;ITC1;ITC16;
San Benedetto Belbo;H770;1;4;4;206;4206;Nord-ovest;Piemonte;Cuneo;1;4206;4206;4206;ITC;ITC1;ITC16;ITC;ITC1;ITC16;
San Damiano Macra;H812;1;4;4;207;4207;Nord-ovest;Piemonte;Cuneo;1;4207;4207;4207;ITC;ITC1;ITC16;ITC;ITC1;ITC16;
SanfrË;H851;1;4;4;208;4208;Nord-ovest;Piemonte;Cuneo;1;4208;4208;4208;ITC;ITC1;ITC16;ITC;ITC1;ITC16;
Sanfront;H852;1;4;4;209;4209;Nord-ovest;Piemonte;Cuneo;1;4209;4209;4209;ITC;ITC1;ITC16;ITC;ITC1;ITC16;
San Michele MondovÏ;I037;1;4;4;210;4210;Nord-ovest;Piemonte;Cuneo;1;4210;4210;4210;ITC;ITC1;ITC16;ITC;ITC1;ITC16;
Sant'Albano Stura;I210;1;4;4;211;4211;Nord-ovest;Piemonte;Cuneo;1;4211;4211;4211;ITC;ITC1;ITC16;ITC;ITC1;ITC16;
Santa Vittoria d'Alba;I316;1;4;4;212;4212;Nord-ovest;Piemonte;Cuneo;1;4212;4212;4212;ITC;ITC1;ITC16;ITC;ITC1;ITC16;
Santo Stefano Belbo;I367;1;4;4;213;4213;Nord-ovest;Piemonte;Cuneo;1;4213;4213;4213;ITC;ITC1;ITC16;ITC;ITC1;ITC16;
Santo Stefano Roero;I372;1;4;4;214;4214;Nord-ovest;Piemonte;Cuneo;1;4214;4214;4214;ITC;ITC1;ITC16;ITC;ITC1;ITC16;
Savigliano;I470;1;4;4;215;4215;Nord-ovest;Piemonte;Cuneo;1;4215;4215;4215;ITC;ITC1;ITC16;ITC;ITC1;ITC16;
Scagnello;I484;1;4;4;216;4216;Nord-ovest;Piemonte;Cuneo;1;4216;4216;4216;ITC;ITC1;ITC16;ITC;ITC1;ITC16;
Scarnafigi;I512;1;4;4;217;4217;Nord-ovest;Piemonte;Cuneo;1;4217;4217;4217;ITC;ITC1;ITC16;ITC;ITC1;ITC16;
Serralunga d'Alba;I646;1;4;4;218;4218;Nord-ovest;Piemonte;Cuneo;1;4218;4218;4218;ITC;ITC1;ITC16;ITC;ITC1;ITC16;
Serravalle Langhe;I659;1;4;4;219;4219;Nord-ovest;Piemonte;Cuneo;1;4219;4219;4219;ITC;ITC1;ITC16;ITC;ITC1;ITC16;
Sinio;I750;1;4;4;220;4220;Nord-ovest;Piemonte;Cuneo;1;4220;4220;4220;ITC;ITC1;ITC16;ITC;ITC1;ITC16;
Somano;I817;1;4;4;221;4221;Nord-ovest;Piemonte;Cuneo;1;4221;4221;4221;ITC;ITC1;ITC16;ITC;ITC1;ITC16;
Sommariva del Bosco;I822;1;4;4;222;4222;Nord-ovest;Piemonte;Cuneo;1;4222;4222;4222;ITC;ITC1;ITC16;ITC;ITC1;ITC16;
Sommariva Perno;I823;1;4;4;223;4223;Nord-ovest;Piemonte;Cuneo;1;4223;4223;4223;ITC;ITC1;ITC16;ITC;ITC1;ITC16;
Stroppo;I985;1;4;4;224;4224;Nord-ovest;Piemonte;Cuneo;1;4224;4224;4224;ITC;ITC1;ITC16;ITC;ITC1;ITC16;
Tarantasca;L048;1;4;4;225;4225;Nord-ovest;Piemonte;Cuneo;1;4225;4225;4225;ITC;ITC1;ITC16;ITC;ITC1;ITC16;
Torre Bormida;L252;1;4;4;226;4226;Nord-ovest;Piemonte;Cuneo;1;4226;4226;4226;ITC;ITC1;ITC16;ITC;ITC1;ITC16;
Torre MondovÏ;L241;1;4;4;227;4227;Nord-ovest;Piemonte;Cuneo;1;4227;4227;4227;ITC;ITC1;ITC16;ITC;ITC1;ITC16;
Torre San Giorgio;L278;1;4;4;228;4228;Nord-ovest;Piemonte;Cuneo;1;4228;4228;4228;ITC;ITC1;ITC16;ITC;ITC1;ITC16;
Torresina;L281;1;4;4;229;4229;Nord-ovest;Piemonte;Cuneo;1;4229;4229;4229;ITC;ITC1;ITC16;ITC;ITC1;ITC16;
Treiso;L367;1;4;4;230;4230;Nord-ovest;Piemonte;Cuneo;1;4230;4230;4230;ITC;ITC1;ITC16;ITC;ITC1;ITC16;
Trezzo Tinella;L410;1;4;4;231;4231;Nord-ovest;Piemonte;Cuneo;1;4231;4231;4231;ITC;ITC1;ITC16;ITC;ITC1;ITC16;
Trinit‡;L427;1;4;4;232;4232;Nord-ovest;Piemonte;Cuneo;1;4232;4232;4232;ITC;ITC1;ITC16;ITC;ITC1;ITC16;
Valdieri;L558;1;4;4;233;4233;Nord-ovest;Piemonte;Cuneo;1;4233;4233;4233;ITC;ITC1;ITC16;ITC;ITC1;ITC16;
Valgrana;L580;1;4;4;234;4234;Nord-ovest;Piemonte;Cuneo;1;4234;4234;4234;ITC;ITC1;ITC16;ITC;ITC1;ITC16;
Valloriate;L631;1;4;4;235;4235;Nord-ovest;Piemonte;Cuneo;1;4235;4235;4235;ITC;ITC1;ITC16;ITC;ITC1;ITC16;
Venasca;L729;1;4;4;237;4237;Nord-ovest;Piemonte;Cuneo;1;4237;4237;4237;ITC;ITC1;ITC16;ITC;ITC1;ITC16;
Verduno;L758;1;4;4;238;4238;Nord-ovest;Piemonte;Cuneo;1;4238;4238;4238;ITC;ITC1;ITC16;ITC;ITC1;ITC16;
Vernante;L771;1;4;4;239;4239;Nord-ovest;Piemonte;Cuneo;1;4239;4239;4239;ITC;ITC1;ITC16;ITC;ITC1;ITC16;
Verzuolo;L804;1;4;4;240;4240;Nord-ovest;Piemonte;Cuneo;1;4240;4240;4240;ITC;ITC1;ITC16;ITC;ITC1;ITC16;
Vezza d'Alba;L817;1;4;4;241;4241;Nord-ovest;Piemonte;Cuneo;1;4241;4241;4241;ITC;ITC1;ITC16;ITC;ITC1;ITC16;
Vicoforte;L841;1;4;4;242;4242;Nord-ovest;Piemonte;Cuneo;1;4242;4242;4242;ITC;ITC1;ITC16;ITC;ITC1;ITC16;
Vignolo;L888;1;4;4;243;4243;Nord-ovest;Piemonte;Cuneo;1;4243;4243;4243;ITC;ITC1;ITC16;ITC;ITC1;ITC16;
Villafalletto;L942;1;4;4;244;4244;Nord-ovest;Piemonte;Cuneo;1;4244;4244;4244;ITC;ITC1;ITC16;ITC;ITC1;ITC16;
Villanova MondovÏ;L974;1;4;4;245;4245;Nord-ovest;Piemonte;Cuneo;1;4245;4245;4245;ITC;ITC1;ITC16;ITC;ITC1;ITC16;
Villanova Solaro;L990;1;4;4;246;4246;Nord-ovest;Piemonte;Cuneo;1;4246;4246;4246;ITC;ITC1;ITC16;ITC;ITC1;ITC16;
Villar San Costanzo;M015;1;4;4;247;4247;Nord-ovest;Piemonte;Cuneo;1;4247;4247;4247;ITC;ITC1;ITC16;ITC;ITC1;ITC16;
Vinadio;M055;1;4;4;248;4248;Nord-ovest;Piemonte;Cuneo;1;4248;4248;4248;ITC;ITC1;ITC16;ITC;ITC1;ITC16;
Viola;M063;1;4;4;249;4249;Nord-ovest;Piemonte;Cuneo;1;4249;4249;4249;ITC;ITC1;ITC16;ITC;ITC1;ITC16;
Vottignasco;M136;1;4;4;250;4250;Nord-ovest;Piemonte;Cuneo;1;4250;4250;4250;ITC;ITC1;ITC16;ITC;ITC1;ITC16;
Agliano Terme;A072;1;5;5;1;5001;Nord-ovest;Piemonte;Asti;1;5001;5001;5001;ITC;ITC1;ITC17;ITC;ITC1;ITC17;
Albugnano;A173;1;5;5;2;5002;Nord-ovest;Piemonte;Asti;1;5002;5002;5002;ITC;ITC1;ITC17;ITC;ITC1;ITC17;
Antignano;A312;1;5;5;3;5003;Nord-ovest;Piemonte;Asti;1;5003;5003;5003;ITC;ITC1;ITC17;ITC;ITC1;ITC17;
Aramengo;A352;1;5;5;4;5004;Nord-ovest;Piemonte;Asti;1;5004;5004;5004;ITC;ITC1;ITC17;ITC;ITC1;ITC17;
Asti;A479;1;5;5;5;5005;Nord-ovest;Piemonte;Asti;1;5005;5005;5005;ITC;ITC1;ITC17;ITC;ITC1;ITC17;
Azzano d'Asti;A527;1;5;5;6;5006;Nord-ovest;Piemonte;Asti;1;5006;5006;5006;ITC;ITC1;ITC17;ITC;ITC1;ITC17;
Baldichieri d'Asti;A588;1;5;5;7;5007;Nord-ovest;Piemonte;Asti;1;5007;5007;5007;ITC;ITC1;ITC17;ITC;ITC1;ITC17;
Belveglio;A770;1;5;5;8;5008;Nord-ovest;Piemonte;Asti;1;5008;5008;5008;ITC;ITC1;ITC17;ITC;ITC1;ITC17;
Berzano di San Pietro;A812;1;5;5;9;5009;Nord-ovest;Piemonte;Asti;1;5009;5009;5009;ITC;ITC1;ITC17;ITC;ITC1;ITC17;
Bruno;B221;1;5;5;10;5010;Nord-ovest;Piemonte;Asti;1;5010;5010;5010;ITC;ITC1;ITC17;ITC;ITC1;ITC17;
Bubbio;B236;1;5;5;11;5011;Nord-ovest;Piemonte;Asti;1;5011;5011;5011;ITC;ITC1;ITC17;ITC;ITC1;ITC17;
Buttigliera d'Asti;B306;1;5;5;12;5012;Nord-ovest;Piemonte;Asti;1;5012;5012;5012;ITC;ITC1;ITC17;ITC;ITC1;ITC17;
Calamandrana;B376;1;5;5;13;5013;Nord-ovest;Piemonte;Asti;1;5013;5013;5013;ITC;ITC1;ITC17;ITC;ITC1;ITC17;
Calliano Monferrato;B418;1;5;5;14;5014;Nord-ovest;Piemonte;Asti;1;5014;5014;5014;ITC;ITC1;ITC17;ITC;ITC1;ITC17;
Calosso;B425;1;5;5;15;5015;Nord-ovest;Piemonte;Asti;1;5015;5015;5015;ITC;ITC1;ITC17;ITC;ITC1;ITC17;
Camerano Casasco;B469;1;5;5;16;5016;Nord-ovest;Piemonte;Asti;1;5016;5016;5016;ITC;ITC1;ITC17;ITC;ITC1;ITC17;
Canelli;B594;1;5;5;17;5017;Nord-ovest;Piemonte;Asti;1;5017;5017;5017;ITC;ITC1;ITC17;ITC;ITC1;ITC17;
Cantarana;B633;1;5;5;18;5018;Nord-ovest;Piemonte;Asti;1;5018;5018;5018;ITC;ITC1;ITC17;ITC;ITC1;ITC17;
Capriglio;B707;1;5;5;19;5019;Nord-ovest;Piemonte;Asti;1;5019;5019;5019;ITC;ITC1;ITC17;ITC;ITC1;ITC17;
Casorzo Monferrato;B991;1;5;5;20;5020;Nord-ovest;Piemonte;Asti;1;5020;5020;5020;ITC;ITC1;ITC17;ITC;ITC1;ITC17;
Cassinasco;C022;1;5;5;21;5021;Nord-ovest;Piemonte;Asti;1;5021;5021;5021;ITC;ITC1;ITC17;ITC;ITC1;ITC17;
Castagnole delle Lanze;C049;1;5;5;22;5022;Nord-ovest;Piemonte;Asti;1;5022;5022;5022;ITC;ITC1;ITC17;ITC;ITC1;ITC17;
Castagnole Monferrato;C047;1;5;5;23;5023;Nord-ovest;Piemonte;Asti;1;5023;5023;5023;ITC;ITC1;ITC17;ITC;ITC1;ITC17;
Castel Boglione;C064;1;5;5;24;5024;Nord-ovest;Piemonte;Asti;1;5024;5024;5024;ITC;ITC1;ITC17;ITC;ITC1;ITC17;
Castell'Alfero;C127;1;5;5;25;5025;Nord-ovest;Piemonte;Asti;1;5025;5025;5025;ITC;ITC1;ITC17;ITC;ITC1;ITC17;
Castellero;C154;1;5;5;26;5026;Nord-ovest;Piemonte;Asti;1;5026;5026;5026;ITC;ITC1;ITC17;ITC;ITC1;ITC17;
Castelletto Molina;C161;1;5;5;27;5027;Nord-ovest;Piemonte;Asti;1;5027;5027;5027;ITC;ITC1;ITC17;ITC;ITC1;ITC17;
Castello di Annone;A300;1;5;5;28;5028;Nord-ovest;Piemonte;Asti;1;5028;5028;5028;ITC;ITC1;ITC17;ITC;ITC1;ITC17;
Castelnuovo Belbo;C226;1;5;5;29;5029;Nord-ovest;Piemonte;Asti;1;5029;5029;5029;ITC;ITC1;ITC17;ITC;ITC1;ITC17;
Castelnuovo Calcea;C230;1;5;5;30;5030;Nord-ovest;Piemonte;Asti;1;5030;5030;5030;ITC;ITC1;ITC17;ITC;ITC1;ITC17;
Castelnuovo Don Bosco;C232;1;5;5;31;5031;Nord-ovest;Piemonte;Asti;1;5031;5031;5031;ITC;ITC1;ITC17;ITC;ITC1;ITC17;
Castel Rocchero;C253;1;5;5;32;5032;Nord-ovest;Piemonte;Asti;1;5032;5032;5032;ITC;ITC1;ITC17;ITC;ITC1;ITC17;
Cellarengo;C438;1;5;5;33;5033;Nord-ovest;Piemonte;Asti;1;5033;5033;5033;ITC;ITC1;ITC17;ITC;ITC1;ITC17;
Celle Enomondo;C440;1;5;5;34;5034;Nord-ovest;Piemonte;Asti;1;5034;5034;5034;ITC;ITC1;ITC17;ITC;ITC1;ITC17;
Cerreto d'Asti;C528;1;5;5;35;5035;Nord-ovest;Piemonte;Asti;1;5035;5035;5035;ITC;ITC1;ITC17;ITC;ITC1;ITC17;
Cerro Tanaro;C533;1;5;5;36;5036;Nord-ovest;Piemonte;Asti;1;5036;5036;5036;ITC;ITC1;ITC17;ITC;ITC1;ITC17;
Cessole;C583;1;5;5;37;5037;Nord-ovest;Piemonte;Asti;1;5037;5037;5037;ITC;ITC1;ITC17;ITC;ITC1;ITC17;
Chiusano d'Asti;C658;1;5;5;38;5038;Nord-ovest;Piemonte;Asti;1;5038;5038;5038;ITC;ITC1;ITC17;ITC;ITC1;ITC17;
Cinaglio;C701;1;5;5;39;5039;Nord-ovest;Piemonte;Asti;1;5039;5039;5039;ITC;ITC1;ITC17;ITC;ITC1;ITC17;
Cisterna d'Asti;C739;1;5;5;40;5040;Nord-ovest;Piemonte;Asti;1;5040;5040;5040;ITC;ITC1;ITC17;ITC;ITC1;ITC17;
Coazzolo;C804;1;5;5;41;5041;Nord-ovest;Piemonte;Asti;1;5041;5041;5041;ITC;ITC1;ITC17;ITC;ITC1;ITC17;
Cocconato;C807;1;5;5;42;5042;Nord-ovest;Piemonte;Asti;1;5042;5042;5042;ITC;ITC1;ITC17;ITC;ITC1;ITC17;
Corsione;D046;1;5;5;44;5044;Nord-ovest;Piemonte;Asti;1;5044;5044;5044;ITC;ITC1;ITC17;ITC;ITC1;ITC17;
Cortandone;D050;1;5;5;45;5045;Nord-ovest;Piemonte;Asti;1;5045;5045;5045;ITC;ITC1;ITC17;ITC;ITC1;ITC17;
Cortanze;D051;1;5;5;46;5046;Nord-ovest;Piemonte;Asti;1;5046;5046;5046;ITC;ITC1;ITC17;ITC;ITC1;ITC17;
Cortazzone;D052;1;5;5;47;5047;Nord-ovest;Piemonte;Asti;1;5047;5047;5047;ITC;ITC1;ITC17;ITC;ITC1;ITC17;
Cortiglione;D072;1;5;5;48;5048;Nord-ovest;Piemonte;Asti;1;5048;5048;5048;ITC;ITC1;ITC17;ITC;ITC1;ITC17;
Cossombrato;D101;1;5;5;49;5049;Nord-ovest;Piemonte;Asti;1;5049;5049;5049;ITC;ITC1;ITC17;ITC;ITC1;ITC17;
Costigliole d'Asti;D119;1;5;5;50;5050;Nord-ovest;Piemonte;Asti;1;5050;5050;5050;ITC;ITC1;ITC17;ITC;ITC1;ITC17;
Cunico;D207;1;5;5;51;5051;Nord-ovest;Piemonte;Asti;1;5051;5051;5051;ITC;ITC1;ITC17;ITC;ITC1;ITC17;
Dusino San Michele;D388;1;5;5;52;5052;Nord-ovest;Piemonte;Asti;1;5052;5052;5052;ITC;ITC1;ITC17;ITC;ITC1;ITC17;
Ferrere;D554;1;5;5;53;5053;Nord-ovest;Piemonte;Asti;1;5053;5053;5053;ITC;ITC1;ITC17;ITC;ITC1;ITC17;
Fontanile;D678;1;5;5;54;5054;Nord-ovest;Piemonte;Asti;1;5054;5054;5054;ITC;ITC1;ITC17;ITC;ITC1;ITC17;
Frinco;D802;1;5;5;55;5055;Nord-ovest;Piemonte;Asti;1;5055;5055;5055;ITC;ITC1;ITC17;ITC;ITC1;ITC17;
Grana Monferrato;E134;1;5;5;56;5056;Nord-ovest;Piemonte;Asti;1;5056;5056;5056;ITC;ITC1;ITC17;ITC;ITC1;ITC17;
Grazzano Badoglio;E159;1;5;5;57;5057;Nord-ovest;Piemonte;Asti;1;5057;5057;5057;ITC;ITC1;ITC17;ITC;ITC1;ITC17;
Incisa Scapaccino;E295;1;5;5;58;5058;Nord-ovest;Piemonte;Asti;1;5058;5058;5058;ITC;ITC1;ITC17;ITC;ITC1;ITC17;
Isola d'Asti;E338;1;5;5;59;5059;Nord-ovest;Piemonte;Asti;1;5059;5059;5059;ITC;ITC1;ITC17;ITC;ITC1;ITC17;
Loazzolo;E633;1;5;5;60;5060;Nord-ovest;Piemonte;Asti;1;5060;5060;5060;ITC;ITC1;ITC17;ITC;ITC1;ITC17;
Maranzana;E917;1;5;5;61;5061;Nord-ovest;Piemonte;Asti;1;5061;5061;5061;ITC;ITC1;ITC17;ITC;ITC1;ITC17;
Maretto;E944;1;5;5;62;5062;Nord-ovest;Piemonte;Asti;1;5062;5062;5062;ITC;ITC1;ITC17;ITC;ITC1;ITC17;
Moasca;F254;1;5;5;63;5063;Nord-ovest;Piemonte;Asti;1;5063;5063;5063;ITC;ITC1;ITC17;ITC;ITC1;ITC17;
Mombaldone;F308;1;5;5;64;5064;Nord-ovest;Piemonte;Asti;1;5064;5064;5064;ITC;ITC1;ITC17;ITC;ITC1;ITC17;
Mombaruzzo;F311;1;5;5;65;5065;Nord-ovest;Piemonte;Asti;1;5065;5065;5065;ITC;ITC1;ITC17;ITC;ITC1;ITC17;
Mombercelli;F316;1;5;5;66;5066;Nord-ovest;Piemonte;Asti;1;5066;5066;5066;ITC;ITC1;ITC17;ITC;ITC1;ITC17;
Monale;F323;1;5;5;67;5067;Nord-ovest;Piemonte;Asti;1;5067;5067;5067;ITC;ITC1;ITC17;ITC;ITC1;ITC17;
Monastero Bormida;F325;1;5;5;68;5068;Nord-ovest;Piemonte;Asti;1;5068;5068;5068;ITC;ITC1;ITC17;ITC;ITC1;ITC17;
Moncalvo;F336;1;5;5;69;5069;Nord-ovest;Piemonte;Asti;1;5069;5069;5069;ITC;ITC1;ITC17;ITC;ITC1;ITC17;
Moncucco Torinese;F343;1;5;5;70;5070;Nord-ovest;Piemonte;Asti;1;5070;5070;5070;ITC;ITC1;ITC17;ITC;ITC1;ITC17;
Mongardino;F361;1;5;5;71;5071;Nord-ovest;Piemonte;Asti;1;5071;5071;5071;ITC;ITC1;ITC17;ITC;ITC1;ITC17;
Montabone;F386;1;5;5;72;5072;Nord-ovest;Piemonte;Asti;1;5072;5072;5072;ITC;ITC1;ITC17;ITC;ITC1;ITC17;
Montafia;F390;1;5;5;73;5073;Nord-ovest;Piemonte;Asti;1;5073;5073;5073;ITC;ITC1;ITC17;ITC;ITC1;ITC17;
Montaldo Scarampi;F409;1;5;5;74;5074;Nord-ovest;Piemonte;Asti;1;5074;5074;5074;ITC;ITC1;ITC17;ITC;ITC1;ITC17;
Montechiaro d'Asti;F468;1;5;5;75;5075;Nord-ovest;Piemonte;Asti;1;5075;5075;5075;ITC;ITC1;ITC17;ITC;ITC1;ITC17;
Montegrosso d'Asti;F527;1;5;5;76;5076;Nord-ovest;Piemonte;Asti;1;5076;5076;5076;ITC;ITC1;ITC17;ITC;ITC1;ITC17;
Montemagno Monferrato;F556;1;5;5;77;5077;Nord-ovest;Piemonte;Asti;1;5077;5077;5077;ITC;ITC1;ITC17;ITC;ITC1;ITC17;
Nizza Monferrato;F902;1;5;5;80;5080;Nord-ovest;Piemonte;Asti;1;5080;5080;5080;ITC;ITC1;ITC17;ITC;ITC1;ITC17;
Olmo Gentile;G048;1;5;5;81;5081;Nord-ovest;Piemonte;Asti;1;5081;5081;5081;ITC;ITC1;ITC17;ITC;ITC1;ITC17;
Passerano Marmorito;G358;1;5;5;82;5082;Nord-ovest;Piemonte;Asti;1;5082;5082;5082;ITC;ITC1;ITC17;ITC;ITC1;ITC17;
Penango;G430;1;5;5;83;5083;Nord-ovest;Piemonte;Asti;1;5083;5083;5083;ITC;ITC1;ITC17;ITC;ITC1;ITC17;
Piea;G593;1;5;5;84;5084;Nord-ovest;Piemonte;Asti;1;5084;5084;5084;ITC;ITC1;ITC17;ITC;ITC1;ITC17;
Pino d'Asti;G676;1;5;5;85;5085;Nord-ovest;Piemonte;Asti;1;5085;5085;5085;ITC;ITC1;ITC17;ITC;ITC1;ITC17;
Piov‡ Massaia;G692;1;5;5;86;5086;Nord-ovest;Piemonte;Asti;1;5086;5086;5086;ITC;ITC1;ITC17;ITC;ITC1;ITC17;
Portacomaro;G894;1;5;5;87;5087;Nord-ovest;Piemonte;Asti;1;5087;5087;5087;ITC;ITC1;ITC17;ITC;ITC1;ITC17;
Quaranti;H102;1;5;5;88;5088;Nord-ovest;Piemonte;Asti;1;5088;5088;5088;ITC;ITC1;ITC17;ITC;ITC1;ITC17;
Refrancore;H219;1;5;5;89;5089;Nord-ovest;Piemonte;Asti;1;5089;5089;5089;ITC;ITC1;ITC17;ITC;ITC1;ITC17;
Revigliasco d'Asti;H250;1;5;5;90;5090;Nord-ovest;Piemonte;Asti;1;5090;5090;5090;ITC;ITC1;ITC17;ITC;ITC1;ITC17;
Roatto;H366;1;5;5;91;5091;Nord-ovest;Piemonte;Asti;1;5091;5091;5091;ITC;ITC1;ITC17;ITC;ITC1;ITC17;
Robella;H376;1;5;5;92;5092;Nord-ovest;Piemonte;Asti;1;5092;5092;5092;ITC;ITC1;ITC17;ITC;ITC1;ITC17;
Rocca d'Arazzo;H392;1;5;5;93;5093;Nord-ovest;Piemonte;Asti;1;5093;5093;5093;ITC;ITC1;ITC17;ITC;ITC1;ITC17;
Roccaverano;H451;1;5;5;94;5094;Nord-ovest;Piemonte;Asti;1;5094;5094;5094;ITC;ITC1;ITC17;ITC;ITC1;ITC17;
Rocchetta Palafea;H466;1;5;5;95;5095;Nord-ovest;Piemonte;Asti;1;5095;5095;5095;ITC;ITC1;ITC17;ITC;ITC1;ITC17;
Rocchetta Tanaro;H468;1;5;5;96;5096;Nord-ovest;Piemonte;Asti;1;5096;5096;5096;ITC;ITC1;ITC17;ITC;ITC1;ITC17;
San Damiano d'Asti;H811;1;5;5;97;5097;Nord-ovest;Piemonte;Asti;1;5097;5097;5097;ITC;ITC1;ITC17;ITC;ITC1;ITC17;
San Giorgio Scarampi;H899;1;5;5;98;5098;Nord-ovest;Piemonte;Asti;1;5098;5098;5098;ITC;ITC1;ITC17;ITC;ITC1;ITC17;
San Martino Alfieri;H987;1;5;5;99;5099;Nord-ovest;Piemonte;Asti;1;5099;5099;5099;ITC;ITC1;ITC17;ITC;ITC1;ITC17;
San Marzano Oliveto;I017;1;5;5;100;5100;Nord-ovest;Piemonte;Asti;1;5100;5100;5100;ITC;ITC1;ITC17;ITC;ITC1;ITC17;
San Paolo Solbrito;I076;1;5;5;101;5101;Nord-ovest;Piemonte;Asti;1;5101;5101;5101;ITC;ITC1;ITC17;ITC;ITC1;ITC17;
Scurzolengo;I555;1;5;5;103;5103;Nord-ovest;Piemonte;Asti;1;5103;5103;5103;ITC;ITC1;ITC17;ITC;ITC1;ITC17;
Serole;I637;1;5;5;104;5104;Nord-ovest;Piemonte;Asti;1;5104;5104;5104;ITC;ITC1;ITC17;ITC;ITC1;ITC17;
Sessame;I678;1;5;5;105;5105;Nord-ovest;Piemonte;Asti;1;5105;5105;5105;ITC;ITC1;ITC17;ITC;ITC1;ITC17;
Settime;I698;1;5;5;106;5106;Nord-ovest;Piemonte;Asti;1;5106;5106;5106;ITC;ITC1;ITC17;ITC;ITC1;ITC17;
Soglio;I781;1;5;5;107;5107;Nord-ovest;Piemonte;Asti;1;5107;5107;5107;ITC;ITC1;ITC17;ITC;ITC1;ITC17;
Tigliole;L168;1;5;5;108;5108;Nord-ovest;Piemonte;Asti;1;5108;5108;5108;ITC;ITC1;ITC17;ITC;ITC1;ITC17;
Tonco;L203;1;5;5;109;5109;Nord-ovest;Piemonte;Asti;1;5109;5109;5109;ITC;ITC1;ITC17;ITC;ITC1;ITC17;
Vaglio Serra;L531;1;5;5;111;5111;Nord-ovest;Piemonte;Asti;1;5111;5111;5111;ITC;ITC1;ITC17;ITC;ITC1;ITC17;
Valfenera;L574;1;5;5;112;5112;Nord-ovest;Piemonte;Asti;1;5112;5112;5112;ITC;ITC1;ITC17;ITC;ITC1;ITC17;
Vesime;L807;1;5;5;113;5113;Nord-ovest;Piemonte;Asti;1;5113;5113;5113;ITC;ITC1;ITC17;ITC;ITC1;ITC17;
Viale;L829;1;5;5;114;5114;Nord-ovest;Piemonte;Asti;1;5114;5114;5114;ITC;ITC1;ITC17;ITC;ITC1;ITC17;
Viarigi;L834;1;5;5;115;5115;Nord-ovest;Piemonte;Asti;1;5115;5115;5115;ITC;ITC1;ITC17;ITC;ITC1;ITC17;
Vigliano d'Asti;L879;1;5;5;116;5116;Nord-ovest;Piemonte;Asti;1;5116;5116;5116;ITC;ITC1;ITC17;ITC;ITC1;ITC17;
Villafranca d'Asti;L945;1;5;5;117;5117;Nord-ovest;Piemonte;Asti;1;5117;5117;5117;ITC;ITC1;ITC17;ITC;ITC1;ITC17;
Villanova d'Asti;L984;1;5;5;118;5118;Nord-ovest;Piemonte;Asti;1;5118;5118;5118;ITC;ITC1;ITC17;ITC;ITC1;ITC17;
Villa San Secondo;M019;1;5;5;119;5119;Nord-ovest;Piemonte;Asti;1;5119;5119;5119;ITC;ITC1;ITC17;ITC;ITC1;ITC17;
Vinchio;M058;1;5;5;120;5120;Nord-ovest;Piemonte;Asti;1;5120;5120;5120;ITC;ITC1;ITC17;ITC;ITC1;ITC17;
Montiglio Monferrato;M302;1;5;5;121;5121;Nord-ovest;Piemonte;Asti;1;5121;5121;5121;ITC;ITC1;ITC17;ITC;ITC1;ITC17;
Moransengo-Tonengo;M434;1;5;5;122;5122;Nord-ovest;Piemonte;Asti;1;5122;5122;5122;ITC;ITC1;ITC17;ITC;ITC1;ITC17;
Acqui Terme;A052;1;6;6;1;6001;Nord-ovest;Piemonte;Alessandria;1;6001;6001;6001;ITC;ITC1;ITC18;ITC;ITC1;ITC18;
Albera Ligure;A146;1;6;6;2;6002;Nord-ovest;Piemonte;Alessandria;1;6002;6002;6002;ITC;ITC1;ITC18;ITC;ITC1;ITC18;
Alessandria;A182;1;6;6;3;6003;Nord-ovest;Piemonte;Alessandria;1;6003;6003;6003;ITC;ITC1;ITC18;ITC;ITC1;ITC18;
Alfiano Natta;A189;1;6;6;4;6004;Nord-ovest;Piemonte;Alessandria;1;6004;6004;6004;ITC;ITC1;ITC18;ITC;ITC1;ITC18;
Alice Bel Colle;A197;1;6;6;5;6005;Nord-ovest;Piemonte;Alessandria;1;6005;6005;6005;ITC;ITC1;ITC18;ITC;ITC1;ITC18;
Altavilla Monferrato;A227;1;6;6;7;6007;Nord-ovest;Piemonte;Alessandria;1;6007;6007;6007;ITC;ITC1;ITC18;ITC;ITC1;ITC18;
Alzano Scrivia;A245;1;6;6;8;6008;Nord-ovest;Piemonte;Alessandria;1;6008;6008;6008;ITC;ITC1;ITC18;ITC;ITC1;ITC18;
Arquata Scrivia;A436;1;6;6;9;6009;Nord-ovest;Piemonte;Alessandria;1;6009;6009;6009;ITC;ITC1;ITC18;ITC;ITC1;ITC18;
Avolasca;A523;1;6;6;10;6010;Nord-ovest;Piemonte;Alessandria;1;6010;6010;6010;ITC;ITC1;ITC18;ITC;ITC1;ITC18;
Balzola;A605;1;6;6;11;6011;Nord-ovest;Piemonte;Alessandria;1;6011;6011;6011;ITC;ITC1;ITC18;ITC;ITC1;ITC18;
Basaluzzo;A689;1;6;6;12;6012;Nord-ovest;Piemonte;Alessandria;1;6012;6012;6012;ITC;ITC1;ITC18;ITC;ITC1;ITC18;
Bassignana;A708;1;6;6;13;6013;Nord-ovest;Piemonte;Alessandria;1;6013;6013;6013;ITC;ITC1;ITC18;ITC;ITC1;ITC18;
Belforte Monferrato;A738;1;6;6;14;6014;Nord-ovest;Piemonte;Alessandria;1;6014;6014;6014;ITC;ITC1;ITC18;ITC;ITC1;ITC18;
Bergamasco;A793;1;6;6;15;6015;Nord-ovest;Piemonte;Alessandria;1;6015;6015;6015;ITC;ITC1;ITC18;ITC;ITC1;ITC18;
Berzano di Tortona;A813;1;6;6;16;6016;Nord-ovest;Piemonte;Alessandria;1;6016;6016;6016;ITC;ITC1;ITC18;ITC;ITC1;ITC18;
Bistagno;A889;1;6;6;17;6017;Nord-ovest;Piemonte;Alessandria;1;6017;6017;6017;ITC;ITC1;ITC18;ITC;ITC1;ITC18;
Borghetto di Borbera;A998;1;6;6;18;6018;Nord-ovest;Piemonte;Alessandria;1;6018;6018;6018;ITC;ITC1;ITC18;ITC;ITC1;ITC18;
Borgoratto Alessandrino;B029;1;6;6;19;6019;Nord-ovest;Piemonte;Alessandria;1;6019;6019;6019;ITC;ITC1;ITC18;ITC;ITC1;ITC18;
Borgo San Martino;B037;1;6;6;20;6020;Nord-ovest;Piemonte;Alessandria;1;6020;6020;6020;ITC;ITC1;ITC18;ITC;ITC1;ITC18;
Bosco Marengo;B071;1;6;6;21;6021;Nord-ovest;Piemonte;Alessandria;1;6021;6021;6021;ITC;ITC1;ITC18;ITC;ITC1;ITC18;
Bosio;B080;1;6;6;22;6022;Nord-ovest;Piemonte;Alessandria;1;6022;6022;6022;ITC;ITC1;ITC18;ITC;ITC1;ITC18;
Bozzole;B109;1;6;6;23;6023;Nord-ovest;Piemonte;Alessandria;1;6023;6023;6023;ITC;ITC1;ITC18;ITC;ITC1;ITC18;
Brignano-Frascata;B179;1;6;6;24;6024;Nord-ovest;Piemonte;Alessandria;1;6024;6024;6024;ITC;ITC1;ITC18;ITC;ITC1;ITC18;
Cabella Ligure;B311;1;6;6;25;6025;Nord-ovest;Piemonte;Alessandria;1;6025;6025;6025;ITC;ITC1;ITC18;ITC;ITC1;ITC18;
Camagna Monferrato;B453;1;6;6;26;6026;Nord-ovest;Piemonte;Alessandria;1;6026;6026;6026;ITC;ITC1;ITC18;ITC;ITC1;ITC18;
Camino;B482;1;6;6;27;6027;Nord-ovest;Piemonte;Alessandria;1;6027;6027;6027;ITC;ITC1;ITC18;ITC;ITC1;ITC18;
Cantalupo Ligure;B629;1;6;6;28;6028;Nord-ovest;Piemonte;Alessandria;1;6028;6028;6028;ITC;ITC1;ITC18;ITC;ITC1;ITC18;
Capriata d'Orba;B701;1;6;6;29;6029;Nord-ovest;Piemonte;Alessandria;1;6029;6029;6029;ITC;ITC1;ITC18;ITC;ITC1;ITC18;
Carbonara Scrivia;B736;1;6;6;30;6030;Nord-ovest;Piemonte;Alessandria;1;6030;6030;6030;ITC;ITC1;ITC18;ITC;ITC1;ITC18;
Carentino;B765;1;6;6;31;6031;Nord-ovest;Piemonte;Alessandria;1;6031;6031;6031;ITC;ITC1;ITC18;ITC;ITC1;ITC18;
Carezzano;B769;1;6;6;32;6032;Nord-ovest;Piemonte;Alessandria;1;6032;6032;6032;ITC;ITC1;ITC18;ITC;ITC1;ITC18;
Carpeneto;B818;1;6;6;33;6033;Nord-ovest;Piemonte;Alessandria;1;6033;6033;6033;ITC;ITC1;ITC18;ITC;ITC1;ITC18;
Carrega Ligure;B836;1;6;6;34;6034;Nord-ovest;Piemonte;Alessandria;1;6034;6034;6034;ITC;ITC1;ITC18;ITC;ITC1;ITC18;
Carrosio;B840;1;6;6;35;6035;Nord-ovest;Piemonte;Alessandria;1;6035;6035;6035;ITC;ITC1;ITC18;ITC;ITC1;ITC18;
Cartosio;B847;1;6;6;36;6036;Nord-ovest;Piemonte;Alessandria;1;6036;6036;6036;ITC;ITC1;ITC18;ITC;ITC1;ITC18;
Casal Cermelli;B870;1;6;6;37;6037;Nord-ovest;Piemonte;Alessandria;1;6037;6037;6037;ITC;ITC1;ITC18;ITC;ITC1;ITC18;
Casaleggio Boiro;B882;1;6;6;38;6038;Nord-ovest;Piemonte;Alessandria;1;6038;6038;6038;ITC;ITC1;ITC18;ITC;ITC1;ITC18;
Casale Monferrato;B885;1;6;6;39;6039;Nord-ovest;Piemonte;Alessandria;1;6039;6039;6039;ITC;ITC1;ITC18;ITC;ITC1;ITC18;
Casalnoceto;B902;1;6;6;40;6040;Nord-ovest;Piemonte;Alessandria;1;6040;6040;6040;ITC;ITC1;ITC18;ITC;ITC1;ITC18;
Casasco;B941;1;6;6;41;6041;Nord-ovest;Piemonte;Alessandria;1;6041;6041;6041;ITC;ITC1;ITC18;ITC;ITC1;ITC18;
Cassine;C027;1;6;6;43;6043;Nord-ovest;Piemonte;Alessandria;1;6043;6043;6043;ITC;ITC1;ITC18;ITC;ITC1;ITC18;
Cassinelle;C030;1;6;6;44;6044;Nord-ovest;Piemonte;Alessandria;1;6044;6044;6044;ITC;ITC1;ITC18;ITC;ITC1;ITC18;
Castellania Coppi;C137;1;6;6;45;6045;Nord-ovest;Piemonte;Alessandria;1;6045;6045;6045;ITC;ITC1;ITC18;ITC;ITC1;ITC18;
Castellar Guidobono;C142;1;6;6;46;6046;Nord-ovest;Piemonte;Alessandria;1;6046;6046;6046;ITC;ITC1;ITC18;ITC;ITC1;ITC18;
Castellazzo Bormida;C148;1;6;6;47;6047;Nord-ovest;Piemonte;Alessandria;1;6047;6047;6047;ITC;ITC1;ITC18;ITC;ITC1;ITC18;
Castelletto d'Erro;C156;1;6;6;48;6048;Nord-ovest;Piemonte;Alessandria;1;6048;6048;6048;ITC;ITC1;ITC18;ITC;ITC1;ITC18;
Castelletto d'Orba;C158;1;6;6;49;6049;Nord-ovest;Piemonte;Alessandria;1;6049;6049;6049;ITC;ITC1;ITC18;ITC;ITC1;ITC18;
Castelletto Merli;C160;1;6;6;50;6050;Nord-ovest;Piemonte;Alessandria;1;6050;6050;6050;ITC;ITC1;ITC18;ITC;ITC1;ITC18;
Castelletto Monferrato;C162;1;6;6;51;6051;Nord-ovest;Piemonte;Alessandria;1;6051;6051;6051;ITC;ITC1;ITC18;ITC;ITC1;ITC18;
Castelnuovo Bormida;C229;1;6;6;52;6052;Nord-ovest;Piemonte;Alessandria;1;6052;6052;6052;ITC;ITC1;ITC18;ITC;ITC1;ITC18;
Castelnuovo Scrivia;C243;1;6;6;53;6053;Nord-ovest;Piemonte;Alessandria;1;6053;6053;6053;ITC;ITC1;ITC18;ITC;ITC1;ITC18;
Castelspina;C274;1;6;6;54;6054;Nord-ovest;Piemonte;Alessandria;1;6054;6054;6054;ITC;ITC1;ITC18;ITC;ITC1;ITC18;
Cavatore;C387;1;6;6;55;6055;Nord-ovest;Piemonte;Alessandria;1;6055;6055;6055;ITC;ITC1;ITC18;ITC;ITC1;ITC18;
Cella Monte;C432;1;6;6;56;6056;Nord-ovest;Piemonte;Alessandria;1;6056;6056;6056;ITC;ITC1;ITC18;ITC;ITC1;ITC18;
Cereseto;C503;1;6;6;57;6057;Nord-ovest;Piemonte;Alessandria;1;6057;6057;6057;ITC;ITC1;ITC18;ITC;ITC1;ITC18;
Cerreto Grue;C507;1;6;6;58;6058;Nord-ovest;Piemonte;Alessandria;1;6058;6058;6058;ITC;ITC1;ITC18;ITC;ITC1;ITC18;
Cerrina Monferrato;C531;1;6;6;59;6059;Nord-ovest;Piemonte;Alessandria;1;6059;6059;6059;ITC;ITC1;ITC18;ITC;ITC1;ITC18;
Coniolo;C962;1;6;6;60;6060;Nord-ovest;Piemonte;Alessandria;1;6060;6060;6060;ITC;ITC1;ITC18;ITC;ITC1;ITC18;
Conzano;C977;1;6;6;61;6061;Nord-ovest;Piemonte;Alessandria;1;6061;6061;6061;ITC;ITC1;ITC18;ITC;ITC1;ITC18;
Costa Vescovato;D102;1;6;6;62;6062;Nord-ovest;Piemonte;Alessandria;1;6062;6062;6062;ITC;ITC1;ITC18;ITC;ITC1;ITC18;
Cremolino;D149;1;6;6;63;6063;Nord-ovest;Piemonte;Alessandria;1;6063;6063;6063;ITC;ITC1;ITC18;ITC;ITC1;ITC18;
Denice;D272;1;6;6;65;6065;Nord-ovest;Piemonte;Alessandria;1;6065;6065;6065;ITC;ITC1;ITC18;ITC;ITC1;ITC18;
Dernice;D277;1;6;6;66;6066;Nord-ovest;Piemonte;Alessandria;1;6066;6066;6066;ITC;ITC1;ITC18;ITC;ITC1;ITC18;
Fabbrica Curone;D447;1;6;6;67;6067;Nord-ovest;Piemonte;Alessandria;1;6067;6067;6067;ITC;ITC1;ITC18;ITC;ITC1;ITC18;
Felizzano;D528;1;6;6;68;6068;Nord-ovest;Piemonte;Alessandria;1;6068;6068;6068;ITC;ITC1;ITC18;ITC;ITC1;ITC18;
Fraconalto;D559;1;6;6;69;6069;Nord-ovest;Piemonte;Alessandria;1;6069;6069;6069;ITC;ITC1;ITC18;ITC;ITC1;ITC18;
Francavilla Bisio;D759;1;6;6;70;6070;Nord-ovest;Piemonte;Alessandria;1;6070;6070;6070;ITC;ITC1;ITC18;ITC;ITC1;ITC18;
Frascaro;D770;1;6;6;71;6071;Nord-ovest;Piemonte;Alessandria;1;6071;6071;6071;ITC;ITC1;ITC18;ITC;ITC1;ITC18;
Frassinello Monferrato;D777;1;6;6;72;6072;Nord-ovest;Piemonte;Alessandria;1;6072;6072;6072;ITC;ITC1;ITC18;ITC;ITC1;ITC18;
Frassineto Po;D780;1;6;6;73;6073;Nord-ovest;Piemonte;Alessandria;1;6073;6073;6073;ITC;ITC1;ITC18;ITC;ITC1;ITC18;
Fresonara;D797;1;6;6;74;6074;Nord-ovest;Piemonte;Alessandria;1;6074;6074;6074;ITC;ITC1;ITC18;ITC;ITC1;ITC18;
Frugarolo;D813;1;6;6;75;6075;Nord-ovest;Piemonte;Alessandria;1;6075;6075;6075;ITC;ITC1;ITC18;ITC;ITC1;ITC18;
Fubine Monferrato;D814;1;6;6;76;6076;Nord-ovest;Piemonte;Alessandria;1;6076;6076;6076;ITC;ITC1;ITC18;ITC;ITC1;ITC18;
Gabiano;D835;1;6;6;77;6077;Nord-ovest;Piemonte;Alessandria;1;6077;6077;6077;ITC;ITC1;ITC18;ITC;ITC1;ITC18;
Gamalero;D890;1;6;6;78;6078;Nord-ovest;Piemonte;Alessandria;1;6078;6078;6078;ITC;ITC1;ITC18;ITC;ITC1;ITC18;
Garbagna;D910;1;6;6;79;6079;Nord-ovest;Piemonte;Alessandria;1;6079;6079;6079;ITC;ITC1;ITC18;ITC;ITC1;ITC18;
Gavi;D944;1;6;6;81;6081;Nord-ovest;Piemonte;Alessandria;1;6081;6081;6081;ITC;ITC1;ITC18;ITC;ITC1;ITC18;
Giarole;E015;1;6;6;82;6082;Nord-ovest;Piemonte;Alessandria;1;6082;6082;6082;ITC;ITC1;ITC18;ITC;ITC1;ITC18;
Gremiasco;E164;1;6;6;83;6083;Nord-ovest;Piemonte;Alessandria;1;6083;6083;6083;ITC;ITC1;ITC18;ITC;ITC1;ITC18;
Grognardo;E188;1;6;6;84;6084;Nord-ovest;Piemonte;Alessandria;1;6084;6084;6084;ITC;ITC1;ITC18;ITC;ITC1;ITC18;
Grondona;E191;1;6;6;85;6085;Nord-ovest;Piemonte;Alessandria;1;6085;6085;6085;ITC;ITC1;ITC18;ITC;ITC1;ITC18;
Guazzora;E255;1;6;6;86;6086;Nord-ovest;Piemonte;Alessandria;1;6086;6086;6086;ITC;ITC1;ITC18;ITC;ITC1;ITC18;
Isola Sant'Antonio;E360;1;6;6;87;6087;Nord-ovest;Piemonte;Alessandria;1;6087;6087;6087;ITC;ITC1;ITC18;ITC;ITC1;ITC18;
Lerma;E543;1;6;6;88;6088;Nord-ovest;Piemonte;Alessandria;1;6088;6088;6088;ITC;ITC1;ITC18;ITC;ITC1;ITC18;
Malvicino;E870;1;6;6;90;6090;Nord-ovest;Piemonte;Alessandria;1;6090;6090;6090;ITC;ITC1;ITC18;ITC;ITC1;ITC18;
Masio;F015;1;6;6;91;6091;Nord-ovest;Piemonte;Alessandria;1;6091;6091;6091;ITC;ITC1;ITC18;ITC;ITC1;ITC18;
Melazzo;F096;1;6;6;92;6092;Nord-ovest;Piemonte;Alessandria;1;6092;6092;6092;ITC;ITC1;ITC18;ITC;ITC1;ITC18;
Merana;F131;1;6;6;93;6093;Nord-ovest;Piemonte;Alessandria;1;6093;6093;6093;ITC;ITC1;ITC18;ITC;ITC1;ITC18;
Mirabello Monferrato;F232;1;6;6;94;6094;Nord-ovest;Piemonte;Alessandria;1;6094;6094;6094;ITC;ITC1;ITC18;ITC;ITC1;ITC18;
Molare;F281;1;6;6;95;6095;Nord-ovest;Piemonte;Alessandria;1;6095;6095;6095;ITC;ITC1;ITC18;ITC;ITC1;ITC18;
Molino dei Torti;F293;1;6;6;96;6096;Nord-ovest;Piemonte;Alessandria;1;6096;6096;6096;ITC;ITC1;ITC18;ITC;ITC1;ITC18;
Mombello Monferrato;F313;1;6;6;97;6097;Nord-ovest;Piemonte;Alessandria;1;6097;6097;6097;ITC;ITC1;ITC18;ITC;ITC1;ITC18;
Momperone;F320;1;6;6;98;6098;Nord-ovest;Piemonte;Alessandria;1;6098;6098;6098;ITC;ITC1;ITC18;ITC;ITC1;ITC18;
Moncestino;F337;1;6;6;99;6099;Nord-ovest;Piemonte;Alessandria;1;6099;6099;6099;ITC;ITC1;ITC18;ITC;ITC1;ITC18;
Mongiardino Ligure;F365;1;6;6;100;6100;Nord-ovest;Piemonte;Alessandria;1;6100;6100;6100;ITC;ITC1;ITC18;ITC;ITC1;ITC18;
Monleale;F374;1;6;6;101;6101;Nord-ovest;Piemonte;Alessandria;1;6101;6101;6101;ITC;ITC1;ITC18;ITC;ITC1;ITC18;
Montacuto;F387;1;6;6;102;6102;Nord-ovest;Piemonte;Alessandria;1;6102;6102;6102;ITC;ITC1;ITC18;ITC;ITC1;ITC18;
Montaldeo;F403;1;6;6;103;6103;Nord-ovest;Piemonte;Alessandria;1;6103;6103;6103;ITC;ITC1;ITC18;ITC;ITC1;ITC18;
Montaldo Bormida;F404;1;6;6;104;6104;Nord-ovest;Piemonte;Alessandria;1;6104;6104;6104;ITC;ITC1;ITC18;ITC;ITC1;ITC18;
Montecastello;F455;1;6;6;105;6105;Nord-ovest;Piemonte;Alessandria;1;6105;6105;6105;ITC;ITC1;ITC18;ITC;ITC1;ITC18;
Montechiaro d'Acqui;F469;1;6;6;106;6106;Nord-ovest;Piemonte;Alessandria;1;6106;6106;6106;ITC;ITC1;ITC18;ITC;ITC1;ITC18;
Montegioco;F518;1;6;6;107;6107;Nord-ovest;Piemonte;Alessandria;1;6107;6107;6107;ITC;ITC1;ITC18;ITC;ITC1;ITC18;
Montemarzino;F562;1;6;6;108;6108;Nord-ovest;Piemonte;Alessandria;1;6108;6108;6108;ITC;ITC1;ITC18;ITC;ITC1;ITC18;
Morano sul Po;F707;1;6;6;109;6109;Nord-ovest;Piemonte;Alessandria;1;6109;6109;6109;ITC;ITC1;ITC18;ITC;ITC1;ITC18;
Morbello;F713;1;6;6;110;6110;Nord-ovest;Piemonte;Alessandria;1;6110;6110;6110;ITC;ITC1;ITC18;ITC;ITC1;ITC18;
Mornese;F737;1;6;6;111;6111;Nord-ovest;Piemonte;Alessandria;1;6111;6111;6111;ITC;ITC1;ITC18;ITC;ITC1;ITC18;
Morsasco;F751;1;6;6;112;6112;Nord-ovest;Piemonte;Alessandria;1;6112;6112;6112;ITC;ITC1;ITC18;ITC;ITC1;ITC18;
Murisengo;F814;1;6;6;113;6113;Nord-ovest;Piemonte;Alessandria;1;6113;6113;6113;ITC;ITC1;ITC18;ITC;ITC1;ITC18;
Novi Ligure;F965;1;6;6;114;6114;Nord-ovest;Piemonte;Alessandria;1;6114;6114;6114;ITC;ITC1;ITC18;ITC;ITC1;ITC18;
Occimiano;F995;1;6;6;115;6115;Nord-ovest;Piemonte;Alessandria;1;6115;6115;6115;ITC;ITC1;ITC18;ITC;ITC1;ITC18;
Odalengo Grande;F997;1;6;6;116;6116;Nord-ovest;Piemonte;Alessandria;1;6116;6116;6116;ITC;ITC1;ITC18;ITC;ITC1;ITC18;
Odalengo Piccolo;F998;1;6;6;117;6117;Nord-ovest;Piemonte;Alessandria;1;6117;6117;6117;ITC;ITC1;ITC18;ITC;ITC1;ITC18;
Olivola;G042;1;6;6;118;6118;Nord-ovest;Piemonte;Alessandria;1;6118;6118;6118;ITC;ITC1;ITC18;ITC;ITC1;ITC18;
Orsara Bormida;G124;1;6;6;119;6119;Nord-ovest;Piemonte;Alessandria;1;6119;6119;6119;ITC;ITC1;ITC18;ITC;ITC1;ITC18;
Ottiglio;G193;1;6;6;120;6120;Nord-ovest;Piemonte;Alessandria;1;6120;6120;6120;ITC;ITC1;ITC18;ITC;ITC1;ITC18;
Ovada;G197;1;6;6;121;6121;Nord-ovest;Piemonte;Alessandria;1;6121;6121;6121;ITC;ITC1;ITC18;ITC;ITC1;ITC18;
Oviglio;G199;1;6;6;122;6122;Nord-ovest;Piemonte;Alessandria;1;6122;6122;6122;ITC;ITC1;ITC18;ITC;ITC1;ITC18;
Ozzano Monferrato;G204;1;6;6;123;6123;Nord-ovest;Piemonte;Alessandria;1;6123;6123;6123;ITC;ITC1;ITC18;ITC;ITC1;ITC18;
Paderna;G215;1;6;6;124;6124;Nord-ovest;Piemonte;Alessandria;1;6124;6124;6124;ITC;ITC1;ITC18;ITC;ITC1;ITC18;
Pareto;G334;1;6;6;125;6125;Nord-ovest;Piemonte;Alessandria;1;6125;6125;6125;ITC;ITC1;ITC18;ITC;ITC1;ITC18;
Parodi Ligure;G338;1;6;6;126;6126;Nord-ovest;Piemonte;Alessandria;1;6126;6126;6126;ITC;ITC1;ITC18;ITC;ITC1;ITC18;
Pasturana;G367;1;6;6;127;6127;Nord-ovest;Piemonte;Alessandria;1;6127;6127;6127;ITC;ITC1;ITC18;ITC;ITC1;ITC18;
Pecetto di Valenza;G397;1;6;6;128;6128;Nord-ovest;Piemonte;Alessandria;1;6128;6128;6128;ITC;ITC1;ITC18;ITC;ITC1;ITC18;
Pietra Marazzi;G619;1;6;6;129;6129;Nord-ovest;Piemonte;Alessandria;1;6129;6129;6129;ITC;ITC1;ITC18;ITC;ITC1;ITC18;
Pomaro Monferrato;G807;1;6;6;131;6131;Nord-ovest;Piemonte;Alessandria;1;6131;6131;6131;ITC;ITC1;ITC18;ITC;ITC1;ITC18;
Pontecurone;G839;1;6;6;132;6132;Nord-ovest;Piemonte;Alessandria;1;6132;6132;6132;ITC;ITC1;ITC18;ITC;ITC1;ITC18;
Pontestura;G858;1;6;6;133;6133;Nord-ovest;Piemonte;Alessandria;1;6133;6133;6133;ITC;ITC1;ITC18;ITC;ITC1;ITC18;
Ponti;G861;1;6;6;134;6134;Nord-ovest;Piemonte;Alessandria;1;6134;6134;6134;ITC;ITC1;ITC18;ITC;ITC1;ITC18;
Ponzano Monferrato;G872;1;6;6;135;6135;Nord-ovest;Piemonte;Alessandria;1;6135;6135;6135;ITC;ITC1;ITC18;ITC;ITC1;ITC18;
Ponzone;G877;1;6;6;136;6136;Nord-ovest;Piemonte;Alessandria;1;6136;6136;6136;ITC;ITC1;ITC18;ITC;ITC1;ITC18;
Pozzol Groppo;G960;1;6;6;137;6137;Nord-ovest;Piemonte;Alessandria;1;6137;6137;6137;ITC;ITC1;ITC18;ITC;ITC1;ITC18;
Pozzolo Formigaro;G961;1;6;6;138;6138;Nord-ovest;Piemonte;Alessandria;1;6138;6138;6138;ITC;ITC1;ITC18;ITC;ITC1;ITC18;
Prasco;G987;1;6;6;139;6139;Nord-ovest;Piemonte;Alessandria;1;6139;6139;6139;ITC;ITC1;ITC18;ITC;ITC1;ITC18;
Predosa;H021;1;6;6;140;6140;Nord-ovest;Piemonte;Alessandria;1;6140;6140;6140;ITC;ITC1;ITC18;ITC;ITC1;ITC18;
Quargnento;H104;1;6;6;141;6141;Nord-ovest;Piemonte;Alessandria;1;6141;6141;6141;ITC;ITC1;ITC18;ITC;ITC1;ITC18;
Quattordio;H121;1;6;6;142;6142;Nord-ovest;Piemonte;Alessandria;1;6142;6142;6142;ITC;ITC1;ITC18;ITC;ITC1;ITC18;
Ricaldone;H272;1;6;6;143;6143;Nord-ovest;Piemonte;Alessandria;1;6143;6143;6143;ITC;ITC1;ITC18;ITC;ITC1;ITC18;
Rivalta Bormida;H334;1;6;6;144;6144;Nord-ovest;Piemonte;Alessandria;1;6144;6144;6144;ITC;ITC1;ITC18;ITC;ITC1;ITC18;
Rivarone;H343;1;6;6;145;6145;Nord-ovest;Piemonte;Alessandria;1;6145;6145;6145;ITC;ITC1;ITC18;ITC;ITC1;ITC18;
Roccaforte Ligure;H406;1;6;6;146;6146;Nord-ovest;Piemonte;Alessandria;1;6146;6146;6146;ITC;ITC1;ITC18;ITC;ITC1;ITC18;
Rocca Grimalda;H414;1;6;6;147;6147;Nord-ovest;Piemonte;Alessandria;1;6147;6147;6147;ITC;ITC1;ITC18;ITC;ITC1;ITC18;
Rocchetta Ligure;H465;1;6;6;148;6148;Nord-ovest;Piemonte;Alessandria;1;6148;6148;6148;ITC;ITC1;ITC18;ITC;ITC1;ITC18;
Rosignano Monferrato;H569;1;6;6;149;6149;Nord-ovest;Piemonte;Alessandria;1;6149;6149;6149;ITC;ITC1;ITC18;ITC;ITC1;ITC18;
Sala Monferrato;H677;1;6;6;150;6150;Nord-ovest;Piemonte;Alessandria;1;6150;6150;6150;ITC;ITC1;ITC18;ITC;ITC1;ITC18;
Sale;H694;1;6;6;151;6151;Nord-ovest;Piemonte;Alessandria;1;6151;6151;6151;ITC;ITC1;ITC18;ITC;ITC1;ITC18;
San Cristoforo;H810;1;6;6;152;6152;Nord-ovest;Piemonte;Alessandria;1;6152;6152;6152;ITC;ITC1;ITC18;ITC;ITC1;ITC18;
San Giorgio Monferrato;H878;1;6;6;153;6153;Nord-ovest;Piemonte;Alessandria;1;6153;6153;6153;ITC;ITC1;ITC18;ITC;ITC1;ITC18;
San Salvatore Monferrato;I144;1;6;6;154;6154;Nord-ovest;Piemonte;Alessandria;1;6154;6154;6154;ITC;ITC1;ITC18;ITC;ITC1;ITC18;
San Sebastiano Curone;I150;1;6;6;155;6155;Nord-ovest;Piemonte;Alessandria;1;6155;6155;6155;ITC;ITC1;ITC18;ITC;ITC1;ITC18;
Sant'Agata Fossili;I190;1;6;6;156;6156;Nord-ovest;Piemonte;Alessandria;1;6156;6156;6156;ITC;ITC1;ITC18;ITC;ITC1;ITC18;
Sardigliano;I429;1;6;6;157;6157;Nord-ovest;Piemonte;Alessandria;1;6157;6157;6157;ITC;ITC1;ITC18;ITC;ITC1;ITC18;
Sarezzano;I432;1;6;6;158;6158;Nord-ovest;Piemonte;Alessandria;1;6158;6158;6158;ITC;ITC1;ITC18;ITC;ITC1;ITC18;
Serralunga di Crea;I645;1;6;6;159;6159;Nord-ovest;Piemonte;Alessandria;1;6159;6159;6159;ITC;ITC1;ITC18;ITC;ITC1;ITC18;
Serravalle Scrivia;I657;1;6;6;160;6160;Nord-ovest;Piemonte;Alessandria;1;6160;6160;6160;ITC;ITC1;ITC18;ITC;ITC1;ITC18;
Sezzadio;I711;1;6;6;161;6161;Nord-ovest;Piemonte;Alessandria;1;6161;6161;6161;ITC;ITC1;ITC18;ITC;ITC1;ITC18;
Silvano d'Orba;I738;1;6;6;162;6162;Nord-ovest;Piemonte;Alessandria;1;6162;6162;6162;ITC;ITC1;ITC18;ITC;ITC1;ITC18;
Solero;I798;1;6;6;163;6163;Nord-ovest;Piemonte;Alessandria;1;6163;6163;6163;ITC;ITC1;ITC18;ITC;ITC1;ITC18;
Solonghello;I808;1;6;6;164;6164;Nord-ovest;Piemonte;Alessandria;1;6164;6164;6164;ITC;ITC1;ITC18;ITC;ITC1;ITC18;
Spigno Monferrato;I901;1;6;6;165;6165;Nord-ovest;Piemonte;Alessandria;1;6165;6165;6165;ITC;ITC1;ITC18;ITC;ITC1;ITC18;
Spineto Scrivia;I911;1;6;6;166;6166;Nord-ovest;Piemonte;Alessandria;1;6166;6166;6166;ITC;ITC1;ITC18;ITC;ITC1;ITC18;
Stazzano;I941;1;6;6;167;6167;Nord-ovest;Piemonte;Alessandria;1;6167;6167;6167;ITC;ITC1;ITC18;ITC;ITC1;ITC18;
Strevi;I977;1;6;6;168;6168;Nord-ovest;Piemonte;Alessandria;1;6168;6168;6168;ITC;ITC1;ITC18;ITC;ITC1;ITC18;
Tagliolo Monferrato;L027;1;6;6;169;6169;Nord-ovest;Piemonte;Alessandria;1;6169;6169;6169;ITC;ITC1;ITC18;ITC;ITC1;ITC18;
Tassarolo;L059;1;6;6;170;6170;Nord-ovest;Piemonte;Alessandria;1;6170;6170;6170;ITC;ITC1;ITC18;ITC;ITC1;ITC18;
Terruggia;L139;1;6;6;171;6171;Nord-ovest;Piemonte;Alessandria;1;6171;6171;6171;ITC;ITC1;ITC18;ITC;ITC1;ITC18;
Terzo;L143;1;6;6;172;6172;Nord-ovest;Piemonte;Alessandria;1;6172;6172;6172;ITC;ITC1;ITC18;ITC;ITC1;ITC18;
Ticineto;L165;1;6;6;173;6173;Nord-ovest;Piemonte;Alessandria;1;6173;6173;6173;ITC;ITC1;ITC18;ITC;ITC1;ITC18;
Tortona;L304;1;6;6;174;6174;Nord-ovest;Piemonte;Alessandria;1;6174;6174;6174;ITC;ITC1;ITC18;ITC;ITC1;ITC18;
Treville;L403;1;6;6;175;6175;Nord-ovest;Piemonte;Alessandria;1;6175;6175;6175;ITC;ITC1;ITC18;ITC;ITC1;ITC18;
Trisobbio;L432;1;6;6;176;6176;Nord-ovest;Piemonte;Alessandria;1;6176;6176;6176;ITC;ITC1;ITC18;ITC;ITC1;ITC18;
Valenza;L570;1;6;6;177;6177;Nord-ovest;Piemonte;Alessandria;1;6177;6177;6177;ITC;ITC1;ITC18;ITC;ITC1;ITC18;
Valmacca;L633;1;6;6;178;6178;Nord-ovest;Piemonte;Alessandria;1;6178;6178;6178;ITC;ITC1;ITC18;ITC;ITC1;ITC18;
Vignale Monferrato;L881;1;6;6;179;6179;Nord-ovest;Piemonte;Alessandria;1;6179;6179;6179;ITC;ITC1;ITC18;ITC;ITC1;ITC18;
Vignole Borbera;L887;1;6;6;180;6180;Nord-ovest;Piemonte;Alessandria;1;6180;6180;6180;ITC;ITC1;ITC18;ITC;ITC1;ITC18;
Viguzzolo;L904;1;6;6;181;6181;Nord-ovest;Piemonte;Alessandria;1;6181;6181;6181;ITC;ITC1;ITC18;ITC;ITC1;ITC18;
Villadeati;L931;1;6;6;182;6182;Nord-ovest;Piemonte;Alessandria;1;6182;6182;6182;ITC;ITC1;ITC18;ITC;ITC1;ITC18;
Villalvernia;L963;1;6;6;183;6183;Nord-ovest;Piemonte;Alessandria;1;6183;6183;6183;ITC;ITC1;ITC18;ITC;ITC1;ITC18;
Villamiroglio;L970;1;6;6;184;6184;Nord-ovest;Piemonte;Alessandria;1;6184;6184;6184;ITC;ITC1;ITC18;ITC;ITC1;ITC18;
Villanova Monferrato;L972;1;6;6;185;6185;Nord-ovest;Piemonte;Alessandria;1;6185;6185;6185;ITC;ITC1;ITC18;ITC;ITC1;ITC18;
Villaromagnano;M009;1;6;6;186;6186;Nord-ovest;Piemonte;Alessandria;1;6186;6186;6186;ITC;ITC1;ITC18;ITC;ITC1;ITC18;
Visone;M077;1;6;6;187;6187;Nord-ovest;Piemonte;Alessandria;1;6187;6187;6187;ITC;ITC1;ITC18;ITC;ITC1;ITC18;
Volpedo;M120;1;6;6;188;6188;Nord-ovest;Piemonte;Alessandria;1;6188;6188;6188;ITC;ITC1;ITC18;ITC;ITC1;ITC18;
Volpeglino;M121;1;6;6;189;6189;Nord-ovest;Piemonte;Alessandria;1;6189;6189;6189;ITC;ITC1;ITC18;ITC;ITC1;ITC18;
Voltaggio;M123;1;6;6;190;6190;Nord-ovest;Piemonte;Alessandria;1;6190;6190;6190;ITC;ITC1;ITC18;ITC;ITC1;ITC18;
Cassano Spinola;M388;1;6;6;191;6191;Nord-ovest;Piemonte;Alessandria;1;6191;6191;6191;ITC;ITC1;ITC18;ITC;ITC1;ITC18;
Alluvioni Piovera;M397;1;6;6;192;6192;Nord-ovest;Piemonte;Alessandria;1;6192;6192;6192;ITC;ITC1;ITC18;ITC;ITC1;ITC18;
Lu e Cuccaro Monferrato;M420;1;6;6;193;6193;Nord-ovest;Piemonte;Alessandria;1;6193;6193;6193;ITC;ITC1;ITC18;ITC;ITC1;ITC18;
Ailoche;A107;1;96;96;1;96001;Nord-ovest;Piemonte;Biella;1;96001;96001;96001;ITC;ITC1;ITC13;ITC;ITC1;ITC13;
Andorno Micca;A280;1;96;96;2;96002;Nord-ovest;Piemonte;Biella;1;96002;96002;96002;ITC;ITC1;ITC13;ITC;ITC1;ITC13;
Benna;A784;1;96;96;3;96003;Nord-ovest;Piemonte;Biella;1;96003;96003;96003;ITC;ITC1;ITC13;ITC;ITC1;ITC13;
Biella;A859;1;96;96;4;96004;Nord-ovest;Piemonte;Biella;1;96004;96004;96004;ITC;ITC1;ITC13;ITC;ITC1;ITC13;
Bioglio;A876;1;96;96;5;96005;Nord-ovest;Piemonte;Biella;1;96005;96005;96005;ITC;ITC1;ITC13;ITC;ITC1;ITC13;
Borriana;B058;1;96;96;6;96006;Nord-ovest;Piemonte;Biella;1;96006;96006;96006;ITC;ITC1;ITC13;ITC;ITC1;ITC13;
Brusnengo;B229;1;96;96;7;96007;Nord-ovest;Piemonte;Biella;1;96007;96007;96007;ITC;ITC1;ITC13;ITC;ITC1;ITC13;
Callabiana;B417;1;96;96;8;96008;Nord-ovest;Piemonte;Biella;1;96008;96008;96008;ITC;ITC1;ITC13;ITC;ITC1;ITC13;
Camandona;B457;1;96;96;9;96009;Nord-ovest;Piemonte;Biella;1;96009;96009;96009;ITC;ITC1;ITC13;ITC;ITC1;ITC13;
Camburzano;B465;1;96;96;10;96010;Nord-ovest;Piemonte;Biella;1;96010;96010;96010;ITC;ITC1;ITC13;ITC;ITC1;ITC13;
Candelo;B586;1;96;96;12;96012;Nord-ovest;Piemonte;Biella;1;96012;96012;96012;ITC;ITC1;ITC13;ITC;ITC1;ITC13;
Caprile;B708;1;96;96;13;96013;Nord-ovest;Piemonte;Biella;1;96013;96013;96013;ITC;ITC1;ITC13;ITC;ITC1;ITC13;
Casapinta;B933;1;96;96;14;96014;Nord-ovest;Piemonte;Biella;1;96014;96014;96014;ITC;ITC1;ITC13;ITC;ITC1;ITC13;
Castelletto Cervo;C155;1;96;96;15;96015;Nord-ovest;Piemonte;Biella;1;96015;96015;96015;ITC;ITC1;ITC13;ITC;ITC1;ITC13;
Cavagli‡;C363;1;96;96;16;96016;Nord-ovest;Piemonte;Biella;1;96016;96016;96016;ITC;ITC1;ITC13;ITC;ITC1;ITC13;
Cerrione;C532;1;96;96;18;96018;Nord-ovest;Piemonte;Biella;1;96018;96018;96018;ITC;ITC1;ITC13;ITC;ITC1;ITC13;
Coggiola;C819;1;96;96;19;96019;Nord-ovest;Piemonte;Biella;1;96019;96019;96019;ITC;ITC1;ITC13;ITC;ITC1;ITC13;
Cossato;D094;1;96;96;20;96020;Nord-ovest;Piemonte;Biella;1;96020;96020;96020;ITC;ITC1;ITC13;ITC;ITC1;ITC13;
Crevacuore;D165;1;96;96;21;96021;Nord-ovest;Piemonte;Biella;1;96021;96021;96021;ITC;ITC1;ITC13;ITC;ITC1;ITC13;
Curino;D219;1;96;96;23;96023;Nord-ovest;Piemonte;Biella;1;96023;96023;96023;ITC;ITC1;ITC13;ITC;ITC1;ITC13;
Donato;D339;1;96;96;24;96024;Nord-ovest;Piemonte;Biella;1;96024;96024;96024;ITC;ITC1;ITC13;ITC;ITC1;ITC13;
Dorzano;D350;1;96;96;25;96025;Nord-ovest;Piemonte;Biella;1;96025;96025;96025;ITC;ITC1;ITC13;ITC;ITC1;ITC13;
Gaglianico;D848;1;96;96;26;96026;Nord-ovest;Piemonte;Biella;1;96026;96026;96026;ITC;ITC1;ITC13;ITC;ITC1;ITC13;
Gifflenga;E024;1;96;96;27;96027;Nord-ovest;Piemonte;Biella;1;96027;96027;96027;ITC;ITC1;ITC13;ITC;ITC1;ITC13;
Graglia;E130;1;96;96;28;96028;Nord-ovest;Piemonte;Biella;1;96028;96028;96028;ITC;ITC1;ITC13;ITC;ITC1;ITC13;
Magnano;E821;1;96;96;30;96030;Nord-ovest;Piemonte;Biella;1;96030;96030;96030;ITC;ITC1;ITC13;ITC;ITC1;ITC13;
Massazza;F037;1;96;96;31;96031;Nord-ovest;Piemonte;Biella;1;96031;96031;96031;ITC;ITC1;ITC13;ITC;ITC1;ITC13;
Masserano;F042;1;96;96;32;96032;Nord-ovest;Piemonte;Biella;1;96032;96032;96032;ITC;ITC1;ITC13;ITC;ITC1;ITC13;
Mezzana Mortigliengo;F167;1;96;96;33;96033;Nord-ovest;Piemonte;Biella;1;96033;96033;96033;ITC;ITC1;ITC13;ITC;ITC1;ITC13;
Miagliano;F189;1;96;96;34;96034;Nord-ovest;Piemonte;Biella;1;96034;96034;96034;ITC;ITC1;ITC13;ITC;ITC1;ITC13;
Mongrando;F369;1;96;96;35;96035;Nord-ovest;Piemonte;Biella;1;96035;96035;96035;ITC;ITC1;ITC13;ITC;ITC1;ITC13;
Mottalciata;F776;1;96;96;37;96037;Nord-ovest;Piemonte;Biella;1;96037;96037;96037;ITC;ITC1;ITC13;ITC;ITC1;ITC13;
Muzzano;F833;1;96;96;38;96038;Nord-ovest;Piemonte;Biella;1;96038;96038;96038;ITC;ITC1;ITC13;ITC;ITC1;ITC13;
Netro;F878;1;96;96;39;96039;Nord-ovest;Piemonte;Biella;1;96039;96039;96039;ITC;ITC1;ITC13;ITC;ITC1;ITC13;
Occhieppo Inferiore;F992;1;96;96;40;96040;Nord-ovest;Piemonte;Biella;1;96040;96040;96040;ITC;ITC1;ITC13;ITC;ITC1;ITC13;
Occhieppo Superiore;F993;1;96;96;41;96041;Nord-ovest;Piemonte;Biella;1;96041;96041;96041;ITC;ITC1;ITC13;ITC;ITC1;ITC13;
Pettinengo;G521;1;96;96;42;96042;Nord-ovest;Piemonte;Biella;1;96042;96042;96042;ITC;ITC1;ITC13;ITC;ITC1;ITC13;
Piatto;G577;1;96;96;43;96043;Nord-ovest;Piemonte;Biella;1;96043;96043;96043;ITC;ITC1;ITC13;ITC;ITC1;ITC13;
Piedicavallo;G594;1;96;96;44;96044;Nord-ovest;Piemonte;Biella;1;96044;96044;96044;ITC;ITC1;ITC13;ITC;ITC1;ITC13;
Pollone;G798;1;96;96;46;96046;Nord-ovest;Piemonte;Biella;1;96046;96046;96046;ITC;ITC1;ITC13;ITC;ITC1;ITC13;
Ponderano;G820;1;96;96;47;96047;Nord-ovest;Piemonte;Biella;1;96047;96047;96047;ITC;ITC1;ITC13;ITC;ITC1;ITC13;
Portula;G927;1;96;96;48;96048;Nord-ovest;Piemonte;Biella;1;96048;96048;96048;ITC;ITC1;ITC13;ITC;ITC1;ITC13;
Pralungo;G980;1;96;96;49;96049;Nord-ovest;Piemonte;Biella;1;96049;96049;96049;ITC;ITC1;ITC13;ITC;ITC1;ITC13;
Pray;G974;1;96;96;50;96050;Nord-ovest;Piemonte;Biella;1;96050;96050;96050;ITC;ITC1;ITC13;ITC;ITC1;ITC13;
Ronco Biellese;H538;1;96;96;53;96053;Nord-ovest;Piemonte;Biella;1;96053;96053;96053;ITC;ITC1;ITC13;ITC;ITC1;ITC13;
Roppolo;H553;1;96;96;54;96054;Nord-ovest;Piemonte;Biella;1;96054;96054;96054;ITC;ITC1;ITC13;ITC;ITC1;ITC13;
Rosazza;H561;1;96;96;55;96055;Nord-ovest;Piemonte;Biella;1;96055;96055;96055;ITC;ITC1;ITC13;ITC;ITC1;ITC13;
Sagliano Micca;H662;1;96;96;56;96056;Nord-ovest;Piemonte;Biella;1;96056;96056;96056;ITC;ITC1;ITC13;ITC;ITC1;ITC13;
Sala Biellese;H681;1;96;96;57;96057;Nord-ovest;Piemonte;Biella;1;96057;96057;96057;ITC;ITC1;ITC13;ITC;ITC1;ITC13;
Salussola;H726;1;96;96;58;96058;Nord-ovest;Piemonte;Biella;1;96058;96058;96058;ITC;ITC1;ITC13;ITC;ITC1;ITC13;
Sandigliano;H821;1;96;96;59;96059;Nord-ovest;Piemonte;Biella;1;96059;96059;96059;ITC;ITC1;ITC13;ITC;ITC1;ITC13;
Sordevolo;I847;1;96;96;63;96063;Nord-ovest;Piemonte;Biella;1;96063;96063;96063;ITC;ITC1;ITC13;ITC;ITC1;ITC13;
Sostegno;I868;1;96;96;64;96064;Nord-ovest;Piemonte;Biella;1;96064;96064;96064;ITC;ITC1;ITC13;ITC;ITC1;ITC13;
Strona;I980;1;96;96;65;96065;Nord-ovest;Piemonte;Biella;1;96065;96065;96065;ITC;ITC1;ITC13;ITC;ITC1;ITC13;
Tavigliano;L075;1;96;96;66;96066;Nord-ovest;Piemonte;Biella;1;96066;96066;96066;ITC;ITC1;ITC13;ITC;ITC1;ITC13;
Ternengo;L116;1;96;96;67;96067;Nord-ovest;Piemonte;Biella;1;96067;96067;96067;ITC;ITC1;ITC13;ITC;ITC1;ITC13;
Tollegno;L193;1;96;96;68;96068;Nord-ovest;Piemonte;Biella;1;96068;96068;96068;ITC;ITC1;ITC13;ITC;ITC1;ITC13;
Torrazzo;L239;1;96;96;69;96069;Nord-ovest;Piemonte;Biella;1;96069;96069;96069;ITC;ITC1;ITC13;ITC;ITC1;ITC13;
Valdengo;L556;1;96;96;71;96071;Nord-ovest;Piemonte;Biella;1;96071;96071;96071;ITC;ITC1;ITC13;ITC;ITC1;ITC13;
Vallanzengo;L586;1;96;96;72;96072;Nord-ovest;Piemonte;Biella;1;96072;96072;96072;ITC;ITC1;ITC13;ITC;ITC1;ITC13;
Valle San Nicolao;L620;1;96;96;74;96074;Nord-ovest;Piemonte;Biella;1;96074;96074;96074;ITC;ITC1;ITC13;ITC;ITC1;ITC13;
Veglio;L712;1;96;96;75;96075;Nord-ovest;Piemonte;Biella;1;96075;96075;96075;ITC;ITC1;ITC13;ITC;ITC1;ITC13;
Verrone;L785;1;96;96;76;96076;Nord-ovest;Piemonte;Biella;1;96076;96076;96076;ITC;ITC1;ITC13;ITC;ITC1;ITC13;
Vigliano Biellese;L880;1;96;96;77;96077;Nord-ovest;Piemonte;Biella;1;96077;96077;96077;ITC;ITC1;ITC13;ITC;ITC1;ITC13;
Villa del Bosco;L933;1;96;96;78;96078;Nord-ovest;Piemonte;Biella;1;96078;96078;96078;ITC;ITC1;ITC13;ITC;ITC1;ITC13;
Villanova Biellese;L978;1;96;96;79;96079;Nord-ovest;Piemonte;Biella;1;96079;96079;96079;ITC;ITC1;ITC13;ITC;ITC1;ITC13;
Viverone;M098;1;96;96;80;96080;Nord-ovest;Piemonte;Biella;1;96080;96080;96080;ITC;ITC1;ITC13;ITC;ITC1;ITC13;
Zimone;M179;1;96;96;81;96081;Nord-ovest;Piemonte;Biella;1;96081;96081;96081;ITC;ITC1;ITC13;ITC;ITC1;ITC13;
Zubiena;M196;1;96;96;82;96082;Nord-ovest;Piemonte;Biella;1;96082;96082;96082;ITC;ITC1;ITC13;ITC;ITC1;ITC13;
Zumaglia;M201;1;96;96;83;96083;Nord-ovest;Piemonte;Biella;1;96083;96083;96083;ITC;ITC1;ITC13;ITC;ITC1;ITC13;
Lessona;M371;1;96;96;85;96085;Nord-ovest;Piemonte;Biella;1;96085;96085;96085;ITC;ITC1;ITC13;ITC;ITC1;ITC13;
Campiglia Cervo;M373;1;96;96;86;96086;Nord-ovest;Piemonte;Biella;1;96086;96086;96086;ITC;ITC1;ITC13;ITC;ITC1;ITC13;
Quaregna Cerreto;M414;1;96;96;87;96087;Nord-ovest;Piemonte;Biella;1;96087;96087;96087;ITC;ITC1;ITC13;ITC;ITC1;ITC13;
Valdilana;M417;1;96;96;88;96088;Nord-ovest;Piemonte;Biella;1;96088;96088;96088;ITC;ITC1;ITC13;ITC;ITC1;ITC13;
Antrona Schieranco;A317;1;103;103;1;103001;Nord-ovest;Piemonte;Verbano-Cusio-Ossola;1;103001;103001;103001;ITC;ITC1;ITC14;ITC;ITC1;ITC14;
Anzola d'Ossola;A325;1;103;103;2;103002;Nord-ovest;Piemonte;Verbano-Cusio-Ossola;1;103002;103002;103002;ITC;ITC1;ITC14;ITC;ITC1;ITC14;
Arizzano;A409;1;103;103;3;103003;Nord-ovest;Piemonte;Verbano-Cusio-Ossola;1;103003;103003;103003;ITC;ITC1;ITC14;ITC;ITC1;ITC14;
Arola;A427;1;103;103;4;103004;Nord-ovest;Piemonte;Verbano-Cusio-Ossola;1;103004;103004;103004;ITC;ITC1;ITC14;ITC;ITC1;ITC14;
Aurano;A497;1;103;103;5;103005;Nord-ovest;Piemonte;Verbano-Cusio-Ossola;1;103005;103005;103005;ITC;ITC1;ITC14;ITC;ITC1;ITC14;
Baceno;A534;1;103;103;6;103006;Nord-ovest;Piemonte;Verbano-Cusio-Ossola;1;103006;103006;103006;ITC;ITC1;ITC14;ITC;ITC1;ITC14;
Bannio Anzino;A610;1;103;103;7;103007;Nord-ovest;Piemonte;Verbano-Cusio-Ossola;1;103007;103007;103007;ITC;ITC1;ITC14;ITC;ITC1;ITC14;
Baveno;A725;1;103;103;8;103008;Nord-ovest;Piemonte;Verbano-Cusio-Ossola;1;103008;103008;103008;ITC;ITC1;ITC14;ITC;ITC1;ITC14;
Bee;A733;1;103;103;9;103009;Nord-ovest;Piemonte;Verbano-Cusio-Ossola;1;103009;103009;103009;ITC;ITC1;ITC14;ITC;ITC1;ITC14;
Belgirate;A742;1;103;103;10;103010;Nord-ovest;Piemonte;Verbano-Cusio-Ossola;1;103010;103010;103010;ITC;ITC1;ITC14;ITC;ITC1;ITC14;
Beura-Cardezza;A834;1;103;103;11;103011;Nord-ovest;Piemonte;Verbano-Cusio-Ossola;1;103011;103011;103011;ITC;ITC1;ITC14;ITC;ITC1;ITC14;
Bognanco;A925;1;103;103;12;103012;Nord-ovest;Piemonte;Verbano-Cusio-Ossola;1;103012;103012;103012;ITC;ITC1;ITC14;ITC;ITC1;ITC14;
Brovello-Carpugnino;B207;1;103;103;13;103013;Nord-ovest;Piemonte;Verbano-Cusio-Ossola;1;103013;103013;103013;ITC;ITC1;ITC14;ITC;ITC1;ITC14;
Calasca-Castiglione;B380;1;103;103;14;103014;Nord-ovest;Piemonte;Verbano-Cusio-Ossola;1;103014;103014;103014;ITC;ITC1;ITC14;ITC;ITC1;ITC14;
Cambiasca;B463;1;103;103;15;103015;Nord-ovest;Piemonte;Verbano-Cusio-Ossola;1;103015;103015;103015;ITC;ITC1;ITC14;ITC;ITC1;ITC14;
Cannero Riviera;B610;1;103;103;16;103016;Nord-ovest;Piemonte;Verbano-Cusio-Ossola;1;103016;103016;103016;ITC;ITC1;ITC14;ITC;ITC1;ITC14;
Cannobio;B615;1;103;103;17;103017;Nord-ovest;Piemonte;Verbano-Cusio-Ossola;1;103017;103017;103017;ITC;ITC1;ITC14;ITC;ITC1;ITC14;
Caprezzo;B694;1;103;103;18;103018;Nord-ovest;Piemonte;Verbano-Cusio-Ossola;1;103018;103018;103018;ITC;ITC1;ITC14;ITC;ITC1;ITC14;
Casale Corte Cerro;B876;1;103;103;19;103019;Nord-ovest;Piemonte;Verbano-Cusio-Ossola;1;103019;103019;103019;ITC;ITC1;ITC14;ITC;ITC1;ITC14;
Ceppo Morelli;C478;1;103;103;21;103021;Nord-ovest;Piemonte;Verbano-Cusio-Ossola;1;103021;103021;103021;ITC;ITC1;ITC14;ITC;ITC1;ITC14;
Cesara;C567;1;103;103;22;103022;Nord-ovest;Piemonte;Verbano-Cusio-Ossola;1;103022;103022;103022;ITC;ITC1;ITC14;ITC;ITC1;ITC14;
Cossogno;D099;1;103;103;23;103023;Nord-ovest;Piemonte;Verbano-Cusio-Ossola;1;103023;103023;103023;ITC;ITC1;ITC14;ITC;ITC1;ITC14;
Craveggia;D134;1;103;103;24;103024;Nord-ovest;Piemonte;Verbano-Cusio-Ossola;1;103024;103024;103024;ITC;ITC1;ITC14;ITC;ITC1;ITC14;
Crevoladossola;D168;1;103;103;25;103025;Nord-ovest;Piemonte;Verbano-Cusio-Ossola;1;103025;103025;103025;ITC;ITC1;ITC14;ITC;ITC1;ITC14;
Crodo;D177;1;103;103;26;103026;Nord-ovest;Piemonte;Verbano-Cusio-Ossola;1;103026;103026;103026;ITC;ITC1;ITC14;ITC;ITC1;ITC14;
Domodossola;D332;1;103;103;28;103028;Nord-ovest;Piemonte;Verbano-Cusio-Ossola;1;103028;103028;103028;ITC;ITC1;ITC14;ITC;ITC1;ITC14;
Druogno;D374;1;103;103;29;103029;Nord-ovest;Piemonte;Verbano-Cusio-Ossola;1;103029;103029;103029;ITC;ITC1;ITC14;ITC;ITC1;ITC14;
Formazza;D706;1;103;103;31;103031;Nord-ovest;Piemonte;Verbano-Cusio-Ossola;1;103031;103031;103031;ITC;ITC1;ITC14;ITC;ITC1;ITC14;
Germagno;D984;1;103;103;32;103032;Nord-ovest;Piemonte;Verbano-Cusio-Ossola;1;103032;103032;103032;ITC;ITC1;ITC14;ITC;ITC1;ITC14;
Ghiffa;E003;1;103;103;33;103033;Nord-ovest;Piemonte;Verbano-Cusio-Ossola;1;103033;103033;103033;ITC;ITC1;ITC14;ITC;ITC1;ITC14;
Gignese;E028;1;103;103;34;103034;Nord-ovest;Piemonte;Verbano-Cusio-Ossola;1;103034;103034;103034;ITC;ITC1;ITC14;ITC;ITC1;ITC14;
Gravellona Toce;E153;1;103;103;35;103035;Nord-ovest;Piemonte;Verbano-Cusio-Ossola;1;103035;103035;103035;ITC;ITC1;ITC14;ITC;ITC1;ITC14;
Gurro;E269;1;103;103;36;103036;Nord-ovest;Piemonte;Verbano-Cusio-Ossola;1;103036;103036;103036;ITC;ITC1;ITC14;ITC;ITC1;ITC14;
Intragna;E304;1;103;103;37;103037;Nord-ovest;Piemonte;Verbano-Cusio-Ossola;1;103037;103037;103037;ITC;ITC1;ITC14;ITC;ITC1;ITC14;
Loreglia;E685;1;103;103;38;103038;Nord-ovest;Piemonte;Verbano-Cusio-Ossola;1;103038;103038;103038;ITC;ITC1;ITC14;ITC;ITC1;ITC14;
Macugnaga;E790;1;103;103;39;103039;Nord-ovest;Piemonte;Verbano-Cusio-Ossola;1;103039;103039;103039;ITC;ITC1;ITC14;ITC;ITC1;ITC14;
Madonna del Sasso;E795;1;103;103;40;103040;Nord-ovest;Piemonte;Verbano-Cusio-Ossola;1;103040;103040;103040;ITC;ITC1;ITC14;ITC;ITC1;ITC14;
Malesco;E853;1;103;103;41;103041;Nord-ovest;Piemonte;Verbano-Cusio-Ossola;1;103041;103041;103041;ITC;ITC1;ITC14;ITC;ITC1;ITC14;
Masera;F010;1;103;103;42;103042;Nord-ovest;Piemonte;Verbano-Cusio-Ossola;1;103042;103042;103042;ITC;ITC1;ITC14;ITC;ITC1;ITC14;
Massiola;F048;1;103;103;43;103043;Nord-ovest;Piemonte;Verbano-Cusio-Ossola;1;103043;103043;103043;ITC;ITC1;ITC14;ITC;ITC1;ITC14;
Mergozzo;F146;1;103;103;44;103044;Nord-ovest;Piemonte;Verbano-Cusio-Ossola;1;103044;103044;103044;ITC;ITC1;ITC14;ITC;ITC1;ITC14;
Miazzina;F192;1;103;103;45;103045;Nord-ovest;Piemonte;Verbano-Cusio-Ossola;1;103045;103045;103045;ITC;ITC1;ITC14;ITC;ITC1;ITC14;
Montecrestese;F483;1;103;103;46;103046;Nord-ovest;Piemonte;Verbano-Cusio-Ossola;1;103046;103046;103046;ITC;ITC1;ITC14;ITC;ITC1;ITC14;
Montescheno;F639;1;103;103;47;103047;Nord-ovest;Piemonte;Verbano-Cusio-Ossola;1;103047;103047;103047;ITC;ITC1;ITC14;ITC;ITC1;ITC14;
Nonio;F932;1;103;103;48;103048;Nord-ovest;Piemonte;Verbano-Cusio-Ossola;1;103048;103048;103048;ITC;ITC1;ITC14;ITC;ITC1;ITC14;
Oggebbio;G007;1;103;103;49;103049;Nord-ovest;Piemonte;Verbano-Cusio-Ossola;1;103049;103049;103049;ITC;ITC1;ITC14;ITC;ITC1;ITC14;
Omegna;G062;1;103;103;50;103050;Nord-ovest;Piemonte;Verbano-Cusio-Ossola;1;103050;103050;103050;ITC;ITC1;ITC14;ITC;ITC1;ITC14;
Ornavasso;G117;1;103;103;51;103051;Nord-ovest;Piemonte;Verbano-Cusio-Ossola;1;103051;103051;103051;ITC;ITC1;ITC14;ITC;ITC1;ITC14;
Pallanzeno;G280;1;103;103;52;103052;Nord-ovest;Piemonte;Verbano-Cusio-Ossola;1;103052;103052;103052;ITC;ITC1;ITC14;ITC;ITC1;ITC14;
Piedimulera;G600;1;103;103;53;103053;Nord-ovest;Piemonte;Verbano-Cusio-Ossola;1;103053;103053;103053;ITC;ITC1;ITC14;ITC;ITC1;ITC14;
Pieve Vergonte;G658;1;103;103;54;103054;Nord-ovest;Piemonte;Verbano-Cusio-Ossola;1;103054;103054;103054;ITC;ITC1;ITC14;ITC;ITC1;ITC14;
Premeno;H030;1;103;103;55;103055;Nord-ovest;Piemonte;Verbano-Cusio-Ossola;1;103055;103055;103055;ITC;ITC1;ITC14;ITC;ITC1;ITC14;
Premia;H033;1;103;103;56;103056;Nord-ovest;Piemonte;Verbano-Cusio-Ossola;1;103056;103056;103056;ITC;ITC1;ITC14;ITC;ITC1;ITC14;
Premosello-Chiovenda;H037;1;103;103;57;103057;Nord-ovest;Piemonte;Verbano-Cusio-Ossola;1;103057;103057;103057;ITC;ITC1;ITC14;ITC;ITC1;ITC14;
Quarna Sopra;H106;1;103;103;58;103058;Nord-ovest;Piemonte;Verbano-Cusio-Ossola;1;103058;103058;103058;ITC;ITC1;ITC14;ITC;ITC1;ITC14;
Quarna Sotto;H107;1;103;103;59;103059;Nord-ovest;Piemonte;Verbano-Cusio-Ossola;1;103059;103059;103059;ITC;ITC1;ITC14;ITC;ITC1;ITC14;
Re;H203;1;103;103;60;103060;Nord-ovest;Piemonte;Verbano-Cusio-Ossola;1;103060;103060;103060;ITC;ITC1;ITC14;ITC;ITC1;ITC14;
San Bernardino Verbano;H777;1;103;103;61;103061;Nord-ovest;Piemonte;Verbano-Cusio-Ossola;1;103061;103061;103061;ITC;ITC1;ITC14;ITC;ITC1;ITC14;
Santa Maria Maggiore;I249;1;103;103;62;103062;Nord-ovest;Piemonte;Verbano-Cusio-Ossola;1;103062;103062;103062;ITC;ITC1;ITC14;ITC;ITC1;ITC14;
Stresa;I976;1;103;103;64;103064;Nord-ovest;Piemonte;Verbano-Cusio-Ossola;1;103064;103064;103064;ITC;ITC1;ITC14;ITC;ITC1;ITC14;
Toceno;L187;1;103;103;65;103065;Nord-ovest;Piemonte;Verbano-Cusio-Ossola;1;103065;103065;103065;ITC;ITC1;ITC14;ITC;ITC1;ITC14;
Trarego Viggiona;L333;1;103;103;66;103066;Nord-ovest;Piemonte;Verbano-Cusio-Ossola;1;103066;103066;103066;ITC;ITC1;ITC14;ITC;ITC1;ITC14;
Trasquera;L336;1;103;103;67;103067;Nord-ovest;Piemonte;Verbano-Cusio-Ossola;1;103067;103067;103067;ITC;ITC1;ITC14;ITC;ITC1;ITC14;
Trontano;L450;1;103;103;68;103068;Nord-ovest;Piemonte;Verbano-Cusio-Ossola;1;103068;103068;103068;ITC;ITC1;ITC14;ITC;ITC1;ITC14;
Valstrona;L651;1;103;103;69;103069;Nord-ovest;Piemonte;Verbano-Cusio-Ossola;1;103069;103069;103069;ITC;ITC1;ITC14;ITC;ITC1;ITC14;
Vanzone con San Carlo;L666;1;103;103;70;103070;Nord-ovest;Piemonte;Verbano-Cusio-Ossola;1;103070;103070;103070;ITC;ITC1;ITC14;ITC;ITC1;ITC14;
Varzo;L691;1;103;103;71;103071;Nord-ovest;Piemonte;Verbano-Cusio-Ossola;1;103071;103071;103071;ITC;ITC1;ITC14;ITC;ITC1;ITC14;
Verbania;L746;1;103;103;72;103072;Nord-ovest;Piemonte;Verbano-Cusio-Ossola;1;103072;103072;103072;ITC;ITC1;ITC14;ITC;ITC1;ITC14;
Vignone;L889;1;103;103;74;103074;Nord-ovest;Piemonte;Verbano-Cusio-Ossola;1;103074;103074;103074;ITC;ITC1;ITC14;ITC;ITC1;ITC14;
Villadossola;L906;1;103;103;75;103075;Nord-ovest;Piemonte;Verbano-Cusio-Ossola;1;103075;103075;103075;ITC;ITC1;ITC14;ITC;ITC1;ITC14;
Villette;M042;1;103;103;76;103076;Nord-ovest;Piemonte;Verbano-Cusio-Ossola;1;103076;103076;103076;ITC;ITC1;ITC14;ITC;ITC1;ITC14;
Vogogna;M111;1;103;103;77;103077;Nord-ovest;Piemonte;Verbano-Cusio-Ossola;1;103077;103077;103077;ITC;ITC1;ITC14;ITC;ITC1;ITC14;
Borgomezzavalle;M370;1;103;103;78;103078;Nord-ovest;Piemonte;Verbano-Cusio-Ossola;1;103078;103078;103078;ITC;ITC1;ITC14;ITC;ITC1;ITC14;
Valle Cannobina;M404;1;103;103;79;103079;Nord-ovest;Piemonte;Verbano-Cusio-Ossola;1;103079;103079;103079;ITC;ITC1;ITC14;ITC;ITC1;ITC14;
Allein;A205;2;7;7;1;7001;Nord-ovest;Valle d'Aosta/VallÈe d'Aoste;Valle d'Aosta/VallÈe d'Aoste;1;7001;7001;7001;ITC;ITC2;ITC20;ITC;ITC2;ITC20;
Antey-Saint-AndrÈ;A305;2;7;7;2;7002;Nord-ovest;Valle d'Aosta/VallÈe d'Aoste;Valle d'Aosta/VallÈe d'Aoste;1;7002;7002;7002;ITC;ITC2;ITC20;ITC;ITC2;ITC20;
Aosta;A326;2;7;7;3;7003;Nord-ovest;Valle d'Aosta/VallÈe d'Aoste;Valle d'Aosta/VallÈe d'Aoste;1;7003;7003;7003;ITC;ITC2;ITC20;ITC;ITC2;ITC20;
Arnad;A424;2;7;7;4;7004;Nord-ovest;Valle d'Aosta/VallÈe d'Aoste;Valle d'Aosta/VallÈe d'Aoste;1;7004;7004;7004;ITC;ITC2;ITC20;ITC;ITC2;ITC20;
Arvier;A452;2;7;7;5;7005;Nord-ovest;Valle d'Aosta/VallÈe d'Aoste;Valle d'Aosta/VallÈe d'Aoste;1;7005;7005;7005;ITC;ITC2;ITC20;ITC;ITC2;ITC20;
Avise;A521;2;7;7;6;7006;Nord-ovest;Valle d'Aosta/VallÈe d'Aoste;Valle d'Aosta/VallÈe d'Aoste;1;7006;7006;7006;ITC;ITC2;ITC20;ITC;ITC2;ITC20;
Ayas;A094;2;7;7;7;7007;Nord-ovest;Valle d'Aosta/VallÈe d'Aoste;Valle d'Aosta/VallÈe d'Aoste;1;7007;7007;7007;ITC;ITC2;ITC20;ITC;ITC2;ITC20;
Aymavilles;A108;2;7;7;8;7008;Nord-ovest;Valle d'Aosta/VallÈe d'Aoste;Valle d'Aosta/VallÈe d'Aoste;1;7008;7008;7008;ITC;ITC2;ITC20;ITC;ITC2;ITC20;
Bard;A643;2;7;7;9;7009;Nord-ovest;Valle d'Aosta/VallÈe d'Aoste;Valle d'Aosta/VallÈe d'Aoste;1;7009;7009;7009;ITC;ITC2;ITC20;ITC;ITC2;ITC20;
Bionaz;A877;2;7;7;10;7010;Nord-ovest;Valle d'Aosta/VallÈe d'Aoste;Valle d'Aosta/VallÈe d'Aoste;1;7010;7010;7010;ITC;ITC2;ITC20;ITC;ITC2;ITC20;
Brissogne;B192;2;7;7;11;7011;Nord-ovest;Valle d'Aosta/VallÈe d'Aoste;Valle d'Aosta/VallÈe d'Aoste;1;7011;7011;7011;ITC;ITC2;ITC20;ITC;ITC2;ITC20;
Brusson;B230;2;7;7;12;7012;Nord-ovest;Valle d'Aosta/VallÈe d'Aoste;Valle d'Aosta/VallÈe d'Aoste;1;7012;7012;7012;ITC;ITC2;ITC20;ITC;ITC2;ITC20;
Challand-Saint-Anselme;C593;2;7;7;13;7013;Nord-ovest;Valle d'Aosta/VallÈe d'Aoste;Valle d'Aosta/VallÈe d'Aoste;1;7013;7013;7013;ITC;ITC2;ITC20;ITC;ITC2;ITC20;
Challand-Saint-Victor;C594;2;7;7;14;7014;Nord-ovest;Valle d'Aosta/VallÈe d'Aoste;Valle d'Aosta/VallÈe d'Aoste;1;7014;7014;7014;ITC;ITC2;ITC20;ITC;ITC2;ITC20;
Chambave;C595;2;7;7;15;7015;Nord-ovest;Valle d'Aosta/VallÈe d'Aoste;Valle d'Aosta/VallÈe d'Aoste;1;7015;7015;7015;ITC;ITC2;ITC20;ITC;ITC2;ITC20;
Chamois;B491;2;7;7;16;7016;Nord-ovest;Valle d'Aosta/VallÈe d'Aoste;Valle d'Aosta/VallÈe d'Aoste;1;7016;7016;7016;ITC;ITC2;ITC20;ITC;ITC2;ITC20;
Champdepraz;C596;2;7;7;17;7017;Nord-ovest;Valle d'Aosta/VallÈe d'Aoste;Valle d'Aosta/VallÈe d'Aoste;1;7017;7017;7017;ITC;ITC2;ITC20;ITC;ITC2;ITC20;
Champorcher;B540;2;7;7;18;7018;Nord-ovest;Valle d'Aosta/VallÈe d'Aoste;Valle d'Aosta/VallÈe d'Aoste;1;7018;7018;7018;ITC;ITC2;ITC20;ITC;ITC2;ITC20;
Charvensod;C598;2;7;7;19;7019;Nord-ovest;Valle d'Aosta/VallÈe d'Aoste;Valle d'Aosta/VallÈe d'Aoste;1;7019;7019;7019;ITC;ITC2;ITC20;ITC;ITC2;ITC20;
Ch‚tillon;C294;2;7;7;20;7020;Nord-ovest;Valle d'Aosta/VallÈe d'Aoste;Valle d'Aosta/VallÈe d'Aoste;1;7020;7020;7020;ITC;ITC2;ITC20;ITC;ITC2;ITC20;
Cogne;C821;2;7;7;21;7021;Nord-ovest;Valle d'Aosta/VallÈe d'Aoste;Valle d'Aosta/VallÈe d'Aoste;1;7021;7021;7021;ITC;ITC2;ITC20;ITC;ITC2;ITC20;
Courmayeur;D012;2;7;7;22;7022;Nord-ovest;Valle d'Aosta/VallÈe d'Aoste;Valle d'Aosta/VallÈe d'Aoste;1;7022;7022;7022;ITC;ITC2;ITC20;ITC;ITC2;ITC20;
Donnas;D338;2;7;7;23;7023;Nord-ovest;Valle d'Aosta/VallÈe d'Aoste;Valle d'Aosta/VallÈe d'Aoste;1;7023;7023;7023;ITC;ITC2;ITC20;ITC;ITC2;ITC20;
Doues;D356;2;7;7;24;7024;Nord-ovest;Valle d'Aosta/VallÈe d'Aoste;Valle d'Aosta/VallÈe d'Aoste;1;7024;7024;7024;ITC;ITC2;ITC20;ITC;ITC2;ITC20;
EmarËse;D402;2;7;7;25;7025;Nord-ovest;Valle d'Aosta/VallÈe d'Aoste;Valle d'Aosta/VallÈe d'Aoste;1;7025;7025;7025;ITC;ITC2;ITC20;ITC;ITC2;ITC20;
Etroubles;D444;2;7;7;26;7026;Nord-ovest;Valle d'Aosta/VallÈe d'Aoste;Valle d'Aosta/VallÈe d'Aoste;1;7026;7026;7026;ITC;ITC2;ITC20;ITC;ITC2;ITC20;
FÈnis;D537;2;7;7;27;7027;Nord-ovest;Valle d'Aosta/VallÈe d'Aoste;Valle d'Aosta/VallÈe d'Aoste;1;7027;7027;7027;ITC;ITC2;ITC20;ITC;ITC2;ITC20;
Fontainemore;D666;2;7;7;28;7028;Nord-ovest;Valle d'Aosta/VallÈe d'Aoste;Valle d'Aosta/VallÈe d'Aoste;1;7028;7028;7028;ITC;ITC2;ITC20;ITC;ITC2;ITC20;
Gaby;D839;2;7;7;29;7029;Nord-ovest;Valle d'Aosta/VallÈe d'Aoste;Valle d'Aosta/VallÈe d'Aoste;1;7029;7029;7029;ITC;ITC2;ITC20;ITC;ITC2;ITC20;
Gignod;E029;2;7;7;30;7030;Nord-ovest;Valle d'Aosta/VallÈe d'Aoste;Valle d'Aosta/VallÈe d'Aoste;1;7030;7030;7030;ITC;ITC2;ITC20;ITC;ITC2;ITC20;
Gressan;E165;2;7;7;31;7031;Nord-ovest;Valle d'Aosta/VallÈe d'Aoste;Valle d'Aosta/VallÈe d'Aoste;1;7031;7031;7031;ITC;ITC2;ITC20;ITC;ITC2;ITC20;
Gressoney-La-TrinitÈ;E167;2;7;7;32;7032;Nord-ovest;Valle d'Aosta/VallÈe d'Aoste;Valle d'Aosta/VallÈe d'Aoste;1;7032;7032;7032;ITC;ITC2;ITC20;ITC;ITC2;ITC20;
Gressoney-Saint-Jean;E168;2;7;7;33;7033;Nord-ovest;Valle d'Aosta/VallÈe d'Aoste;Valle d'Aosta/VallÈe d'Aoste;1;7033;7033;7033;ITC;ITC2;ITC20;ITC;ITC2;ITC20;
HÙne;E273;2;7;7;34;7034;Nord-ovest;Valle d'Aosta/VallÈe d'Aoste;Valle d'Aosta/VallÈe d'Aoste;1;7034;7034;7034;ITC;ITC2;ITC20;ITC;ITC2;ITC20;
Introd;E306;2;7;7;35;7035;Nord-ovest;Valle d'Aosta/VallÈe d'Aoste;Valle d'Aosta/VallÈe d'Aoste;1;7035;7035;7035;ITC;ITC2;ITC20;ITC;ITC2;ITC20;
Issime;E369;2;7;7;36;7036;Nord-ovest;Valle d'Aosta/VallÈe d'Aoste;Valle d'Aosta/VallÈe d'Aoste;1;7036;7036;7036;ITC;ITC2;ITC20;ITC;ITC2;ITC20;
Issogne;E371;2;7;7;37;7037;Nord-ovest;Valle d'Aosta/VallÈe d'Aoste;Valle d'Aosta/VallÈe d'Aoste;1;7037;7037;7037;ITC;ITC2;ITC20;ITC;ITC2;ITC20;
JovenÁan;E391;2;7;7;38;7038;Nord-ovest;Valle d'Aosta/VallÈe d'Aoste;Valle d'Aosta/VallÈe d'Aoste;1;7038;7038;7038;ITC;ITC2;ITC20;ITC;ITC2;ITC20;
La Magdeleine;A308;2;7;7;39;7039;Nord-ovest;Valle d'Aosta/VallÈe d'Aoste;Valle d'Aosta/VallÈe d'Aoste;1;7039;7039;7039;ITC;ITC2;ITC20;ITC;ITC2;ITC20;
La Salle;E458;2;7;7;40;7040;Nord-ovest;Valle d'Aosta/VallÈe d'Aoste;Valle d'Aosta/VallÈe d'Aoste;1;7040;7040;7040;ITC;ITC2;ITC20;ITC;ITC2;ITC20;
La Thuile;E470;2;7;7;41;7041;Nord-ovest;Valle d'Aosta/VallÈe d'Aoste;Valle d'Aosta/VallÈe d'Aoste;1;7041;7041;7041;ITC;ITC2;ITC20;ITC;ITC2;ITC20;
Lillianes;E587;2;7;7;42;7042;Nord-ovest;Valle d'Aosta/VallÈe d'Aoste;Valle d'Aosta/VallÈe d'Aoste;1;7042;7042;7042;ITC;ITC2;ITC20;ITC;ITC2;ITC20;
Montjovet;F367;2;7;7;43;7043;Nord-ovest;Valle d'Aosta/VallÈe d'Aoste;Valle d'Aosta/VallÈe d'Aoste;1;7043;7043;7043;ITC;ITC2;ITC20;ITC;ITC2;ITC20;
Morgex;F726;2;7;7;44;7044;Nord-ovest;Valle d'Aosta/VallÈe d'Aoste;Valle d'Aosta/VallÈe d'Aoste;1;7044;7044;7044;ITC;ITC2;ITC20;ITC;ITC2;ITC20;
Nus;F987;2;7;7;45;7045;Nord-ovest;Valle d'Aosta/VallÈe d'Aoste;Valle d'Aosta/VallÈe d'Aoste;1;7045;7045;7045;ITC;ITC2;ITC20;ITC;ITC2;ITC20;
Ollomont;G045;2;7;7;46;7046;Nord-ovest;Valle d'Aosta/VallÈe d'Aoste;Valle d'Aosta/VallÈe d'Aoste;1;7046;7046;7046;ITC;ITC2;ITC20;ITC;ITC2;ITC20;
Oyace;G012;2;7;7;47;7047;Nord-ovest;Valle d'Aosta/VallÈe d'Aoste;Valle d'Aosta/VallÈe d'Aoste;1;7047;7047;7047;ITC;ITC2;ITC20;ITC;ITC2;ITC20;
Perloz;G459;2;7;7;48;7048;Nord-ovest;Valle d'Aosta/VallÈe d'Aoste;Valle d'Aosta/VallÈe d'Aoste;1;7048;7048;7048;ITC;ITC2;ITC20;ITC;ITC2;ITC20;
Pollein;G794;2;7;7;49;7049;Nord-ovest;Valle d'Aosta/VallÈe d'Aoste;Valle d'Aosta/VallÈe d'Aoste;1;7049;7049;7049;ITC;ITC2;ITC20;ITC;ITC2;ITC20;
Pontboset;G545;2;7;7;50;7050;Nord-ovest;Valle d'Aosta/VallÈe d'Aoste;Valle d'Aosta/VallÈe d'Aoste;1;7050;7050;7050;ITC;ITC2;ITC20;ITC;ITC2;ITC20;
Pontey;G860;2;7;7;51;7051;Nord-ovest;Valle d'Aosta/VallÈe d'Aoste;Valle d'Aosta/VallÈe d'Aoste;1;7051;7051;7051;ITC;ITC2;ITC20;ITC;ITC2;ITC20;
Pont-Saint-Martin;G854;2;7;7;52;7052;Nord-ovest;Valle d'Aosta/VallÈe d'Aoste;Valle d'Aosta/VallÈe d'Aoste;1;7052;7052;7052;ITC;ITC2;ITC20;ITC;ITC2;ITC20;
PrÈ-Saint-Didier;H042;2;7;7;53;7053;Nord-ovest;Valle d'Aosta/VallÈe d'Aoste;Valle d'Aosta/VallÈe d'Aoste;1;7053;7053;7053;ITC;ITC2;ITC20;ITC;ITC2;ITC20;
Quart;H110;2;7;7;54;7054;Nord-ovest;Valle d'Aosta/VallÈe d'Aoste;Valle d'Aosta/VallÈe d'Aoste;1;7054;7054;7054;ITC;ITC2;ITC20;ITC;ITC2;ITC20;
RhÍmes-Notre-Dame;H262;2;7;7;55;7055;Nord-ovest;Valle d'Aosta/VallÈe d'Aoste;Valle d'Aosta/VallÈe d'Aoste;1;7055;7055;7055;ITC;ITC2;ITC20;ITC;ITC2;ITC20;
RhÍmes-Saint-Georges;H263;2;7;7;56;7056;Nord-ovest;Valle d'Aosta/VallÈe d'Aoste;Valle d'Aosta/VallÈe d'Aoste;1;7056;7056;7056;ITC;ITC2;ITC20;ITC;ITC2;ITC20;
Roisan;H497;2;7;7;57;7057;Nord-ovest;Valle d'Aosta/VallÈe d'Aoste;Valle d'Aosta/VallÈe d'Aoste;1;7057;7057;7057;ITC;ITC2;ITC20;ITC;ITC2;ITC20;
Saint-Christophe;H669;2;7;7;58;7058;Nord-ovest;Valle d'Aosta/VallÈe d'Aoste;Valle d'Aosta/VallÈe d'Aoste;1;7058;7058;7058;ITC;ITC2;ITC20;ITC;ITC2;ITC20;
Saint-Denis;H670;2;7;7;59;7059;Nord-ovest;Valle d'Aosta/VallÈe d'Aoste;Valle d'Aosta/VallÈe d'Aoste;1;7059;7059;7059;ITC;ITC2;ITC20;ITC;ITC2;ITC20;
Saint-Marcel;H671;2;7;7;60;7060;Nord-ovest;Valle d'Aosta/VallÈe d'Aoste;Valle d'Aosta/VallÈe d'Aoste;1;7060;7060;7060;ITC;ITC2;ITC20;ITC;ITC2;ITC20;
Saint-Nicolas;H672;2;7;7;61;7061;Nord-ovest;Valle d'Aosta/VallÈe d'Aoste;Valle d'Aosta/VallÈe d'Aoste;1;7061;7061;7061;ITC;ITC2;ITC20;ITC;ITC2;ITC20;
Saint-Oyen;H673;2;7;7;62;7062;Nord-ovest;Valle d'Aosta/VallÈe d'Aoste;Valle d'Aosta/VallÈe d'Aoste;1;7062;7062;7062;ITC;ITC2;ITC20;ITC;ITC2;ITC20;
Saint-Pierre;H674;2;7;7;63;7063;Nord-ovest;Valle d'Aosta/VallÈe d'Aoste;Valle d'Aosta/VallÈe d'Aoste;1;7063;7063;7063;ITC;ITC2;ITC20;ITC;ITC2;ITC20;
Saint-RhÈmy-en-Bosses;H675;2;7;7;64;7064;Nord-ovest;Valle d'Aosta/VallÈe d'Aoste;Valle d'Aosta/VallÈe d'Aoste;1;7064;7064;7064;ITC;ITC2;ITC20;ITC;ITC2;ITC20;
Saint-Vincent;H676;2;7;7;65;7065;Nord-ovest;Valle d'Aosta/VallÈe d'Aoste;Valle d'Aosta/VallÈe d'Aoste;1;7065;7065;7065;ITC;ITC2;ITC20;ITC;ITC2;ITC20;
Sarre;I442;2;7;7;66;7066;Nord-ovest;Valle d'Aosta/VallÈe d'Aoste;Valle d'Aosta/VallÈe d'Aoste;1;7066;7066;7066;ITC;ITC2;ITC20;ITC;ITC2;ITC20;
Torgnon;L217;2;7;7;67;7067;Nord-ovest;Valle d'Aosta/VallÈe d'Aoste;Valle d'Aosta/VallÈe d'Aoste;1;7067;7067;7067;ITC;ITC2;ITC20;ITC;ITC2;ITC20;
Valgrisenche;L582;2;7;7;68;7068;Nord-ovest;Valle d'Aosta/VallÈe d'Aoste;Valle d'Aosta/VallÈe d'Aoste;1;7068;7068;7068;ITC;ITC2;ITC20;ITC;ITC2;ITC20;
Valpelline;L643;2;7;7;69;7069;Nord-ovest;Valle d'Aosta/VallÈe d'Aoste;Valle d'Aosta/VallÈe d'Aoste;1;7069;7069;7069;ITC;ITC2;ITC20;ITC;ITC2;ITC20;
Valsavarenche;L647;2;7;7;70;7070;Nord-ovest;Valle d'Aosta/VallÈe d'Aoste;Valle d'Aosta/VallÈe d'Aoste;1;7070;7070;7070;ITC;ITC2;ITC20;ITC;ITC2;ITC20;
Valtournenche;L654;2;7;7;71;7071;Nord-ovest;Valle d'Aosta/VallÈe d'Aoste;Valle d'Aosta/VallÈe d'Aoste;1;7071;7071;7071;ITC;ITC2;ITC20;ITC;ITC2;ITC20;
Verrayes;L783;2;7;7;72;7072;Nord-ovest;Valle d'Aosta/VallÈe d'Aoste;Valle d'Aosta/VallÈe d'Aoste;1;7072;7072;7072;ITC;ITC2;ITC20;ITC;ITC2;ITC20;
VerrËs;C282;2;7;7;73;7073;Nord-ovest;Valle d'Aosta/VallÈe d'Aoste;Valle d'Aosta/VallÈe d'Aoste;1;7073;7073;7073;ITC;ITC2;ITC20;ITC;ITC2;ITC20;
Villeneuve;L981;2;7;7;74;7074;Nord-ovest;Valle d'Aosta/VallÈe d'Aoste;Valle d'Aosta/VallÈe d'Aoste;1;7074;7074;7074;ITC;ITC2;ITC20;ITC;ITC2;ITC20;
Agra;A085;3;12;12;1;12001;Nord-ovest;Lombardia;Varese;1;12001;12001;12001;ITC;ITC4;ITC41;ITC;ITC4;ITC41;
Albizzate;A167;3;12;12;2;12002;Nord-ovest;Lombardia;Varese;1;12002;12002;12002;ITC;ITC4;ITC41;ITC;ITC4;ITC41;
Angera;A290;3;12;12;3;12003;Nord-ovest;Lombardia;Varese;1;12003;12003;12003;ITC;ITC4;ITC41;ITC;ITC4;ITC41;
Arcisate;A371;3;12;12;4;12004;Nord-ovest;Lombardia;Varese;1;12004;12004;12004;ITC;ITC4;ITC41;ITC;ITC4;ITC41;
Arsago Seprio;A441;3;12;12;5;12005;Nord-ovest;Lombardia;Varese;1;12005;12005;12005;ITC;ITC4;ITC41;ITC;ITC4;ITC41;
Azzate;A531;3;12;12;6;12006;Nord-ovest;Lombardia;Varese;1;12006;12006;12006;ITC;ITC4;ITC41;ITC;ITC4;ITC41;
Azzio;A532;3;12;12;7;12007;Nord-ovest;Lombardia;Varese;1;12007;12007;12007;ITC;ITC4;ITC41;ITC;ITC4;ITC41;
Barasso;A619;3;12;12;8;12008;Nord-ovest;Lombardia;Varese;1;12008;12008;12008;ITC;ITC4;ITC41;ITC;ITC4;ITC41;
Bedero Valcuvia;A728;3;12;12;10;12010;Nord-ovest;Lombardia;Varese;1;12010;12010;12010;ITC;ITC4;ITC41;ITC;ITC4;ITC41;
Besano;A819;3;12;12;11;12011;Nord-ovest;Lombardia;Varese;1;12011;12011;12011;ITC;ITC4;ITC41;ITC;ITC4;ITC41;
Besnate;A825;3;12;12;12;12012;Nord-ovest;Lombardia;Varese;1;12012;12012;12012;ITC;ITC4;ITC41;ITC;ITC4;ITC41;
Besozzo;A826;3;12;12;13;12013;Nord-ovest;Lombardia;Varese;1;12013;12013;12013;ITC;ITC4;ITC41;ITC;ITC4;ITC41;
Biandronno;A845;3;12;12;14;12014;Nord-ovest;Lombardia;Varese;1;12014;12014;12014;ITC;ITC4;ITC41;ITC;ITC4;ITC41;
Bisuschio;A891;3;12;12;15;12015;Nord-ovest;Lombardia;Varese;1;12015;12015;12015;ITC;ITC4;ITC41;ITC;ITC4;ITC41;
Bodio Lomnago;A918;3;12;12;16;12016;Nord-ovest;Lombardia;Varese;1;12016;12016;12016;ITC;ITC4;ITC41;ITC;ITC4;ITC41;
Brebbia;B126;3;12;12;17;12017;Nord-ovest;Lombardia;Varese;1;12017;12017;12017;ITC;ITC4;ITC41;ITC;ITC4;ITC41;
Brenta;B150;3;12;12;19;12019;Nord-ovest;Lombardia;Varese;1;12019;12019;12019;ITC;ITC4;ITC41;ITC;ITC4;ITC41;
Brezzo di Bedero;B166;3;12;12;20;12020;Nord-ovest;Lombardia;Varese;1;12020;12020;12020;ITC;ITC4;ITC41;ITC;ITC4;ITC41;
Brinzio;B182;3;12;12;21;12021;Nord-ovest;Lombardia;Varese;1;12021;12021;12021;ITC;ITC4;ITC41;ITC;ITC4;ITC41;
Brissago-Valtravaglia;B191;3;12;12;22;12022;Nord-ovest;Lombardia;Varese;1;12022;12022;12022;ITC;ITC4;ITC41;ITC;ITC4;ITC41;
Brunello;B219;3;12;12;23;12023;Nord-ovest;Lombardia;Varese;1;12023;12023;12023;ITC;ITC4;ITC41;ITC;ITC4;ITC41;
Brusimpiano;B228;3;12;12;24;12024;Nord-ovest;Lombardia;Varese;1;12024;12024;12024;ITC;ITC4;ITC41;ITC;ITC4;ITC41;
Buguggiate;B258;3;12;12;25;12025;Nord-ovest;Lombardia;Varese;1;12025;12025;12025;ITC;ITC4;ITC41;ITC;ITC4;ITC41;
Busto Arsizio;B300;3;12;12;26;12026;Nord-ovest;Lombardia;Varese;1;12026;12026;12026;ITC;ITC4;ITC41;ITC;ITC4;ITC41;
Cadegliano-Viconago;B326;3;12;12;27;12027;Nord-ovest;Lombardia;Varese;1;12027;12027;12027;ITC;ITC4;ITC41;ITC;ITC4;ITC41;
Cairate;B368;3;12;12;29;12029;Nord-ovest;Lombardia;Varese;1;12029;12029;12029;ITC;ITC4;ITC41;ITC;ITC4;ITC41;
Cantello;B634;3;12;12;30;12030;Nord-ovest;Lombardia;Varese;1;12030;12030;12030;ITC;ITC4;ITC41;ITC;ITC4;ITC41;
Caravate;B732;3;12;12;31;12031;Nord-ovest;Lombardia;Varese;1;12031;12031;12031;ITC;ITC4;ITC41;ITC;ITC4;ITC41;
Cardano al Campo;B754;3;12;12;32;12032;Nord-ovest;Lombardia;Varese;1;12032;12032;12032;ITC;ITC4;ITC41;ITC;ITC4;ITC41;
Carnago;B796;3;12;12;33;12033;Nord-ovest;Lombardia;Varese;1;12033;12033;12033;ITC;ITC4;ITC41;ITC;ITC4;ITC41;
Caronno Pertusella;B805;3;12;12;34;12034;Nord-ovest;Lombardia;Varese;1;12034;12034;12034;ITC;ITC4;ITC41;ITC;ITC4;ITC41;
Caronno Varesino;B807;3;12;12;35;12035;Nord-ovest;Lombardia;Varese;1;12035;12035;12035;ITC;ITC4;ITC41;ITC;ITC4;ITC41;
Casale Litta;B875;3;12;12;36;12036;Nord-ovest;Lombardia;Varese;1;12036;12036;12036;ITC;ITC4;ITC41;ITC;ITC4;ITC41;
Casalzuigno;B921;3;12;12;37;12037;Nord-ovest;Lombardia;Varese;1;12037;12037;12037;ITC;ITC4;ITC41;ITC;ITC4;ITC41;
Casciago;B949;3;12;12;38;12038;Nord-ovest;Lombardia;Varese;1;12038;12038;12038;ITC;ITC4;ITC41;ITC;ITC4;ITC41;
Casorate Sempione;B987;3;12;12;39;12039;Nord-ovest;Lombardia;Varese;1;12039;12039;12039;ITC;ITC4;ITC41;ITC;ITC4;ITC41;
Cassano Magnago;C004;3;12;12;40;12040;Nord-ovest;Lombardia;Varese;1;12040;12040;12040;ITC;ITC4;ITC41;ITC;ITC4;ITC41;
Cassano Valcuvia;B999;3;12;12;41;12041;Nord-ovest;Lombardia;Varese;1;12041;12041;12041;ITC;ITC4;ITC41;ITC;ITC4;ITC41;
Castellanza;C139;3;12;12;42;12042;Nord-ovest;Lombardia;Varese;1;12042;12042;12042;ITC;ITC4;ITC41;ITC;ITC4;ITC41;
Castello Cabiaglio;B312;3;12;12;43;12043;Nord-ovest;Lombardia;Varese;1;12043;12043;12043;ITC;ITC4;ITC41;ITC;ITC4;ITC41;
Castelseprio;C273;3;12;12;44;12044;Nord-ovest;Lombardia;Varese;1;12044;12044;12044;ITC;ITC4;ITC41;ITC;ITC4;ITC41;
Castelveccana;C181;3;12;12;45;12045;Nord-ovest;Lombardia;Varese;1;12045;12045;12045;ITC;ITC4;ITC41;ITC;ITC4;ITC41;
Castiglione Olona;C300;3;12;12;46;12046;Nord-ovest;Lombardia;Varese;1;12046;12046;12046;ITC;ITC4;ITC41;ITC;ITC4;ITC41;
Castronno;C343;3;12;12;47;12047;Nord-ovest;Lombardia;Varese;1;12047;12047;12047;ITC;ITC4;ITC41;ITC;ITC4;ITC41;
Cavaria con Premezzo;C382;3;12;12;48;12048;Nord-ovest;Lombardia;Varese;1;12048;12048;12048;ITC;ITC4;ITC41;ITC;ITC4;ITC41;
Cazzago Brabbia;C409;3;12;12;49;12049;Nord-ovest;Lombardia;Varese;1;12049;12049;12049;ITC;ITC4;ITC41;ITC;ITC4;ITC41;
Cislago;C732;3;12;12;50;12050;Nord-ovest;Lombardia;Varese;1;12050;12050;12050;ITC;ITC4;ITC41;ITC;ITC4;ITC41;
Cittiglio;C751;3;12;12;51;12051;Nord-ovest;Lombardia;Varese;1;12051;12051;12051;ITC;ITC4;ITC41;ITC;ITC4;ITC41;
Clivio;C796;3;12;12;52;12052;Nord-ovest;Lombardia;Varese;1;12052;12052;12052;ITC;ITC4;ITC41;ITC;ITC4;ITC41;
Cocquio-Trevisago;C810;3;12;12;53;12053;Nord-ovest;Lombardia;Varese;1;12053;12053;12053;ITC;ITC4;ITC41;ITC;ITC4;ITC41;
Comabbio;C911;3;12;12;54;12054;Nord-ovest;Lombardia;Varese;1;12054;12054;12054;ITC;ITC4;ITC41;ITC;ITC4;ITC41;
Comerio;C922;3;12;12;55;12055;Nord-ovest;Lombardia;Varese;1;12055;12055;12055;ITC;ITC4;ITC41;ITC;ITC4;ITC41;
Cremenaga;D144;3;12;12;56;12056;Nord-ovest;Lombardia;Varese;1;12056;12056;12056;ITC;ITC4;ITC41;ITC;ITC4;ITC41;
Crosio della Valle;D185;3;12;12;57;12057;Nord-ovest;Lombardia;Varese;1;12057;12057;12057;ITC;ITC4;ITC41;ITC;ITC4;ITC41;
Cuasso al Monte;D192;3;12;12;58;12058;Nord-ovest;Lombardia;Varese;1;12058;12058;12058;ITC;ITC4;ITC41;ITC;ITC4;ITC41;
Cugliate-Fabiasco;D199;3;12;12;59;12059;Nord-ovest;Lombardia;Varese;1;12059;12059;12059;ITC;ITC4;ITC41;ITC;ITC4;ITC41;
Cunardo;D204;3;12;12;60;12060;Nord-ovest;Lombardia;Varese;1;12060;12060;12060;ITC;ITC4;ITC41;ITC;ITC4;ITC41;
Curiglia con Monteviasco;D217;3;12;12;61;12061;Nord-ovest;Lombardia;Varese;1;12061;12061;12061;ITC;ITC4;ITC41;ITC;ITC4;ITC41;
Cuveglio;D238;3;12;12;62;12062;Nord-ovest;Lombardia;Varese;1;12062;12062;12062;ITC;ITC4;ITC41;ITC;ITC4;ITC41;
Cuvio;D239;3;12;12;63;12063;Nord-ovest;Lombardia;Varese;1;12063;12063;12063;ITC;ITC4;ITC41;ITC;ITC4;ITC41;
Daverio;D256;3;12;12;64;12064;Nord-ovest;Lombardia;Varese;1;12064;12064;12064;ITC;ITC4;ITC41;ITC;ITC4;ITC41;
Dumenza;D384;3;12;12;65;12065;Nord-ovest;Lombardia;Varese;1;12065;12065;12065;ITC;ITC4;ITC41;ITC;ITC4;ITC41;
Duno;D385;3;12;12;66;12066;Nord-ovest;Lombardia;Varese;1;12066;12066;12066;ITC;ITC4;ITC41;ITC;ITC4;ITC41;
Fagnano Olona;D467;3;12;12;67;12067;Nord-ovest;Lombardia;Varese;1;12067;12067;12067;ITC;ITC4;ITC41;ITC;ITC4;ITC41;
Ferno;D543;3;12;12;68;12068;Nord-ovest;Lombardia;Varese;1;12068;12068;12068;ITC;ITC4;ITC41;ITC;ITC4;ITC41;
Ferrera di Varese;D551;3;12;12;69;12069;Nord-ovest;Lombardia;Varese;1;12069;12069;12069;ITC;ITC4;ITC41;ITC;ITC4;ITC41;
Gallarate;D869;3;12;12;70;12070;Nord-ovest;Lombardia;Varese;1;12070;12070;12070;ITC;ITC4;ITC41;ITC;ITC4;ITC41;
Galliate Lombardo;D871;3;12;12;71;12071;Nord-ovest;Lombardia;Varese;1;12071;12071;12071;ITC;ITC4;ITC41;ITC;ITC4;ITC41;
Gavirate;D946;3;12;12;72;12072;Nord-ovest;Lombardia;Varese;1;12072;12072;12072;ITC;ITC4;ITC41;ITC;ITC4;ITC41;
Gazzada Schianno;D951;3;12;12;73;12073;Nord-ovest;Lombardia;Varese;1;12073;12073;12073;ITC;ITC4;ITC41;ITC;ITC4;ITC41;
Gemonio;D963;3;12;12;74;12074;Nord-ovest;Lombardia;Varese;1;12074;12074;12074;ITC;ITC4;ITC41;ITC;ITC4;ITC41;
Gerenzano;D981;3;12;12;75;12075;Nord-ovest;Lombardia;Varese;1;12075;12075;12075;ITC;ITC4;ITC41;ITC;ITC4;ITC41;
Germignaga;D987;3;12;12;76;12076;Nord-ovest;Lombardia;Varese;1;12076;12076;12076;ITC;ITC4;ITC41;ITC;ITC4;ITC41;
Golasecca;E079;3;12;12;77;12077;Nord-ovest;Lombardia;Varese;1;12077;12077;12077;ITC;ITC4;ITC41;ITC;ITC4;ITC41;
Gorla Maggiore;E101;3;12;12;78;12078;Nord-ovest;Lombardia;Varese;1;12078;12078;12078;ITC;ITC4;ITC41;ITC;ITC4;ITC41;
Gorla Minore;E102;3;12;12;79;12079;Nord-ovest;Lombardia;Varese;1;12079;12079;12079;ITC;ITC4;ITC41;ITC;ITC4;ITC41;
Gornate Olona;E104;3;12;12;80;12080;Nord-ovest;Lombardia;Varese;1;12080;12080;12080;ITC;ITC4;ITC41;ITC;ITC4;ITC41;
Grantola;E144;3;12;12;81;12081;Nord-ovest;Lombardia;Varese;1;12081;12081;12081;ITC;ITC4;ITC41;ITC;ITC4;ITC41;
Inarzo;E292;3;12;12;82;12082;Nord-ovest;Lombardia;Varese;1;12082;12082;12082;ITC;ITC4;ITC41;ITC;ITC4;ITC41;
Induno Olona;E299;3;12;12;83;12083;Nord-ovest;Lombardia;Varese;1;12083;12083;12083;ITC;ITC4;ITC41;ITC;ITC4;ITC41;
Ispra;E367;3;12;12;84;12084;Nord-ovest;Lombardia;Varese;1;12084;12084;12084;ITC;ITC4;ITC41;ITC;ITC4;ITC41;
Jerago con Orago;E386;3;12;12;85;12085;Nord-ovest;Lombardia;Varese;1;12085;12085;12085;ITC;ITC4;ITC41;ITC;ITC4;ITC41;
Lavena Ponte Tresa;E494;3;12;12;86;12086;Nord-ovest;Lombardia;Varese;1;12086;12086;12086;ITC;ITC4;ITC41;ITC;ITC4;ITC41;
Laveno-Mombello;E496;3;12;12;87;12087;Nord-ovest;Lombardia;Varese;1;12087;12087;12087;ITC;ITC4;ITC41;ITC;ITC4;ITC41;
Leggiuno;E510;3;12;12;88;12088;Nord-ovest;Lombardia;Varese;1;12088;12088;12088;ITC;ITC4;ITC41;ITC;ITC4;ITC41;
Lonate Ceppino;E665;3;12;12;89;12089;Nord-ovest;Lombardia;Varese;1;12089;12089;12089;ITC;ITC4;ITC41;ITC;ITC4;ITC41;
Lonate Pozzolo;E666;3;12;12;90;12090;Nord-ovest;Lombardia;Varese;1;12090;12090;12090;ITC;ITC4;ITC41;ITC;ITC4;ITC41;
Lozza;E707;3;12;12;91;12091;Nord-ovest;Lombardia;Varese;1;12091;12091;12091;ITC;ITC4;ITC41;ITC;ITC4;ITC41;
Luino;E734;3;12;12;92;12092;Nord-ovest;Lombardia;Varese;1;12092;12092;12092;ITC;ITC4;ITC41;ITC;ITC4;ITC41;
Luvinate;E769;3;12;12;93;12093;Nord-ovest;Lombardia;Varese;1;12093;12093;12093;ITC;ITC4;ITC41;ITC;ITC4;ITC41;
Malnate;E863;3;12;12;96;12096;Nord-ovest;Lombardia;Varese;1;12096;12096;12096;ITC;ITC4;ITC41;ITC;ITC4;ITC41;
Marchirolo;E929;3;12;12;97;12097;Nord-ovest;Lombardia;Varese;1;12097;12097;12097;ITC;ITC4;ITC41;ITC;ITC4;ITC41;
Marnate;E965;3;12;12;98;12098;Nord-ovest;Lombardia;Varese;1;12098;12098;12098;ITC;ITC4;ITC41;ITC;ITC4;ITC41;
Marzio;F002;3;12;12;99;12099;Nord-ovest;Lombardia;Varese;1;12099;12099;12099;ITC;ITC4;ITC41;ITC;ITC4;ITC41;
Masciago Primo;F007;3;12;12;100;12100;Nord-ovest;Lombardia;Varese;1;12100;12100;12100;ITC;ITC4;ITC41;ITC;ITC4;ITC41;
Mercallo;F134;3;12;12;101;12101;Nord-ovest;Lombardia;Varese;1;12101;12101;12101;ITC;ITC4;ITC41;ITC;ITC4;ITC41;
Mesenzana;F154;3;12;12;102;12102;Nord-ovest;Lombardia;Varese;1;12102;12102;12102;ITC;ITC4;ITC41;ITC;ITC4;ITC41;
Montegrino Valtravaglia;F526;3;12;12;103;12103;Nord-ovest;Lombardia;Varese;1;12103;12103;12103;ITC;ITC4;ITC41;ITC;ITC4;ITC41;
Monvalle;F703;3;12;12;104;12104;Nord-ovest;Lombardia;Varese;1;12104;12104;12104;ITC;ITC4;ITC41;ITC;ITC4;ITC41;
Morazzone;F711;3;12;12;105;12105;Nord-ovest;Lombardia;Varese;1;12105;12105;12105;ITC;ITC4;ITC41;ITC;ITC4;ITC41;
Mornago;F736;3;12;12;106;12106;Nord-ovest;Lombardia;Varese;1;12106;12106;12106;ITC;ITC4;ITC41;ITC;ITC4;ITC41;
Oggiona con Santo Stefano;G008;3;12;12;107;12107;Nord-ovest;Lombardia;Varese;1;12107;12107;12107;ITC;ITC4;ITC41;ITC;ITC4;ITC41;
Olgiate Olona;G028;3;12;12;108;12108;Nord-ovest;Lombardia;Varese;1;12108;12108;12108;ITC;ITC4;ITC41;ITC;ITC4;ITC41;
Origgio;G103;3;12;12;109;12109;Nord-ovest;Lombardia;Varese;1;12109;12109;12109;ITC;ITC4;ITC41;ITC;ITC4;ITC41;
Orino;G105;3;12;12;110;12110;Nord-ovest;Lombardia;Varese;1;12110;12110;12110;ITC;ITC4;ITC41;ITC;ITC4;ITC41;
Porto Ceresio;G906;3;12;12;113;12113;Nord-ovest;Lombardia;Varese;1;12113;12113;12113;ITC;ITC4;ITC41;ITC;ITC4;ITC41;
Porto Valtravaglia;G907;3;12;12;114;12114;Nord-ovest;Lombardia;Varese;1;12114;12114;12114;ITC;ITC4;ITC41;ITC;ITC4;ITC41;
Rancio Valcuvia;H173;3;12;12;115;12115;Nord-ovest;Lombardia;Varese;1;12115;12115;12115;ITC;ITC4;ITC41;ITC;ITC4;ITC41;
Ranco;H174;3;12;12;116;12116;Nord-ovest;Lombardia;Varese;1;12116;12116;12116;ITC;ITC4;ITC41;ITC;ITC4;ITC41;
Saltrio;H723;3;12;12;117;12117;Nord-ovest;Lombardia;Varese;1;12117;12117;12117;ITC;ITC4;ITC41;ITC;ITC4;ITC41;
Samarate;H736;3;12;12;118;12118;Nord-ovest;Lombardia;Varese;1;12118;12118;12118;ITC;ITC4;ITC41;ITC;ITC4;ITC41;
Saronno;I441;3;12;12;119;12119;Nord-ovest;Lombardia;Varese;1;12119;12119;12119;ITC;ITC4;ITC41;ITC;ITC4;ITC41;
Sesto Calende;I688;3;12;12;120;12120;Nord-ovest;Lombardia;Varese;1;12120;12120;12120;ITC;ITC4;ITC41;ITC;ITC4;ITC41;
Solbiate Arno;I793;3;12;12;121;12121;Nord-ovest;Lombardia;Varese;1;12121;12121;12121;ITC;ITC4;ITC41;ITC;ITC4;ITC41;
Solbiate Olona;I794;3;12;12;122;12122;Nord-ovest;Lombardia;Varese;1;12122;12122;12122;ITC;ITC4;ITC41;ITC;ITC4;ITC41;
Somma Lombardo;I819;3;12;12;123;12123;Nord-ovest;Lombardia;Varese;1;12123;12123;12123;ITC;ITC4;ITC41;ITC;ITC4;ITC41;
Sumirago;L003;3;12;12;124;12124;Nord-ovest;Lombardia;Varese;1;12124;12124;12124;ITC;ITC4;ITC41;ITC;ITC4;ITC41;
Taino;L032;3;12;12;125;12125;Nord-ovest;Lombardia;Varese;1;12125;12125;12125;ITC;ITC4;ITC41;ITC;ITC4;ITC41;
Ternate;L115;3;12;12;126;12126;Nord-ovest;Lombardia;Varese;1;12126;12126;12126;ITC;ITC4;ITC41;ITC;ITC4;ITC41;
Tradate;L319;3;12;12;127;12127;Nord-ovest;Lombardia;Varese;1;12127;12127;12127;ITC;ITC4;ITC41;ITC;ITC4;ITC41;
Travedona-Monate;L342;3;12;12;128;12128;Nord-ovest;Lombardia;Varese;1;12128;12128;12128;ITC;ITC4;ITC41;ITC;ITC4;ITC41;
Tronzano Lago Maggiore;A705;3;12;12;129;12129;Nord-ovest;Lombardia;Varese;1;12129;12129;12129;ITC;ITC4;ITC41;ITC;ITC4;ITC41;
Uboldo;L480;3;12;12;130;12130;Nord-ovest;Lombardia;Varese;1;12130;12130;12130;ITC;ITC4;ITC41;ITC;ITC4;ITC41;
Valganna;L577;3;12;12;131;12131;Nord-ovest;Lombardia;Varese;1;12131;12131;12131;ITC;ITC4;ITC41;ITC;ITC4;ITC41;
Varano Borghi;L671;3;12;12;132;12132;Nord-ovest;Lombardia;Varese;1;12132;12132;12132;ITC;ITC4;ITC41;ITC;ITC4;ITC41;
Varese;L682;3;12;12;133;12133;Nord-ovest;Lombardia;Varese;1;12133;12133;12133;ITC;ITC4;ITC41;ITC;ITC4;ITC41;
Vedano Olona;L703;3;12;12;134;12134;Nord-ovest;Lombardia;Varese;1;12134;12134;12134;ITC;ITC4;ITC41;ITC;ITC4;ITC41;
Venegono Inferiore;L733;3;12;12;136;12136;Nord-ovest;Lombardia;Varese;1;12136;12136;12136;ITC;ITC4;ITC41;ITC;ITC4;ITC41;
Venegono Superiore;L734;3;12;12;137;12137;Nord-ovest;Lombardia;Varese;1;12137;12137;12137;ITC;ITC4;ITC41;ITC;ITC4;ITC41;
Vergiate;L765;3;12;12;138;12138;Nord-ovest;Lombardia;Varese;1;12138;12138;12138;ITC;ITC4;ITC41;ITC;ITC4;ITC41;
Viggi˘;L876;3;12;12;139;12139;Nord-ovest;Lombardia;Varese;1;12139;12139;12139;ITC;ITC4;ITC41;ITC;ITC4;ITC41;
Vizzola Ticino;M101;3;12;12;140;12140;Nord-ovest;Lombardia;Varese;1;12140;12140;12140;ITC;ITC4;ITC41;ITC;ITC4;ITC41;
Sangiano;H872;3;12;12;141;12141;Nord-ovest;Lombardia;Varese;1;12141;12141;12141;ITC;ITC4;ITC41;ITC;ITC4;ITC41;
Maccagno con Pino e Veddasca;M339;3;12;12;142;12142;Nord-ovest;Lombardia;Varese;1;12142;12142;12142;ITC;ITC4;ITC41;ITC;ITC4;ITC41;
Cadrezzate con Osmate;M425;3;12;12;143;12143;Nord-ovest;Lombardia;Varese;1;12143;12143;12143;ITC;ITC4;ITC41;ITC;ITC4;ITC41;
Bardello con Malgesso e Bregano;M433;3;12;12;144;12144;Nord-ovest;Lombardia;Varese;1;12144;12144;12144;ITC;ITC4;ITC41;ITC;ITC4;ITC41;
Albavilla;A143;3;13;13;3;13003;Nord-ovest;Lombardia;Como;1;13003;13003;13003;ITC;ITC4;ITC42;ITC;ITC4;ITC42;
Albese con Cassano;A153;3;13;13;4;13004;Nord-ovest;Lombardia;Como;1;13004;13004;13004;ITC;ITC4;ITC42;ITC;ITC4;ITC42;
Albiolo;A164;3;13;13;5;13005;Nord-ovest;Lombardia;Como;1;13005;13005;13005;ITC;ITC4;ITC42;ITC;ITC4;ITC42;
Alserio;A224;3;13;13;6;13006;Nord-ovest;Lombardia;Como;1;13006;13006;13006;ITC;ITC4;ITC42;ITC;ITC4;ITC42;
Alzate Brianza;A249;3;13;13;7;13007;Nord-ovest;Lombardia;Como;1;13007;13007;13007;ITC;ITC4;ITC42;ITC;ITC4;ITC42;
Anzano del Parco;A319;3;13;13;9;13009;Nord-ovest;Lombardia;Como;1;13009;13009;13009;ITC;ITC4;ITC42;ITC;ITC4;ITC42;
Appiano Gentile;A333;3;13;13;10;13010;Nord-ovest;Lombardia;Como;1;13010;13010;13010;ITC;ITC4;ITC42;ITC;ITC4;ITC42;
Argegno;A391;3;13;13;11;13011;Nord-ovest;Lombardia;Como;1;13011;13011;13011;ITC;ITC4;ITC42;ITC;ITC4;ITC42;
Arosio;A430;3;13;13;12;13012;Nord-ovest;Lombardia;Como;1;13012;13012;13012;ITC;ITC4;ITC42;ITC;ITC4;ITC42;
Asso;A476;3;13;13;13;13013;Nord-ovest;Lombardia;Como;1;13013;13013;13013;ITC;ITC4;ITC42;ITC;ITC4;ITC42;
Barni;A670;3;13;13;15;13015;Nord-ovest;Lombardia;Como;1;13015;13015;13015;ITC;ITC4;ITC42;ITC;ITC4;ITC42;
Bene Lario;A778;3;13;13;21;13021;Nord-ovest;Lombardia;Como;1;13021;13021;13021;ITC;ITC4;ITC42;ITC;ITC4;ITC42;
Beregazzo con Figliaro;A791;3;13;13;22;13022;Nord-ovest;Lombardia;Como;1;13022;13022;13022;ITC;ITC4;ITC42;ITC;ITC4;ITC42;
Binago;A870;3;13;13;23;13023;Nord-ovest;Lombardia;Como;1;13023;13023;13023;ITC;ITC4;ITC42;ITC;ITC4;ITC42;
Bizzarone;A898;3;13;13;24;13024;Nord-ovest;Lombardia;Como;1;13024;13024;13024;ITC;ITC4;ITC42;ITC;ITC4;ITC42;
Blessagno;A904;3;13;13;25;13025;Nord-ovest;Lombardia;Como;1;13025;13025;13025;ITC;ITC4;ITC42;ITC;ITC4;ITC42;
Blevio;A905;3;13;13;26;13026;Nord-ovest;Lombardia;Como;1;13026;13026;13026;ITC;ITC4;ITC42;ITC;ITC4;ITC42;
Bregnano;B134;3;13;13;28;13028;Nord-ovest;Lombardia;Como;1;13028;13028;13028;ITC;ITC4;ITC42;ITC;ITC4;ITC42;
Brenna;B144;3;13;13;29;13029;Nord-ovest;Lombardia;Como;1;13029;13029;13029;ITC;ITC4;ITC42;ITC;ITC4;ITC42;
Brienno;B172;3;13;13;30;13030;Nord-ovest;Lombardia;Como;1;13030;13030;13030;ITC;ITC4;ITC42;ITC;ITC4;ITC42;
Brunate;B218;3;13;13;32;13032;Nord-ovest;Lombardia;Como;1;13032;13032;13032;ITC;ITC4;ITC42;ITC;ITC4;ITC42;
Bulgarograsso;B262;3;13;13;34;13034;Nord-ovest;Lombardia;Como;1;13034;13034;13034;ITC;ITC4;ITC42;ITC;ITC4;ITC42;
Cabiate;B313;3;13;13;35;13035;Nord-ovest;Lombardia;Como;1;13035;13035;13035;ITC;ITC4;ITC42;ITC;ITC4;ITC42;
Cadorago;B346;3;13;13;36;13036;Nord-ovest;Lombardia;Como;1;13036;13036;13036;ITC;ITC4;ITC42;ITC;ITC4;ITC42;
Caglio;B355;3;13;13;37;13037;Nord-ovest;Lombardia;Como;1;13037;13037;13037;ITC;ITC4;ITC42;ITC;ITC4;ITC42;
Campione d'Italia;B513;3;13;13;40;13040;Nord-ovest;Lombardia;Como;1;13040;13040;13040;ITC;ITC4;ITC42;ITC;ITC4;ITC42;
Cant˘;B639;3;13;13;41;13041;Nord-ovest;Lombardia;Como;1;13041;13041;13041;ITC;ITC4;ITC42;ITC;ITC4;ITC42;
Canzo;B641;3;13;13;42;13042;Nord-ovest;Lombardia;Como;1;13042;13042;13042;ITC;ITC4;ITC42;ITC;ITC4;ITC42;
Capiago Intimiano;B653;3;13;13;43;13043;Nord-ovest;Lombardia;Como;1;13043;13043;13043;ITC;ITC4;ITC42;ITC;ITC4;ITC42;
Carate Urio;B730;3;13;13;44;13044;Nord-ovest;Lombardia;Como;1;13044;13044;13044;ITC;ITC4;ITC42;ITC;ITC4;ITC42;
Carbonate;B742;3;13;13;45;13045;Nord-ovest;Lombardia;Como;1;13045;13045;13045;ITC;ITC4;ITC42;ITC;ITC4;ITC42;
Carimate;B778;3;13;13;46;13046;Nord-ovest;Lombardia;Como;1;13046;13046;13046;ITC;ITC4;ITC42;ITC;ITC4;ITC42;
Carlazzo;B785;3;13;13;47;13047;Nord-ovest;Lombardia;Como;1;13047;13047;13047;ITC;ITC4;ITC42;ITC;ITC4;ITC42;
Carugo;B851;3;13;13;48;13048;Nord-ovest;Lombardia;Como;1;13048;13048;13048;ITC;ITC4;ITC42;ITC;ITC4;ITC42;
Caslino d'Erba;B974;3;13;13;52;13052;Nord-ovest;Lombardia;Como;1;13052;13052;13052;ITC;ITC4;ITC42;ITC;ITC4;ITC42;
Casnate con Bernate;B977;3;13;13;53;13053;Nord-ovest;Lombardia;Como;1;13053;13053;13053;ITC;ITC4;ITC42;ITC;ITC4;ITC42;
Cassina Rizzardi;C020;3;13;13;55;13055;Nord-ovest;Lombardia;Como;1;13055;13055;13055;ITC;ITC4;ITC42;ITC;ITC4;ITC42;
Castelmarte;C206;3;13;13;58;13058;Nord-ovest;Lombardia;Como;1;13058;13058;13058;ITC;ITC4;ITC42;ITC;ITC4;ITC42;
Castelnuovo Bozzente;C220;3;13;13;59;13059;Nord-ovest;Lombardia;Como;1;13059;13059;13059;ITC;ITC4;ITC42;ITC;ITC4;ITC42;
Cavargna;C381;3;13;13;62;13062;Nord-ovest;Lombardia;Como;1;13062;13062;13062;ITC;ITC4;ITC42;ITC;ITC4;ITC42;
Cerano d'Intelvi;C482;3;13;13;63;13063;Nord-ovest;Lombardia;Como;1;13063;13063;13063;ITC;ITC4;ITC42;ITC;ITC4;ITC42;
Cermenate;C516;3;13;13;64;13064;Nord-ovest;Lombardia;Como;1;13064;13064;13064;ITC;ITC4;ITC42;ITC;ITC4;ITC42;
Cernobbio;C520;3;13;13;65;13065;Nord-ovest;Lombardia;Como;1;13065;13065;13065;ITC;ITC4;ITC42;ITC;ITC4;ITC42;
Cirimido;C724;3;13;13;68;13068;Nord-ovest;Lombardia;Como;1;13068;13068;13068;ITC;ITC4;ITC42;ITC;ITC4;ITC42;
Claino con Osteno;C787;3;13;13;71;13071;Nord-ovest;Lombardia;Como;1;13071;13071;13071;ITC;ITC4;ITC42;ITC;ITC4;ITC42;
Colonno;C902;3;13;13;74;13074;Nord-ovest;Lombardia;Como;1;13074;13074;13074;ITC;ITC4;ITC42;ITC;ITC4;ITC42;
Como;C933;3;13;13;75;13075;Nord-ovest;Lombardia;Como;1;13075;13075;13075;ITC;ITC4;ITC42;ITC;ITC4;ITC42;
Corrido;D041;3;13;13;77;13077;Nord-ovest;Lombardia;Como;1;13077;13077;13077;ITC;ITC4;ITC42;ITC;ITC4;ITC42;
Cremia;D147;3;13;13;83;13083;Nord-ovest;Lombardia;Como;1;13083;13083;13083;ITC;ITC4;ITC42;ITC;ITC4;ITC42;
Cucciago;D196;3;13;13;84;13084;Nord-ovest;Lombardia;Como;1;13084;13084;13084;ITC;ITC4;ITC42;ITC;ITC4;ITC42;
Cusino;D232;3;13;13;85;13085;Nord-ovest;Lombardia;Como;1;13085;13085;13085;ITC;ITC4;ITC42;ITC;ITC4;ITC42;
Dizzasco;D310;3;13;13;87;13087;Nord-ovest;Lombardia;Como;1;13087;13087;13087;ITC;ITC4;ITC42;ITC;ITC4;ITC42;
Domaso;D329;3;13;13;89;13089;Nord-ovest;Lombardia;Como;1;13089;13089;13089;ITC;ITC4;ITC42;ITC;ITC4;ITC42;
Dongo;D341;3;13;13;90;13090;Nord-ovest;Lombardia;Como;1;13090;13090;13090;ITC;ITC4;ITC42;ITC;ITC4;ITC42;
Dosso del Liro;D355;3;13;13;92;13092;Nord-ovest;Lombardia;Como;1;13092;13092;13092;ITC;ITC4;ITC42;ITC;ITC4;ITC42;
Erba;D416;3;13;13;95;13095;Nord-ovest;Lombardia;Como;1;13095;13095;13095;ITC;ITC4;ITC42;ITC;ITC4;ITC42;
Eupilio;D445;3;13;13;97;13097;Nord-ovest;Lombardia;Como;1;13097;13097;13097;ITC;ITC4;ITC42;ITC;ITC4;ITC42;
Faggeto Lario;D462;3;13;13;98;13098;Nord-ovest;Lombardia;Como;1;13098;13098;13098;ITC;ITC4;ITC42;ITC;ITC4;ITC42;
Faloppio;D482;3;13;13;99;13099;Nord-ovest;Lombardia;Como;1;13099;13099;13099;ITC;ITC4;ITC42;ITC;ITC4;ITC42;
FenegrÚ;D531;3;13;13;100;13100;Nord-ovest;Lombardia;Como;1;13100;13100;13100;ITC;ITC4;ITC42;ITC;ITC4;ITC42;
Figino Serenza;D579;3;13;13;101;13101;Nord-ovest;Lombardia;Como;1;13101;13101;13101;ITC;ITC4;ITC42;ITC;ITC4;ITC42;
Fino Mornasco;D605;3;13;13;102;13102;Nord-ovest;Lombardia;Como;1;13102;13102;13102;ITC;ITC4;ITC42;ITC;ITC4;ITC42;
Garzeno;D930;3;13;13;106;13106;Nord-ovest;Lombardia;Como;1;13106;13106;13106;ITC;ITC4;ITC42;ITC;ITC4;ITC42;
Gera Lario;D974;3;13;13;107;13107;Nord-ovest;Lombardia;Como;1;13107;13107;13107;ITC;ITC4;ITC42;ITC;ITC4;ITC42;
Grandate;E139;3;13;13;110;13110;Nord-ovest;Lombardia;Como;1;13110;13110;13110;ITC;ITC4;ITC42;ITC;ITC4;ITC42;
Grandola ed Uniti;E141;3;13;13;111;13111;Nord-ovest;Lombardia;Como;1;13111;13111;13111;ITC;ITC4;ITC42;ITC;ITC4;ITC42;
Griante;E172;3;13;13;113;13113;Nord-ovest;Lombardia;Como;1;13113;13113;13113;ITC;ITC4;ITC42;ITC;ITC4;ITC42;
Guanzate;E235;3;13;13;114;13114;Nord-ovest;Lombardia;Como;1;13114;13114;13114;ITC;ITC4;ITC42;ITC;ITC4;ITC42;
Inverigo;E309;3;13;13;118;13118;Nord-ovest;Lombardia;Como;1;13118;13118;13118;ITC;ITC4;ITC42;ITC;ITC4;ITC42;
Laglio;E405;3;13;13;119;13119;Nord-ovest;Lombardia;Como;1;13119;13119;13119;ITC;ITC4;ITC42;ITC;ITC4;ITC42;
Laino;E416;3;13;13;120;13120;Nord-ovest;Lombardia;Como;1;13120;13120;13120;ITC;ITC4;ITC42;ITC;ITC4;ITC42;
Lambrugo;E428;3;13;13;121;13121;Nord-ovest;Lombardia;Como;1;13121;13121;13121;ITC;ITC4;ITC42;ITC;ITC4;ITC42;
Lasnigo;E462;3;13;13;123;13123;Nord-ovest;Lombardia;Como;1;13123;13123;13123;ITC;ITC4;ITC42;ITC;ITC4;ITC42;
Lezzeno;E569;3;13;13;126;13126;Nord-ovest;Lombardia;Como;1;13126;13126;13126;ITC;ITC4;ITC42;ITC;ITC4;ITC42;
Limido Comasco;E593;3;13;13;128;13128;Nord-ovest;Lombardia;Como;1;13128;13128;13128;ITC;ITC4;ITC42;ITC;ITC4;ITC42;
Lipomo;E607;3;13;13;129;13129;Nord-ovest;Lombardia;Como;1;13129;13129;13129;ITC;ITC4;ITC42;ITC;ITC4;ITC42;
Livo;E623;3;13;13;130;13130;Nord-ovest;Lombardia;Como;1;13130;13130;13130;ITC;ITC4;ITC42;ITC;ITC4;ITC42;
Locate Varesino;E638;3;13;13;131;13131;Nord-ovest;Lombardia;Como;1;13131;13131;13131;ITC;ITC4;ITC42;ITC;ITC4;ITC42;
Lomazzo;E659;3;13;13;133;13133;Nord-ovest;Lombardia;Como;1;13133;13133;13133;ITC;ITC4;ITC42;ITC;ITC4;ITC42;
Longone al Segrino;E679;3;13;13;134;13134;Nord-ovest;Lombardia;Como;1;13134;13134;13134;ITC;ITC4;ITC42;ITC;ITC4;ITC42;
Luisago;E735;3;13;13;135;13135;Nord-ovest;Lombardia;Como;1;13135;13135;13135;ITC;ITC4;ITC42;ITC;ITC4;ITC42;
Lurago d'Erba;E749;3;13;13;136;13136;Nord-ovest;Lombardia;Como;1;13136;13136;13136;ITC;ITC4;ITC42;ITC;ITC4;ITC42;
Lurago Marinone;E750;3;13;13;137;13137;Nord-ovest;Lombardia;Como;1;13137;13137;13137;ITC;ITC4;ITC42;ITC;ITC4;ITC42;
Lurate Caccivio;E753;3;13;13;138;13138;Nord-ovest;Lombardia;Como;1;13138;13138;13138;ITC;ITC4;ITC42;ITC;ITC4;ITC42;
Magreglio;E830;3;13;13;139;13139;Nord-ovest;Lombardia;Como;1;13139;13139;13139;ITC;ITC4;ITC42;ITC;ITC4;ITC42;
Mariano Comense;E951;3;13;13;143;13143;Nord-ovest;Lombardia;Como;1;13143;13143;13143;ITC;ITC4;ITC42;ITC;ITC4;ITC42;
Maslianico;F017;3;13;13;144;13144;Nord-ovest;Lombardia;Como;1;13144;13144;13144;ITC;ITC4;ITC42;ITC;ITC4;ITC42;
Menaggio;F120;3;13;13;145;13145;Nord-ovest;Lombardia;Como;1;13145;13145;13145;ITC;ITC4;ITC42;ITC;ITC4;ITC42;
Merone;F151;3;13;13;147;13147;Nord-ovest;Lombardia;Como;1;13147;13147;13147;ITC;ITC4;ITC42;ITC;ITC4;ITC42;
Moltrasio;F305;3;13;13;152;13152;Nord-ovest;Lombardia;Como;1;13152;13152;13152;ITC;ITC4;ITC42;ITC;ITC4;ITC42;
Monguzzo;F372;3;13;13;153;13153;Nord-ovest;Lombardia;Como;1;13153;13153;13153;ITC;ITC4;ITC42;ITC;ITC4;ITC42;
Montano Lucino;F427;3;13;13;154;13154;Nord-ovest;Lombardia;Como;1;13154;13154;13154;ITC;ITC4;ITC42;ITC;ITC4;ITC42;
Montemezzo;F564;3;13;13;155;13155;Nord-ovest;Lombardia;Como;1;13155;13155;13155;ITC;ITC4;ITC42;ITC;ITC4;ITC42;
Montorfano;F688;3;13;13;157;13157;Nord-ovest;Lombardia;Como;1;13157;13157;13157;ITC;ITC4;ITC42;ITC;ITC4;ITC42;
Mozzate;F788;3;13;13;159;13159;Nord-ovest;Lombardia;Como;1;13159;13159;13159;ITC;ITC4;ITC42;ITC;ITC4;ITC42;
Musso;F828;3;13;13;160;13160;Nord-ovest;Lombardia;Como;1;13160;13160;13160;ITC;ITC4;ITC42;ITC;ITC4;ITC42;
Nesso;F877;3;13;13;161;13161;Nord-ovest;Lombardia;Como;1;13161;13161;13161;ITC;ITC4;ITC42;ITC;ITC4;ITC42;
Novedrate;F958;3;13;13;163;13163;Nord-ovest;Lombardia;Como;1;13163;13163;13163;ITC;ITC4;ITC42;ITC;ITC4;ITC42;
Olgiate Comasco;G025;3;13;13;165;13165;Nord-ovest;Lombardia;Como;1;13165;13165;13165;ITC;ITC4;ITC42;ITC;ITC4;ITC42;
Oltrona di San Mamette;G056;3;13;13;169;13169;Nord-ovest;Lombardia;Como;1;13169;13169;13169;ITC;ITC4;ITC42;ITC;ITC4;ITC42;
Orsenigo;G126;3;13;13;170;13170;Nord-ovest;Lombardia;Como;1;13170;13170;13170;ITC;ITC4;ITC42;ITC;ITC4;ITC42;
Peglio;G415;3;13;13;178;13178;Nord-ovest;Lombardia;Como;1;13178;13178;13178;ITC;ITC4;ITC42;ITC;ITC4;ITC42;
Pianello del Lario;G556;3;13;13;183;13183;Nord-ovest;Lombardia;Como;1;13183;13183;13183;ITC;ITC4;ITC42;ITC;ITC4;ITC42;
Pigra;G665;3;13;13;184;13184;Nord-ovest;Lombardia;Como;1;13184;13184;13184;ITC;ITC4;ITC42;ITC;ITC4;ITC42;
Plesio;G737;3;13;13;185;13185;Nord-ovest;Lombardia;Como;1;13185;13185;13185;ITC;ITC4;ITC42;ITC;ITC4;ITC42;
Pognana Lario;G773;3;13;13;186;13186;Nord-ovest;Lombardia;Como;1;13186;13186;13186;ITC;ITC4;ITC42;ITC;ITC4;ITC42;
Ponna;G821;3;13;13;187;13187;Nord-ovest;Lombardia;Como;1;13187;13187;13187;ITC;ITC4;ITC42;ITC;ITC4;ITC42;
Ponte Lambro;G847;3;13;13;188;13188;Nord-ovest;Lombardia;Como;1;13188;13188;13188;ITC;ITC4;ITC42;ITC;ITC4;ITC42;
Porlezza;G889;3;13;13;189;13189;Nord-ovest;Lombardia;Como;1;13189;13189;13189;ITC;ITC4;ITC42;ITC;ITC4;ITC42;
Proserpio;H074;3;13;13;192;13192;Nord-ovest;Lombardia;Como;1;13192;13192;13192;ITC;ITC4;ITC42;ITC;ITC4;ITC42;
Pusiano;H094;3;13;13;193;13193;Nord-ovest;Lombardia;Como;1;13193;13193;13193;ITC;ITC4;ITC42;ITC;ITC4;ITC42;
Rezzago;H255;3;13;13;195;13195;Nord-ovest;Lombardia;Como;1;13195;13195;13195;ITC;ITC4;ITC42;ITC;ITC4;ITC42;
Rodero;H478;3;13;13;197;13197;Nord-ovest;Lombardia;Como;1;13197;13197;13197;ITC;ITC4;ITC42;ITC;ITC4;ITC42;
Rovellasca;H601;3;13;13;201;13201;Nord-ovest;Lombardia;Como;1;13201;13201;13201;ITC;ITC4;ITC42;ITC;ITC4;ITC42;
Rovello Porro;H602;3;13;13;202;13202;Nord-ovest;Lombardia;Como;1;13202;13202;13202;ITC;ITC4;ITC42;ITC;ITC4;ITC42;
Sala Comacina;H679;3;13;13;203;13203;Nord-ovest;Lombardia;Como;1;13203;13203;13203;ITC;ITC4;ITC42;ITC;ITC4;ITC42;
San Bartolomeo Val Cavargna;H760;3;13;13;204;13204;Nord-ovest;Lombardia;Como;1;13204;13204;13204;ITC;ITC4;ITC42;ITC;ITC4;ITC42;
San Fermo della Battaglia;H840;3;13;13;206;13206;Nord-ovest;Lombardia;Como;1;13206;13206;13206;ITC;ITC4;ITC42;ITC;ITC4;ITC42;
San Nazzaro Val Cavargna;I051;3;13;13;207;13207;Nord-ovest;Lombardia;Como;1;13207;13207;13207;ITC;ITC4;ITC42;ITC;ITC4;ITC42;
Schignano;I529;3;13;13;211;13211;Nord-ovest;Lombardia;Como;1;13211;13211;13211;ITC;ITC4;ITC42;ITC;ITC4;ITC42;
Senna Comasco;I611;3;13;13;212;13212;Nord-ovest;Lombardia;Como;1;13212;13212;13212;ITC;ITC4;ITC42;ITC;ITC4;ITC42;
Sorico;I856;3;13;13;216;13216;Nord-ovest;Lombardia;Como;1;13216;13216;13216;ITC;ITC4;ITC42;ITC;ITC4;ITC42;
Sormano;I860;3;13;13;217;13217;Nord-ovest;Lombardia;Como;1;13217;13217;13217;ITC;ITC4;ITC42;ITC;ITC4;ITC42;
Stazzona;I943;3;13;13;218;13218;Nord-ovest;Lombardia;Como;1;13218;13218;13218;ITC;ITC4;ITC42;ITC;ITC4;ITC42;
Tavernerio;L071;3;13;13;222;13222;Nord-ovest;Lombardia;Como;1;13222;13222;13222;ITC;ITC4;ITC42;ITC;ITC4;ITC42;
Torno;L228;3;13;13;223;13223;Nord-ovest;Lombardia;Como;1;13223;13223;13223;ITC;ITC4;ITC42;ITC;ITC4;ITC42;
Trezzone;L413;3;13;13;226;13226;Nord-ovest;Lombardia;Como;1;13226;13226;13226;ITC;ITC4;ITC42;ITC;ITC4;ITC42;
Turate;L470;3;13;13;227;13227;Nord-ovest;Lombardia;Como;1;13227;13227;13227;ITC;ITC4;ITC42;ITC;ITC4;ITC42;
Valbrona;L547;3;13;13;229;13229;Nord-ovest;Lombardia;Como;1;13229;13229;13229;ITC;ITC4;ITC42;ITC;ITC4;ITC42;
Valmorea;L640;3;13;13;232;13232;Nord-ovest;Lombardia;Como;1;13232;13232;13232;ITC;ITC4;ITC42;ITC;ITC4;ITC42;
Val Rezzo;H259;3;13;13;233;13233;Nord-ovest;Lombardia;Como;1;13233;13233;13233;ITC;ITC4;ITC42;ITC;ITC4;ITC42;
Valsolda;C936;3;13;13;234;13234;Nord-ovest;Lombardia;Como;1;13234;13234;13234;ITC;ITC4;ITC42;ITC;ITC4;ITC42;
Veleso;L715;3;13;13;236;13236;Nord-ovest;Lombardia;Como;1;13236;13236;13236;ITC;ITC4;ITC42;ITC;ITC4;ITC42;
Veniano;L737;3;13;13;238;13238;Nord-ovest;Lombardia;Como;1;13238;13238;13238;ITC;ITC4;ITC42;ITC;ITC4;ITC42;
Vercana;L748;3;13;13;239;13239;Nord-ovest;Lombardia;Como;1;13239;13239;13239;ITC;ITC4;ITC42;ITC;ITC4;ITC42;
Vertemate con Minoprio;L792;3;13;13;242;13242;Nord-ovest;Lombardia;Como;1;13242;13242;13242;ITC;ITC4;ITC42;ITC;ITC4;ITC42;
Villa Guardia;L956;3;13;13;245;13245;Nord-ovest;Lombardia;Como;1;13245;13245;13245;ITC;ITC4;ITC42;ITC;ITC4;ITC42;
Zelbio;M156;3;13;13;246;13246;Nord-ovest;Lombardia;Como;1;13246;13246;13246;ITC;ITC4;ITC42;ITC;ITC4;ITC42;
San Siro;I162;3;13;13;248;13248;Nord-ovest;Lombardia;Como;1;13248;13248;13248;ITC;ITC4;ITC42;ITC;ITC4;ITC42;
Gravedona ed Uniti;M315;3;13;13;249;13249;Nord-ovest;Lombardia;Como;1;13249;13249;13249;ITC;ITC4;ITC42;ITC;ITC4;ITC42;
Bellagio;M335;3;13;13;250;13250;Nord-ovest;Lombardia;Como;1;13250;13250;13250;ITC;ITC4;ITC42;ITC;ITC4;ITC42;
Colverde;M336;3;13;13;251;13251;Nord-ovest;Lombardia;Como;1;13251;13251;13251;ITC;ITC4;ITC42;ITC;ITC4;ITC42;
Tremezzina;M341;3;13;13;252;13252;Nord-ovest;Lombardia;Como;1;13252;13252;13252;ITC;ITC4;ITC42;ITC;ITC4;ITC42;
Alta Valle Intelvi;M383;3;13;13;253;13253;Nord-ovest;Lombardia;Como;1;13253;13253;13253;ITC;ITC4;ITC42;ITC;ITC4;ITC42;
Centro Valle Intelvi;M394;3;13;13;254;13254;Nord-ovest;Lombardia;Como;1;13254;13254;13254;ITC;ITC4;ITC42;ITC;ITC4;ITC42;
Solbiate con Cagno;M412;3;13;13;255;13255;Nord-ovest;Lombardia;Como;1;13255;13255;13255;ITC;ITC4;ITC42;ITC;ITC4;ITC42;
Uggiate con Ronago;M435;3;13;13;256;13256;Nord-ovest;Lombardia;Como;1;13256;13256;13256;ITC;ITC4;ITC42;ITC;ITC4;ITC42;
Albaredo per San Marco;A135;3;14;14;1;14001;Nord-ovest;Lombardia;Sondrio;1;14001;14001;14001;ITC;ITC4;ITC44;ITC;ITC4;ITC44;
Albosaggia;A172;3;14;14;2;14002;Nord-ovest;Lombardia;Sondrio;1;14002;14002;14002;ITC;ITC4;ITC44;ITC;ITC4;ITC44;
Andalo Valtellino;A273;3;14;14;3;14003;Nord-ovest;Lombardia;Sondrio;1;14003;14003;14003;ITC;ITC4;ITC44;ITC;ITC4;ITC44;
Aprica;A337;3;14;14;4;14004;Nord-ovest;Lombardia;Sondrio;1;14004;14004;14004;ITC;ITC4;ITC44;ITC;ITC4;ITC44;
Ardenno;A382;3;14;14;5;14005;Nord-ovest;Lombardia;Sondrio;1;14005;14005;14005;ITC;ITC4;ITC44;ITC;ITC4;ITC44;
Bema;A777;3;14;14;6;14006;Nord-ovest;Lombardia;Sondrio;1;14006;14006;14006;ITC;ITC4;ITC44;ITC;ITC4;ITC44;
Berbenno di Valtellina;A787;3;14;14;7;14007;Nord-ovest;Lombardia;Sondrio;1;14007;14007;14007;ITC;ITC4;ITC44;ITC;ITC4;ITC44;
Bianzone;A848;3;14;14;8;14008;Nord-ovest;Lombardia;Sondrio;1;14008;14008;14008;ITC;ITC4;ITC44;ITC;ITC4;ITC44;
Bormio;B049;3;14;14;9;14009;Nord-ovest;Lombardia;Sondrio;1;14009;14009;14009;ITC;ITC4;ITC44;ITC;ITC4;ITC44;
Buglio in Monte;B255;3;14;14;10;14010;Nord-ovest;Lombardia;Sondrio;1;14010;14010;14010;ITC;ITC4;ITC44;ITC;ITC4;ITC44;
Caiolo;B366;3;14;14;11;14011;Nord-ovest;Lombardia;Sondrio;1;14011;14011;14011;ITC;ITC4;ITC44;ITC;ITC4;ITC44;
Campodolcino;B530;3;14;14;12;14012;Nord-ovest;Lombardia;Sondrio;1;14012;14012;14012;ITC;ITC4;ITC44;ITC;ITC4;ITC44;
Caspoggio;B993;3;14;14;13;14013;Nord-ovest;Lombardia;Sondrio;1;14013;14013;14013;ITC;ITC4;ITC44;ITC;ITC4;ITC44;
Castello dell'Acqua;C186;3;14;14;14;14014;Nord-ovest;Lombardia;Sondrio;1;14014;14014;14014;ITC;ITC4;ITC44;ITC;ITC4;ITC44;
Castione Andevenno;C325;3;14;14;15;14015;Nord-ovest;Lombardia;Sondrio;1;14015;14015;14015;ITC;ITC4;ITC44;ITC;ITC4;ITC44;
Cedrasco;C418;3;14;14;16;14016;Nord-ovest;Lombardia;Sondrio;1;14016;14016;14016;ITC;ITC4;ITC44;ITC;ITC4;ITC44;
Cercino;C493;3;14;14;17;14017;Nord-ovest;Lombardia;Sondrio;1;14017;14017;14017;ITC;ITC4;ITC44;ITC;ITC4;ITC44;
Chiavenna;C623;3;14;14;18;14018;Nord-ovest;Lombardia;Sondrio;1;14018;14018;14018;ITC;ITC4;ITC44;ITC;ITC4;ITC44;
Chiesa in Valmalenco;C628;3;14;14;19;14019;Nord-ovest;Lombardia;Sondrio;1;14019;14019;14019;ITC;ITC4;ITC44;ITC;ITC4;ITC44;
Chiuro;C651;3;14;14;20;14020;Nord-ovest;Lombardia;Sondrio;1;14020;14020;14020;ITC;ITC4;ITC44;ITC;ITC4;ITC44;
Cino;C709;3;14;14;21;14021;Nord-ovest;Lombardia;Sondrio;1;14021;14021;14021;ITC;ITC4;ITC44;ITC;ITC4;ITC44;
Civo;C785;3;14;14;22;14022;Nord-ovest;Lombardia;Sondrio;1;14022;14022;14022;ITC;ITC4;ITC44;ITC;ITC4;ITC44;
Colorina;C903;3;14;14;23;14023;Nord-ovest;Lombardia;Sondrio;1;14023;14023;14023;ITC;ITC4;ITC44;ITC;ITC4;ITC44;
Cosio Valtellino;D088;3;14;14;24;14024;Nord-ovest;Lombardia;Sondrio;1;14024;14024;14024;ITC;ITC4;ITC44;ITC;ITC4;ITC44;
Dazio;D258;3;14;14;25;14025;Nord-ovest;Lombardia;Sondrio;1;14025;14025;14025;ITC;ITC4;ITC44;ITC;ITC4;ITC44;
Delebio;D266;3;14;14;26;14026;Nord-ovest;Lombardia;Sondrio;1;14026;14026;14026;ITC;ITC4;ITC44;ITC;ITC4;ITC44;
Dubino;D377;3;14;14;27;14027;Nord-ovest;Lombardia;Sondrio;1;14027;14027;14027;ITC;ITC4;ITC44;ITC;ITC4;ITC44;
Faedo Valtellino;D456;3;14;14;28;14028;Nord-ovest;Lombardia;Sondrio;1;14028;14028;14028;ITC;ITC4;ITC44;ITC;ITC4;ITC44;
Forcola;D694;3;14;14;29;14029;Nord-ovest;Lombardia;Sondrio;1;14029;14029;14029;ITC;ITC4;ITC44;ITC;ITC4;ITC44;
Fusine;D830;3;14;14;30;14030;Nord-ovest;Lombardia;Sondrio;1;14030;14030;14030;ITC;ITC4;ITC44;ITC;ITC4;ITC44;
Gerola Alta;D990;3;14;14;31;14031;Nord-ovest;Lombardia;Sondrio;1;14031;14031;14031;ITC;ITC4;ITC44;ITC;ITC4;ITC44;
Gordona;E090;3;14;14;32;14032;Nord-ovest;Lombardia;Sondrio;1;14032;14032;14032;ITC;ITC4;ITC44;ITC;ITC4;ITC44;
Grosio;E200;3;14;14;33;14033;Nord-ovest;Lombardia;Sondrio;1;14033;14033;14033;ITC;ITC4;ITC44;ITC;ITC4;ITC44;
Grosotto;E201;3;14;14;34;14034;Nord-ovest;Lombardia;Sondrio;1;14034;14034;14034;ITC;ITC4;ITC44;ITC;ITC4;ITC44;
Madesimo;E342;3;14;14;35;14035;Nord-ovest;Lombardia;Sondrio;1;14035;14035;14035;ITC;ITC4;ITC44;ITC;ITC4;ITC44;
Lanzada;E443;3;14;14;36;14036;Nord-ovest;Lombardia;Sondrio;1;14036;14036;14036;ITC;ITC4;ITC44;ITC;ITC4;ITC44;
Livigno;E621;3;14;14;37;14037;Nord-ovest;Lombardia;Sondrio;1;14037;14037;14037;ITC;ITC4;ITC44;ITC;ITC4;ITC44;
Lovero;E705;3;14;14;38;14038;Nord-ovest;Lombardia;Sondrio;1;14038;14038;14038;ITC;ITC4;ITC44;ITC;ITC4;ITC44;
Mantello;E896;3;14;14;39;14039;Nord-ovest;Lombardia;Sondrio;1;14039;14039;14039;ITC;ITC4;ITC44;ITC;ITC4;ITC44;
Mazzo di Valtellina;F070;3;14;14;40;14040;Nord-ovest;Lombardia;Sondrio;1;14040;14040;14040;ITC;ITC4;ITC44;ITC;ITC4;ITC44;
Mello;F115;3;14;14;41;14041;Nord-ovest;Lombardia;Sondrio;1;14041;14041;14041;ITC;ITC4;ITC44;ITC;ITC4;ITC44;
Mese;F153;3;14;14;43;14043;Nord-ovest;Lombardia;Sondrio;1;14043;14043;14043;ITC;ITC4;ITC44;ITC;ITC4;ITC44;
Montagna in Valtellina;F393;3;14;14;44;14044;Nord-ovest;Lombardia;Sondrio;1;14044;14044;14044;ITC;ITC4;ITC44;ITC;ITC4;ITC44;
Morbegno;F712;3;14;14;45;14045;Nord-ovest;Lombardia;Sondrio;1;14045;14045;14045;ITC;ITC4;ITC44;ITC;ITC4;ITC44;
Novate Mezzola;F956;3;14;14;46;14046;Nord-ovest;Lombardia;Sondrio;1;14046;14046;14046;ITC;ITC4;ITC44;ITC;ITC4;ITC44;
Pedesina;G410;3;14;14;47;14047;Nord-ovest;Lombardia;Sondrio;1;14047;14047;14047;ITC;ITC4;ITC44;ITC;ITC4;ITC44;
Piantedo;G572;3;14;14;48;14048;Nord-ovest;Lombardia;Sondrio;1;14048;14048;14048;ITC;ITC4;ITC44;ITC;ITC4;ITC44;
Piateda;G576;3;14;14;49;14049;Nord-ovest;Lombardia;Sondrio;1;14049;14049;14049;ITC;ITC4;ITC44;ITC;ITC4;ITC44;
Piuro;G718;3;14;14;50;14050;Nord-ovest;Lombardia;Sondrio;1;14050;14050;14050;ITC;ITC4;ITC44;ITC;ITC4;ITC44;
Poggiridenti;G431;3;14;14;51;14051;Nord-ovest;Lombardia;Sondrio;1;14051;14051;14051;ITC;ITC4;ITC44;ITC;ITC4;ITC44;
Ponte in Valtellina;G829;3;14;14;52;14052;Nord-ovest;Lombardia;Sondrio;1;14052;14052;14052;ITC;ITC4;ITC44;ITC;ITC4;ITC44;
Postalesio;G937;3;14;14;53;14053;Nord-ovest;Lombardia;Sondrio;1;14053;14053;14053;ITC;ITC4;ITC44;ITC;ITC4;ITC44;
Prata Camportaccio;G993;3;14;14;54;14054;Nord-ovest;Lombardia;Sondrio;1;14054;14054;14054;ITC;ITC4;ITC44;ITC;ITC4;ITC44;
Rasura;H192;3;14;14;55;14055;Nord-ovest;Lombardia;Sondrio;1;14055;14055;14055;ITC;ITC4;ITC44;ITC;ITC4;ITC44;
Rogolo;H493;3;14;14;56;14056;Nord-ovest;Lombardia;Sondrio;1;14056;14056;14056;ITC;ITC4;ITC44;ITC;ITC4;ITC44;
Samolaco;H752;3;14;14;57;14057;Nord-ovest;Lombardia;Sondrio;1;14057;14057;14057;ITC;ITC4;ITC44;ITC;ITC4;ITC44;
San Giacomo Filippo;H868;3;14;14;58;14058;Nord-ovest;Lombardia;Sondrio;1;14058;14058;14058;ITC;ITC4;ITC44;ITC;ITC4;ITC44;
Sernio;I636;3;14;14;59;14059;Nord-ovest;Lombardia;Sondrio;1;14059;14059;14059;ITC;ITC4;ITC44;ITC;ITC4;ITC44;
Sondalo;I828;3;14;14;60;14060;Nord-ovest;Lombardia;Sondrio;1;14060;14060;14060;ITC;ITC4;ITC44;ITC;ITC4;ITC44;
Sondrio;I829;3;14;14;61;14061;Nord-ovest;Lombardia;Sondrio;1;14061;14061;14061;ITC;ITC4;ITC44;ITC;ITC4;ITC44;
Spriana;I928;3;14;14;62;14062;Nord-ovest;Lombardia;Sondrio;1;14062;14062;14062;ITC;ITC4;ITC44;ITC;ITC4;ITC44;
Talamona;L035;3;14;14;63;14063;Nord-ovest;Lombardia;Sondrio;1;14063;14063;14063;ITC;ITC4;ITC44;ITC;ITC4;ITC44;
Tartano;L056;3;14;14;64;14064;Nord-ovest;Lombardia;Sondrio;1;14064;14064;14064;ITC;ITC4;ITC44;ITC;ITC4;ITC44;
Teglio;L084;3;14;14;65;14065;Nord-ovest;Lombardia;Sondrio;1;14065;14065;14065;ITC;ITC4;ITC44;ITC;ITC4;ITC44;
Tirano;L175;3;14;14;66;14066;Nord-ovest;Lombardia;Sondrio;1;14066;14066;14066;ITC;ITC4;ITC44;ITC;ITC4;ITC44;
Torre di Santa Maria;L244;3;14;14;67;14067;Nord-ovest;Lombardia;Sondrio;1;14067;14067;14067;ITC;ITC4;ITC44;ITC;ITC4;ITC44;
Tovo di Sant'Agata;L316;3;14;14;68;14068;Nord-ovest;Lombardia;Sondrio;1;14068;14068;14068;ITC;ITC4;ITC44;ITC;ITC4;ITC44;
Traona;L330;3;14;14;69;14069;Nord-ovest;Lombardia;Sondrio;1;14069;14069;14069;ITC;ITC4;ITC44;ITC;ITC4;ITC44;
Tresivio;L392;3;14;14;70;14070;Nord-ovest;Lombardia;Sondrio;1;14070;14070;14070;ITC;ITC4;ITC44;ITC;ITC4;ITC44;
Valdidentro;L557;3;14;14;71;14071;Nord-ovest;Lombardia;Sondrio;1;14071;14071;14071;ITC;ITC4;ITC44;ITC;ITC4;ITC44;
Valdisotto;L563;3;14;14;72;14072;Nord-ovest;Lombardia;Sondrio;1;14072;14072;14072;ITC;ITC4;ITC44;ITC;ITC4;ITC44;
Valfurva;L576;3;14;14;73;14073;Nord-ovest;Lombardia;Sondrio;1;14073;14073;14073;ITC;ITC4;ITC44;ITC;ITC4;ITC44;
Val Masino;L638;3;14;14;74;14074;Nord-ovest;Lombardia;Sondrio;1;14074;14074;14074;ITC;ITC4;ITC44;ITC;ITC4;ITC44;
Verceia;L749;3;14;14;75;14075;Nord-ovest;Lombardia;Sondrio;1;14075;14075;14075;ITC;ITC4;ITC44;ITC;ITC4;ITC44;
Vervio;L799;3;14;14;76;14076;Nord-ovest;Lombardia;Sondrio;1;14076;14076;14076;ITC;ITC4;ITC44;ITC;ITC4;ITC44;
Villa di Chiavenna;L907;3;14;14;77;14077;Nord-ovest;Lombardia;Sondrio;1;14077;14077;14077;ITC;ITC4;ITC44;ITC;ITC4;ITC44;
Villa di Tirano;L908;3;14;14;78;14078;Nord-ovest;Lombardia;Sondrio;1;14078;14078;14078;ITC;ITC4;ITC44;ITC;ITC4;ITC44;
Abbiategrasso;A010;3;215;15;2;15002;Nord-ovest;Lombardia;Milano;3;15002;15002;15002;ITC;ITC4;ITC4C;ITC;ITC4;ITC4C;
Albairate;A127;3;215;15;5;15005;Nord-ovest;Lombardia;Milano;3;15005;15005;15005;ITC;ITC4;ITC4C;ITC;ITC4;ITC4C;
Arconate;A375;3;215;15;7;15007;Nord-ovest;Lombardia;Milano;3;15007;15007;15007;ITC;ITC4;ITC4C;ITC;ITC4;ITC4C;
Arese;A389;3;215;15;9;15009;Nord-ovest;Lombardia;Milano;3;15009;15009;15009;ITC;ITC4;ITC4C;ITC;ITC4;ITC4C;
Arluno;A413;3;215;15;10;15010;Nord-ovest;Lombardia;Milano;3;15010;15010;15010;ITC;ITC4;ITC4C;ITC;ITC4;ITC4C;
Assago;A473;3;215;15;11;15011;Nord-ovest;Lombardia;Milano;3;15011;15011;15011;ITC;ITC4;ITC4C;ITC;ITC4;ITC4C;
Bareggio;A652;3;215;15;12;15012;Nord-ovest;Lombardia;Milano;3;15012;15012;15012;ITC;ITC4;ITC4C;ITC;ITC4;ITC4C;
Basiano;A697;3;215;15;14;15014;Nord-ovest;Lombardia;Milano;3;15014;15014;15014;ITC;ITC4;ITC4C;ITC;ITC4;ITC4C;
Basiglio;A699;3;215;15;15;15015;Nord-ovest;Lombardia;Milano;3;15015;15015;15015;ITC;ITC4;ITC4C;ITC;ITC4;ITC4C;
Bellinzago Lombardo;A751;3;215;15;16;15016;Nord-ovest;Lombardia;Milano;3;15016;15016;15016;ITC;ITC4;ITC4C;ITC;ITC4;ITC4C;
Bernate Ticino;A804;3;215;15;19;15019;Nord-ovest;Lombardia;Milano;3;15019;15019;15019;ITC;ITC4;ITC4C;ITC;ITC4;ITC4C;
Besate;A820;3;215;15;22;15022;Nord-ovest;Lombardia;Milano;3;15022;15022;15022;ITC;ITC4;ITC4C;ITC;ITC4;ITC4C;
Binasco;A872;3;215;15;24;15024;Nord-ovest;Lombardia;Milano;3;15024;15024;15024;ITC;ITC4;ITC4C;ITC;ITC4;ITC4C;
Boffalora sopra Ticino;A920;3;215;15;26;15026;Nord-ovest;Lombardia;Milano;3;15026;15026;15026;ITC;ITC4;ITC4C;ITC;ITC4;ITC4C;
Bollate;A940;3;215;15;27;15027;Nord-ovest;Lombardia;Milano;3;15027;15027;15027;ITC;ITC4;ITC4C;ITC;ITC4;ITC4C;
Bresso;B162;3;215;15;32;15032;Nord-ovest;Lombardia;Milano;3;15032;15032;15032;ITC;ITC4;ITC4C;ITC;ITC4;ITC4C;
Bubbiano;B235;3;215;15;35;15035;Nord-ovest;Lombardia;Milano;3;15035;15035;15035;ITC;ITC4;ITC4C;ITC;ITC4;ITC4C;
Buccinasco;B240;3;215;15;36;15036;Nord-ovest;Lombardia;Milano;3;15036;15036;15036;ITC;ITC4;ITC4C;ITC;ITC4;ITC4C;
Buscate;B286;3;215;15;38;15038;Nord-ovest;Lombardia;Milano;3;15038;15038;15038;ITC;ITC4;ITC4C;ITC;ITC4;ITC4C;
Bussero;B292;3;215;15;40;15040;Nord-ovest;Lombardia;Milano;3;15040;15040;15040;ITC;ITC4;ITC4C;ITC;ITC4;ITC4C;
Busto Garolfo;B301;3;215;15;41;15041;Nord-ovest;Lombardia;Milano;3;15041;15041;15041;ITC;ITC4;ITC4C;ITC;ITC4;ITC4C;
Calvignasco;B448;3;215;15;42;15042;Nord-ovest;Lombardia;Milano;3;15042;15042;15042;ITC;ITC4;ITC4C;ITC;ITC4;ITC4C;
Cambiago;B461;3;215;15;44;15044;Nord-ovest;Lombardia;Milano;3;15044;15044;15044;ITC;ITC4;ITC4C;ITC;ITC4;ITC4C;
Canegrate;B593;3;215;15;46;15046;Nord-ovest;Lombardia;Milano;3;15046;15046;15046;ITC;ITC4;ITC4C;ITC;ITC4;ITC4C;
Carpiano;B820;3;215;15;50;15050;Nord-ovest;Lombardia;Milano;3;15050;15050;15050;ITC;ITC4;ITC4C;ITC;ITC4;ITC4C;
Carugate;B850;3;215;15;51;15051;Nord-ovest;Lombardia;Milano;3;15051;15051;15051;ITC;ITC4;ITC4C;ITC;ITC4;ITC4C;
Casarile;B938;3;215;15;55;15055;Nord-ovest;Lombardia;Milano;3;15055;15055;15055;ITC;ITC4;ITC4C;ITC;ITC4;ITC4C;
Casorezzo;B989;3;215;15;58;15058;Nord-ovest;Lombardia;Milano;3;15058;15058;15058;ITC;ITC4;ITC4C;ITC;ITC4;ITC4C;
Cassano d'Adda;C003;3;215;15;59;15059;Nord-ovest;Lombardia;Milano;3;15059;15059;15059;ITC;ITC4;ITC4C;ITC;ITC4;ITC4C;
Cassina de' Pecchi;C014;3;215;15;60;15060;Nord-ovest;Lombardia;Milano;3;15060;15060;15060;ITC;ITC4;ITC4C;ITC;ITC4;ITC4C;
Cassinetta di Lugagnano;C033;3;215;15;61;15061;Nord-ovest;Lombardia;Milano;3;15061;15061;15061;ITC;ITC4;ITC4C;ITC;ITC4;ITC4C;
Castano Primo;C052;3;215;15;62;15062;Nord-ovest;Lombardia;Milano;3;15062;15062;15062;ITC;ITC4;ITC4C;ITC;ITC4;ITC4C;
Cernusco sul Naviglio;C523;3;215;15;70;15070;Nord-ovest;Lombardia;Milano;3;15070;15070;15070;ITC;ITC4;ITC4C;ITC;ITC4;ITC4C;
Cerro al Lambro;C536;3;215;15;71;15071;Nord-ovest;Lombardia;Milano;3;15071;15071;15071;ITC;ITC4;ITC4C;ITC;ITC4;ITC4C;
Cerro Maggiore;C537;3;215;15;72;15072;Nord-ovest;Lombardia;Milano;3;15072;15072;15072;ITC;ITC4;ITC4C;ITC;ITC4;ITC4C;
Cesano Boscone;C565;3;215;15;74;15074;Nord-ovest;Lombardia;Milano;3;15074;15074;15074;ITC;ITC4;ITC4C;ITC;ITC4;ITC4C;
Cesate;C569;3;215;15;76;15076;Nord-ovest;Lombardia;Milano;3;15076;15076;15076;ITC;ITC4;ITC4C;ITC;ITC4;ITC4C;
Cinisello Balsamo;C707;3;215;15;77;15077;Nord-ovest;Lombardia;Milano;3;15077;15077;15077;ITC;ITC4;ITC4C;ITC;ITC4;ITC4C;
Cisliano;C733;3;215;15;78;15078;Nord-ovest;Lombardia;Milano;3;15078;15078;15078;ITC;ITC4;ITC4C;ITC;ITC4;ITC4C;
Cologno Monzese;C895;3;215;15;81;15081;Nord-ovest;Lombardia;Milano;3;15081;15081;15081;ITC;ITC4;ITC4C;ITC;ITC4;ITC4C;
Colturano;C908;3;215;15;82;15082;Nord-ovest;Lombardia;Milano;3;15082;15082;15082;ITC;ITC4;ITC4C;ITC;ITC4;ITC4C;
Corbetta;C986;3;215;15;85;15085;Nord-ovest;Lombardia;Milano;3;15085;15085;15085;ITC;ITC4;ITC4C;ITC;ITC4;ITC4C;
Cormano;D013;3;215;15;86;15086;Nord-ovest;Lombardia;Milano;3;15086;15086;15086;ITC;ITC4;ITC4C;ITC;ITC4;ITC4C;
Cornaredo;D018;3;215;15;87;15087;Nord-ovest;Lombardia;Milano;3;15087;15087;15087;ITC;ITC4;ITC4C;ITC;ITC4;ITC4C;
Corsico;D045;3;215;15;93;15093;Nord-ovest;Lombardia;Milano;3;15093;15093;15093;ITC;ITC4;ITC4C;ITC;ITC4;ITC4C;
Cuggiono;D198;3;215;15;96;15096;Nord-ovest;Lombardia;Milano;3;15096;15096;15096;ITC;ITC4;ITC4C;ITC;ITC4;ITC4C;
Cusago;D229;3;215;15;97;15097;Nord-ovest;Lombardia;Milano;3;15097;15097;15097;ITC;ITC4;ITC4C;ITC;ITC4;ITC4C;
Cusano Milanino;D231;3;215;15;98;15098;Nord-ovest;Lombardia;Milano;3;15098;15098;15098;ITC;ITC4;ITC4C;ITC;ITC4;ITC4C;
Dairago;D244;3;215;15;99;15099;Nord-ovest;Lombardia;Milano;3;15099;15099;15099;ITC;ITC4;ITC4C;ITC;ITC4;ITC4C;
Dresano;D367;3;215;15;101;15101;Nord-ovest;Lombardia;Milano;3;15101;15101;15101;ITC;ITC4;ITC4C;ITC;ITC4;ITC4C;
Gaggiano;D845;3;215;15;103;15103;Nord-ovest;Lombardia;Milano;3;15103;15103;15103;ITC;ITC4;ITC4C;ITC;ITC4;ITC4C;
Garbagnate Milanese;D912;3;215;15;105;15105;Nord-ovest;Lombardia;Milano;3;15105;15105;15105;ITC;ITC4;ITC4C;ITC;ITC4;ITC4C;
Gessate;D995;3;215;15;106;15106;Nord-ovest;Lombardia;Milano;3;15106;15106;15106;ITC;ITC4;ITC4C;ITC;ITC4;ITC4C;
Gorgonzola;E094;3;215;15;108;15108;Nord-ovest;Lombardia;Milano;3;15108;15108;15108;ITC;ITC4;ITC4C;ITC;ITC4;ITC4C;
Grezzago;E170;3;215;15;110;15110;Nord-ovest;Lombardia;Milano;3;15110;15110;15110;ITC;ITC4;ITC4C;ITC;ITC4;ITC4C;
Gudo Visconti;E258;3;215;15;112;15112;Nord-ovest;Lombardia;Milano;3;15112;15112;15112;ITC;ITC4;ITC4C;ITC;ITC4;ITC4C;
Inveruno;E313;3;215;15;113;15113;Nord-ovest;Lombardia;Milano;3;15113;15113;15113;ITC;ITC4;ITC4C;ITC;ITC4;ITC4C;
Inzago;E317;3;215;15;114;15114;Nord-ovest;Lombardia;Milano;3;15114;15114;15114;ITC;ITC4;ITC4C;ITC;ITC4;ITC4C;
Lacchiarella;E395;3;215;15;115;15115;Nord-ovest;Lombardia;Milano;3;15115;15115;15115;ITC;ITC4;ITC4C;ITC;ITC4;ITC4C;
Lainate;E415;3;215;15;116;15116;Nord-ovest;Lombardia;Milano;3;15116;15116;15116;ITC;ITC4;ITC4C;ITC;ITC4;ITC4C;
Legnano;E514;3;215;15;118;15118;Nord-ovest;Lombardia;Milano;3;15118;15118;15118;ITC;ITC4;ITC4C;ITC;ITC4;ITC4C;
Liscate;E610;3;215;15;122;15122;Nord-ovest;Lombardia;Milano;3;15122;15122;15122;ITC;ITC4;ITC4C;ITC;ITC4;ITC4C;
Locate di Triulzi;E639;3;215;15;125;15125;Nord-ovest;Lombardia;Milano;3;15125;15125;15125;ITC;ITC4;ITC4C;ITC;ITC4;ITC4C;
Magenta;E801;3;215;15;130;15130;Nord-ovest;Lombardia;Milano;3;15130;15130;15130;ITC;ITC4;ITC4C;ITC;ITC4;ITC4C;
Magnago;E819;3;215;15;131;15131;Nord-ovest;Lombardia;Milano;3;15131;15131;15131;ITC;ITC4;ITC4C;ITC;ITC4;ITC4C;
Marcallo con Casone;E921;3;215;15;134;15134;Nord-ovest;Lombardia;Milano;3;15134;15134;15134;ITC;ITC4;ITC4C;ITC;ITC4;ITC4C;
Masate;F003;3;215;15;136;15136;Nord-ovest;Lombardia;Milano;3;15136;15136;15136;ITC;ITC4;ITC4C;ITC;ITC4;ITC4C;
Mediglia;F084;3;215;15;139;15139;Nord-ovest;Lombardia;Milano;3;15139;15139;15139;ITC;ITC4;ITC4C;ITC;ITC4;ITC4C;
Melegnano;F100;3;215;15;140;15140;Nord-ovest;Lombardia;Milano;3;15140;15140;15140;ITC;ITC4;ITC4C;ITC;ITC4;ITC4C;
Melzo;F119;3;215;15;142;15142;Nord-ovest;Lombardia;Milano;3;15142;15142;15142;ITC;ITC4;ITC4C;ITC;ITC4;ITC4C;
Mesero;F155;3;215;15;144;15144;Nord-ovest;Lombardia;Milano;3;15144;15144;15144;ITC;ITC4;ITC4C;ITC;ITC4;ITC4C;
Milano;F205;3;215;15;146;15146;Nord-ovest;Lombardia;Milano;3;15146;15146;15146;ITC;ITC4;ITC4C;ITC;ITC4;ITC4C;
Morimondo;D033;3;215;15;150;15150;Nord-ovest;Lombardia;Milano;3;15150;15150;15150;ITC;ITC4;ITC4C;ITC;ITC4;ITC4C;
Motta Visconti;F783;3;215;15;151;15151;Nord-ovest;Lombardia;Milano;3;15151;15151;15151;ITC;ITC4;ITC4C;ITC;ITC4;ITC4C;
Nerviano;F874;3;215;15;154;15154;Nord-ovest;Lombardia;Milano;3;15154;15154;15154;ITC;ITC4;ITC4C;ITC;ITC4;ITC4C;
Nosate;F939;3;215;15;155;15155;Nord-ovest;Lombardia;Milano;3;15155;15155;15155;ITC;ITC4;ITC4C;ITC;ITC4;ITC4C;
Novate Milanese;F955;3;215;15;157;15157;Nord-ovest;Lombardia;Milano;3;15157;15157;15157;ITC;ITC4;ITC4C;ITC;ITC4;ITC4C;
Noviglio;F968;3;215;15;158;15158;Nord-ovest;Lombardia;Milano;3;15158;15158;15158;ITC;ITC4;ITC4C;ITC;ITC4;ITC4C;
Opera;G078;3;215;15;159;15159;Nord-ovest;Lombardia;Milano;3;15159;15159;15159;ITC;ITC4;ITC4C;ITC;ITC4;ITC4C;
Ossona;G181;3;215;15;164;15164;Nord-ovest;Lombardia;Milano;3;15164;15164;15164;ITC;ITC4;ITC4C;ITC;ITC4;ITC4C;
Ozzero;G206;3;215;15;165;15165;Nord-ovest;Lombardia;Milano;3;15165;15165;15165;ITC;ITC4;ITC4C;ITC;ITC4;ITC4C;
Paderno Dugnano;G220;3;215;15;166;15166;Nord-ovest;Lombardia;Milano;3;15166;15166;15166;ITC;ITC4;ITC4C;ITC;ITC4;ITC4C;
Pantigliate;G316;3;215;15;167;15167;Nord-ovest;Lombardia;Milano;3;15167;15167;15167;ITC;ITC4;ITC4C;ITC;ITC4;ITC4C;
Parabiago;G324;3;215;15;168;15168;Nord-ovest;Lombardia;Milano;3;15168;15168;15168;ITC;ITC4;ITC4C;ITC;ITC4;ITC4C;
Paullo;G385;3;215;15;169;15169;Nord-ovest;Lombardia;Milano;3;15169;15169;15169;ITC;ITC4;ITC4C;ITC;ITC4;ITC4C;
Pero;C013;3;215;15;170;15170;Nord-ovest;Lombardia;Milano;3;15170;15170;15170;ITC;ITC4;ITC4C;ITC;ITC4;ITC4C;
Peschiera Borromeo;G488;3;215;15;171;15171;Nord-ovest;Lombardia;Milano;3;15171;15171;15171;ITC;ITC4;ITC4C;ITC;ITC4;ITC4C;
Pessano con Bornago;G502;3;215;15;172;15172;Nord-ovest;Lombardia;Milano;3;15172;15172;15172;ITC;ITC4;ITC4C;ITC;ITC4;ITC4C;
Pieve Emanuele;G634;3;215;15;173;15173;Nord-ovest;Lombardia;Milano;3;15173;15173;15173;ITC;ITC4;ITC4C;ITC;ITC4;ITC4C;
Pioltello;G686;3;215;15;175;15175;Nord-ovest;Lombardia;Milano;3;15175;15175;15175;ITC;ITC4;ITC4C;ITC;ITC4;ITC4C;
Pogliano Milanese;G772;3;215;15;176;15176;Nord-ovest;Lombardia;Milano;3;15176;15176;15176;ITC;ITC4;ITC4C;ITC;ITC4;ITC4C;
Pozzo d'Adda;G955;3;215;15;177;15177;Nord-ovest;Lombardia;Milano;3;15177;15177;15177;ITC;ITC4;ITC4C;ITC;ITC4;ITC4C;
Pozzuolo Martesana;G965;3;215;15;178;15178;Nord-ovest;Lombardia;Milano;3;15178;15178;15178;ITC;ITC4;ITC4C;ITC;ITC4;ITC4C;
Pregnana Milanese;H026;3;215;15;179;15179;Nord-ovest;Lombardia;Milano;3;15179;15179;15179;ITC;ITC4;ITC4C;ITC;ITC4;ITC4C;
Rescaldina;H240;3;215;15;181;15181;Nord-ovest;Lombardia;Milano;3;15181;15181;15181;ITC;ITC4;ITC4C;ITC;ITC4;ITC4C;
Rho;H264;3;215;15;182;15182;Nord-ovest;Lombardia;Milano;3;15182;15182;15182;ITC;ITC4;ITC4C;ITC;ITC4;ITC4C;
Robecchetto con Induno;H371;3;215;15;183;15183;Nord-ovest;Lombardia;Milano;3;15183;15183;15183;ITC;ITC4;ITC4C;ITC;ITC4;ITC4C;
Robecco sul Naviglio;H373;3;215;15;184;15184;Nord-ovest;Lombardia;Milano;3;15184;15184;15184;ITC;ITC4;ITC4C;ITC;ITC4;ITC4C;
Rodano;H470;3;215;15;185;15185;Nord-ovest;Lombardia;Milano;3;15185;15185;15185;ITC;ITC4;ITC4C;ITC;ITC4;ITC4C;
Rosate;H560;3;215;15;188;15188;Nord-ovest;Lombardia;Milano;3;15188;15188;15188;ITC;ITC4;ITC4C;ITC;ITC4;ITC4C;
Rozzano;H623;3;215;15;189;15189;Nord-ovest;Lombardia;Milano;3;15189;15189;15189;ITC;ITC4;ITC4C;ITC;ITC4;ITC4C;
San Colombano al Lambro;H803;3;215;15;191;15191;Nord-ovest;Lombardia;Milano;3;15191;15191;15191;ITC;ITC4;ITC4C;ITC;ITC4;ITC4C;
San Donato Milanese;H827;3;215;15;192;15192;Nord-ovest;Lombardia;Milano;3;15192;15192;15192;ITC;ITC4;ITC4C;ITC;ITC4;ITC4C;
San Giorgio su Legnano;H884;3;215;15;194;15194;Nord-ovest;Lombardia;Milano;3;15194;15194;15194;ITC;ITC4;ITC4C;ITC;ITC4;ITC4C;
San Giuliano Milanese;H930;3;215;15;195;15195;Nord-ovest;Lombardia;Milano;3;15195;15195;15195;ITC;ITC4;ITC4C;ITC;ITC4;ITC4C;
Santo Stefano Ticino;I361;3;215;15;200;15200;Nord-ovest;Lombardia;Milano;3;15200;15200;15200;ITC;ITC4;ITC4C;ITC;ITC4;ITC4C;
San Vittore Olona;I409;3;215;15;201;15201;Nord-ovest;Lombardia;Milano;3;15201;15201;15201;ITC;ITC4;ITC4C;ITC;ITC4;ITC4C;
San Zenone al Lambro;I415;3;215;15;202;15202;Nord-ovest;Lombardia;Milano;3;15202;15202;15202;ITC;ITC4;ITC4C;ITC;ITC4;ITC4C;
Sedriano;I566;3;215;15;204;15204;Nord-ovest;Lombardia;Milano;3;15204;15204;15204;ITC;ITC4;ITC4C;ITC;ITC4;ITC4C;
Segrate;I577;3;215;15;205;15205;Nord-ovest;Lombardia;Milano;3;15205;15205;15205;ITC;ITC4;ITC4C;ITC;ITC4;ITC4C;
Senago;I602;3;215;15;206;15206;Nord-ovest;Lombardia;Milano;3;15206;15206;15206;ITC;ITC4;ITC4C;ITC;ITC4;ITC4C;
Sesto San Giovanni;I690;3;215;15;209;15209;Nord-ovest;Lombardia;Milano;3;15209;15209;15209;ITC;ITC4;ITC4C;ITC;ITC4;ITC4C;
Settala;I696;3;215;15;210;15210;Nord-ovest;Lombardia;Milano;3;15210;15210;15210;ITC;ITC4;ITC4C;ITC;ITC4;ITC4C;
Settimo Milanese;I700;3;215;15;211;15211;Nord-ovest;Lombardia;Milano;3;15211;15211;15211;ITC;ITC4;ITC4C;ITC;ITC4;ITC4C;
Solaro;I786;3;215;15;213;15213;Nord-ovest;Lombardia;Milano;3;15213;15213;15213;ITC;ITC4;ITC4C;ITC;ITC4;ITC4C;
Trezzano Rosa;L408;3;215;15;219;15219;Nord-ovest;Lombardia;Milano;3;15219;15219;15219;ITC;ITC4;ITC4C;ITC;ITC4;ITC4C;
Trezzano sul Naviglio;L409;3;215;15;220;15220;Nord-ovest;Lombardia;Milano;3;15220;15220;15220;ITC;ITC4;ITC4C;ITC;ITC4;ITC4C;
Trezzo sull'Adda;L411;3;215;15;221;15221;Nord-ovest;Lombardia;Milano;3;15221;15221;15221;ITC;ITC4;ITC4C;ITC;ITC4;ITC4C;
Tribiano;L415;3;215;15;222;15222;Nord-ovest;Lombardia;Milano;3;15222;15222;15222;ITC;ITC4;ITC4C;ITC;ITC4;ITC4C;
Truccazzano;L454;3;215;15;224;15224;Nord-ovest;Lombardia;Milano;3;15224;15224;15224;ITC;ITC4;ITC4C;ITC;ITC4;ITC4C;
Turbigo;L471;3;215;15;226;15226;Nord-ovest;Lombardia;Milano;3;15226;15226;15226;ITC;ITC4;ITC4C;ITC;ITC4;ITC4C;
Vanzago;L665;3;215;15;229;15229;Nord-ovest;Lombardia;Milano;3;15229;15229;15229;ITC;ITC4;ITC4C;ITC;ITC4;ITC4C;
Vaprio d'Adda;L667;3;215;15;230;15230;Nord-ovest;Lombardia;Milano;3;15230;15230;15230;ITC;ITC4;ITC4C;ITC;ITC4;ITC4C;
Vernate;L773;3;215;15;236;15236;Nord-ovest;Lombardia;Milano;3;15236;15236;15236;ITC;ITC4;ITC4C;ITC;ITC4;ITC4C;
Vignate;L883;3;215;15;237;15237;Nord-ovest;Lombardia;Milano;3;15237;15237;15237;ITC;ITC4;ITC4C;ITC;ITC4;ITC4C;
Vimodrone;M053;3;215;15;242;15242;Nord-ovest;Lombardia;Milano;3;15242;15242;15242;ITC;ITC4;ITC4C;ITC;ITC4;ITC4C;
Vittuone;M091;3;215;15;243;15243;Nord-ovest;Lombardia;Milano;3;15243;15243;15243;ITC;ITC4;ITC4C;ITC;ITC4;ITC4C;
Vizzolo Predabissi;M102;3;215;15;244;15244;Nord-ovest;Lombardia;Milano;3;15244;15244;15244;ITC;ITC4;ITC4C;ITC;ITC4;ITC4C;
Zibido San Giacomo;M176;3;215;15;247;15247;Nord-ovest;Lombardia;Milano;3;15247;15247;15247;ITC;ITC4;ITC4C;ITC;ITC4;ITC4C;
Villa Cortese;L928;3;215;15;248;15248;Nord-ovest;Lombardia;Milano;3;15248;15248;15248;ITC;ITC4;ITC4C;ITC;ITC4;ITC4C;
Vanzaghello;L664;3;215;15;249;15249;Nord-ovest;Lombardia;Milano;3;15249;15249;15249;ITC;ITC4;ITC4C;ITC;ITC4;ITC4C;
Baranzate;A618;3;215;15;250;15250;Nord-ovest;Lombardia;Milano;3;15250;15250;15250;ITC;ITC4;ITC4C;ITC;ITC4;ITC4C;
Vermezzo con Zelo;M424;3;215;15;251;15251;Nord-ovest;Lombardia;Milano;3;15251;15251;15251;ITC;ITC4;ITC4C;ITC;ITC4;ITC4C;
Adrara San Martino;A057;3;16;16;1;16001;Nord-ovest;Lombardia;Bergamo;1;16001;16001;16001;ITC;ITC4;ITC46;ITC;ITC4;ITC46;
Adrara San Rocco;A058;3;16;16;2;16002;Nord-ovest;Lombardia;Bergamo;1;16002;16002;16002;ITC;ITC4;ITC46;ITC;ITC4;ITC46;
Albano Sant'Alessandro;A129;3;16;16;3;16003;Nord-ovest;Lombardia;Bergamo;1;16003;16003;16003;ITC;ITC4;ITC46;ITC;ITC4;ITC46;
Albino;A163;3;16;16;4;16004;Nord-ovest;Lombardia;Bergamo;1;16004;16004;16004;ITC;ITC4;ITC46;ITC;ITC4;ITC46;
AlmË;A214;3;16;16;5;16005;Nord-ovest;Lombardia;Bergamo;1;16005;16005;16005;ITC;ITC4;ITC46;ITC;ITC4;ITC46;
Almenno San Bartolomeo;A216;3;16;16;6;16006;Nord-ovest;Lombardia;Bergamo;1;16006;16006;16006;ITC;ITC4;ITC46;ITC;ITC4;ITC46;
Almenno San Salvatore;A217;3;16;16;7;16007;Nord-ovest;Lombardia;Bergamo;1;16007;16007;16007;ITC;ITC4;ITC46;ITC;ITC4;ITC46;
Alzano Lombardo;A246;3;16;16;8;16008;Nord-ovest;Lombardia;Bergamo;1;16008;16008;16008;ITC;ITC4;ITC46;ITC;ITC4;ITC46;
Ambivere;A259;3;16;16;9;16009;Nord-ovest;Lombardia;Bergamo;1;16009;16009;16009;ITC;ITC4;ITC46;ITC;ITC4;ITC46;
Antegnate;A304;3;16;16;10;16010;Nord-ovest;Lombardia;Bergamo;1;16010;16010;16010;ITC;ITC4;ITC46;ITC;ITC4;ITC46;
Arcene;A365;3;16;16;11;16011;Nord-ovest;Lombardia;Bergamo;1;16011;16011;16011;ITC;ITC4;ITC46;ITC;ITC4;ITC46;
Ardesio;A383;3;16;16;12;16012;Nord-ovest;Lombardia;Bergamo;1;16012;16012;16012;ITC;ITC4;ITC46;ITC;ITC4;ITC46;
Arzago d'Adda;A440;3;16;16;13;16013;Nord-ovest;Lombardia;Bergamo;1;16013;16013;16013;ITC;ITC4;ITC46;ITC;ITC4;ITC46;
Averara;A511;3;16;16;14;16014;Nord-ovest;Lombardia;Bergamo;1;16014;16014;16014;ITC;ITC4;ITC46;ITC;ITC4;ITC46;
Aviatico;A517;3;16;16;15;16015;Nord-ovest;Lombardia;Bergamo;1;16015;16015;16015;ITC;ITC4;ITC46;ITC;ITC4;ITC46;
Azzano San Paolo;A528;3;16;16;16;16016;Nord-ovest;Lombardia;Bergamo;1;16016;16016;16016;ITC;ITC4;ITC46;ITC;ITC4;ITC46;
Azzone;A533;3;16;16;17;16017;Nord-ovest;Lombardia;Bergamo;1;16017;16017;16017;ITC;ITC4;ITC46;ITC;ITC4;ITC46;
Bagnatica;A557;3;16;16;18;16018;Nord-ovest;Lombardia;Bergamo;1;16018;16018;16018;ITC;ITC4;ITC46;ITC;ITC4;ITC46;
Barbata;A631;3;16;16;19;16019;Nord-ovest;Lombardia;Bergamo;1;16019;16019;16019;ITC;ITC4;ITC46;ITC;ITC4;ITC46;
Bariano;A664;3;16;16;20;16020;Nord-ovest;Lombardia;Bergamo;1;16020;16020;16020;ITC;ITC4;ITC46;ITC;ITC4;ITC46;
Barzana;A684;3;16;16;21;16021;Nord-ovest;Lombardia;Bergamo;1;16021;16021;16021;ITC;ITC4;ITC46;ITC;ITC4;ITC46;
Bedulita;A732;3;16;16;22;16022;Nord-ovest;Lombardia;Bergamo;1;16022;16022;16022;ITC;ITC4;ITC46;ITC;ITC4;ITC46;
Berbenno;A786;3;16;16;23;16023;Nord-ovest;Lombardia;Bergamo;1;16023;16023;16023;ITC;ITC4;ITC46;ITC;ITC4;ITC46;
Bergamo;A794;3;16;16;24;16024;Nord-ovest;Lombardia;Bergamo;1;16024;16024;16024;ITC;ITC4;ITC46;ITC;ITC4;ITC46;
Berzo San Fermo;A815;3;16;16;25;16025;Nord-ovest;Lombardia;Bergamo;1;16025;16025;16025;ITC;ITC4;ITC46;ITC;ITC4;ITC46;
Bianzano;A846;3;16;16;26;16026;Nord-ovest;Lombardia;Bergamo;1;16026;16026;16026;ITC;ITC4;ITC46;ITC;ITC4;ITC46;
Blello;A903;3;16;16;27;16027;Nord-ovest;Lombardia;Bergamo;1;16027;16027;16027;ITC;ITC4;ITC46;ITC;ITC4;ITC46;
Bolgare;A937;3;16;16;28;16028;Nord-ovest;Lombardia;Bergamo;1;16028;16028;16028;ITC;ITC4;ITC46;ITC;ITC4;ITC46;
Boltiere;A950;3;16;16;29;16029;Nord-ovest;Lombardia;Bergamo;1;16029;16029;16029;ITC;ITC4;ITC46;ITC;ITC4;ITC46;
Bonate Sopra;A963;3;16;16;30;16030;Nord-ovest;Lombardia;Bergamo;1;16030;16030;16030;ITC;ITC4;ITC46;ITC;ITC4;ITC46;
Bonate Sotto;A962;3;16;16;31;16031;Nord-ovest;Lombardia;Bergamo;1;16031;16031;16031;ITC;ITC4;ITC46;ITC;ITC4;ITC46;
Borgo di Terzo;B010;3;16;16;32;16032;Nord-ovest;Lombardia;Bergamo;1;16032;16032;16032;ITC;ITC4;ITC46;ITC;ITC4;ITC46;
Bossico;B083;3;16;16;33;16033;Nord-ovest;Lombardia;Bergamo;1;16033;16033;16033;ITC;ITC4;ITC46;ITC;ITC4;ITC46;
Bottanuco;B088;3;16;16;34;16034;Nord-ovest;Lombardia;Bergamo;1;16034;16034;16034;ITC;ITC4;ITC46;ITC;ITC4;ITC46;
Bracca;B112;3;16;16;35;16035;Nord-ovest;Lombardia;Bergamo;1;16035;16035;16035;ITC;ITC4;ITC46;ITC;ITC4;ITC46;
Branzi;B123;3;16;16;36;16036;Nord-ovest;Lombardia;Bergamo;1;16036;16036;16036;ITC;ITC4;ITC46;ITC;ITC4;ITC46;
Brembate;B137;3;16;16;37;16037;Nord-ovest;Lombardia;Bergamo;1;16037;16037;16037;ITC;ITC4;ITC46;ITC;ITC4;ITC46;
Brembate di Sopra;B138;3;16;16;38;16038;Nord-ovest;Lombardia;Bergamo;1;16038;16038;16038;ITC;ITC4;ITC46;ITC;ITC4;ITC46;
Brignano Gera d'Adda;B178;3;16;16;40;16040;Nord-ovest;Lombardia;Bergamo;1;16040;16040;16040;ITC;ITC4;ITC46;ITC;ITC4;ITC46;
Brumano;B217;3;16;16;41;16041;Nord-ovest;Lombardia;Bergamo;1;16041;16041;16041;ITC;ITC4;ITC46;ITC;ITC4;ITC46;
Brusaporto;B223;3;16;16;42;16042;Nord-ovest;Lombardia;Bergamo;1;16042;16042;16042;ITC;ITC4;ITC46;ITC;ITC4;ITC46;
Calcinate;B393;3;16;16;43;16043;Nord-ovest;Lombardia;Bergamo;1;16043;16043;16043;ITC;ITC4;ITC46;ITC;ITC4;ITC46;
Calcio;B395;3;16;16;44;16044;Nord-ovest;Lombardia;Bergamo;1;16044;16044;16044;ITC;ITC4;ITC46;ITC;ITC4;ITC46;
Calusco d'Adda;B434;3;16;16;46;16046;Nord-ovest;Lombardia;Bergamo;1;16046;16046;16046;ITC;ITC4;ITC46;ITC;ITC4;ITC46;
Calvenzano;B442;3;16;16;47;16047;Nord-ovest;Lombardia;Bergamo;1;16047;16047;16047;ITC;ITC4;ITC46;ITC;ITC4;ITC46;
Camerata Cornello;B471;3;16;16;48;16048;Nord-ovest;Lombardia;Bergamo;1;16048;16048;16048;ITC;ITC4;ITC46;ITC;ITC4;ITC46;
Canonica d'Adda;B618;3;16;16;49;16049;Nord-ovest;Lombardia;Bergamo;1;16049;16049;16049;ITC;ITC4;ITC46;ITC;ITC4;ITC46;
Capizzone;B661;3;16;16;50;16050;Nord-ovest;Lombardia;Bergamo;1;16050;16050;16050;ITC;ITC4;ITC46;ITC;ITC4;ITC46;
Capriate San Gervasio;B703;3;16;16;51;16051;Nord-ovest;Lombardia;Bergamo;1;16051;16051;16051;ITC;ITC4;ITC46;ITC;ITC4;ITC46;
Caprino Bergamasco;B710;3;16;16;52;16052;Nord-ovest;Lombardia;Bergamo;1;16052;16052;16052;ITC;ITC4;ITC46;ITC;ITC4;ITC46;
Caravaggio;B731;3;16;16;53;16053;Nord-ovest;Lombardia;Bergamo;1;16053;16053;16053;ITC;ITC4;ITC46;ITC;ITC4;ITC46;
Carobbio degli Angeli;B801;3;16;16;55;16055;Nord-ovest;Lombardia;Bergamo;1;16055;16055;16055;ITC;ITC4;ITC46;ITC;ITC4;ITC46;
Carona;B803;3;16;16;56;16056;Nord-ovest;Lombardia;Bergamo;1;16056;16056;16056;ITC;ITC4;ITC46;ITC;ITC4;ITC46;
Carvico;B854;3;16;16;57;16057;Nord-ovest;Lombardia;Bergamo;1;16057;16057;16057;ITC;ITC4;ITC46;ITC;ITC4;ITC46;
Casazza;B947;3;16;16;58;16058;Nord-ovest;Lombardia;Bergamo;1;16058;16058;16058;ITC;ITC4;ITC46;ITC;ITC4;ITC46;
Casirate d'Adda;B971;3;16;16;59;16059;Nord-ovest;Lombardia;Bergamo;1;16059;16059;16059;ITC;ITC4;ITC46;ITC;ITC4;ITC46;
Casnigo;B978;3;16;16;60;16060;Nord-ovest;Lombardia;Bergamo;1;16060;16060;16060;ITC;ITC4;ITC46;ITC;ITC4;ITC46;
Cassiglio;C007;3;16;16;61;16061;Nord-ovest;Lombardia;Bergamo;1;16061;16061;16061;ITC;ITC4;ITC46;ITC;ITC4;ITC46;
Castelli Calepio;C079;3;16;16;62;16062;Nord-ovest;Lombardia;Bergamo;1;16062;16062;16062;ITC;ITC4;ITC46;ITC;ITC4;ITC46;
Castel Rozzone;C255;3;16;16;63;16063;Nord-ovest;Lombardia;Bergamo;1;16063;16063;16063;ITC;ITC4;ITC46;ITC;ITC4;ITC46;
Castione della Presolana;C324;3;16;16;64;16064;Nord-ovest;Lombardia;Bergamo;1;16064;16064;16064;ITC;ITC4;ITC46;ITC;ITC4;ITC46;
Castro;C337;3;16;16;65;16065;Nord-ovest;Lombardia;Bergamo;1;16065;16065;16065;ITC;ITC4;ITC46;ITC;ITC4;ITC46;
Cavernago;C396;3;16;16;66;16066;Nord-ovest;Lombardia;Bergamo;1;16066;16066;16066;ITC;ITC4;ITC46;ITC;ITC4;ITC46;
Cazzano Sant'Andrea;C410;3;16;16;67;16067;Nord-ovest;Lombardia;Bergamo;1;16067;16067;16067;ITC;ITC4;ITC46;ITC;ITC4;ITC46;
Cenate Sopra;C456;3;16;16;68;16068;Nord-ovest;Lombardia;Bergamo;1;16068;16068;16068;ITC;ITC4;ITC46;ITC;ITC4;ITC46;
Cenate Sotto;C457;3;16;16;69;16069;Nord-ovest;Lombardia;Bergamo;1;16069;16069;16069;ITC;ITC4;ITC46;ITC;ITC4;ITC46;
Cene;C459;3;16;16;70;16070;Nord-ovest;Lombardia;Bergamo;1;16070;16070;16070;ITC;ITC4;ITC46;ITC;ITC4;ITC46;
Cerete;C506;3;16;16;71;16071;Nord-ovest;Lombardia;Bergamo;1;16071;16071;16071;ITC;ITC4;ITC46;ITC;ITC4;ITC46;
Chignolo d'Isola;C635;3;16;16;72;16072;Nord-ovest;Lombardia;Bergamo;1;16072;16072;16072;ITC;ITC4;ITC46;ITC;ITC4;ITC46;
Chiuduno;C649;3;16;16;73;16073;Nord-ovest;Lombardia;Bergamo;1;16073;16073;16073;ITC;ITC4;ITC46;ITC;ITC4;ITC46;
Cisano Bergamasco;C728;3;16;16;74;16074;Nord-ovest;Lombardia;Bergamo;1;16074;16074;16074;ITC;ITC4;ITC46;ITC;ITC4;ITC46;
Ciserano;C730;3;16;16;75;16075;Nord-ovest;Lombardia;Bergamo;1;16075;16075;16075;ITC;ITC4;ITC46;ITC;ITC4;ITC46;
Cividate al Piano;C759;3;16;16;76;16076;Nord-ovest;Lombardia;Bergamo;1;16076;16076;16076;ITC;ITC4;ITC46;ITC;ITC4;ITC46;
Clusone;C800;3;16;16;77;16077;Nord-ovest;Lombardia;Bergamo;1;16077;16077;16077;ITC;ITC4;ITC46;ITC;ITC4;ITC46;
Colere;C835;3;16;16;78;16078;Nord-ovest;Lombardia;Bergamo;1;16078;16078;16078;ITC;ITC4;ITC46;ITC;ITC4;ITC46;
Cologno al Serio;C894;3;16;16;79;16079;Nord-ovest;Lombardia;Bergamo;1;16079;16079;16079;ITC;ITC4;ITC46;ITC;ITC4;ITC46;
Colzate;C910;3;16;16;80;16080;Nord-ovest;Lombardia;Bergamo;1;16080;16080;16080;ITC;ITC4;ITC46;ITC;ITC4;ITC46;
Comun Nuovo;C937;3;16;16;81;16081;Nord-ovest;Lombardia;Bergamo;1;16081;16081;16081;ITC;ITC4;ITC46;ITC;ITC4;ITC46;
Corna Imagna;D015;3;16;16;82;16082;Nord-ovest;Lombardia;Bergamo;1;16082;16082;16082;ITC;ITC4;ITC46;ITC;ITC4;ITC46;
Cortenuova;D066;3;16;16;83;16083;Nord-ovest;Lombardia;Bergamo;1;16083;16083;16083;ITC;ITC4;ITC46;ITC;ITC4;ITC46;
Costa di Mezzate;D110;3;16;16;84;16084;Nord-ovest;Lombardia;Bergamo;1;16084;16084;16084;ITC;ITC4;ITC46;ITC;ITC4;ITC46;
Costa Valle Imagna;D103;3;16;16;85;16085;Nord-ovest;Lombardia;Bergamo;1;16085;16085;16085;ITC;ITC4;ITC46;ITC;ITC4;ITC46;
Costa Volpino;D117;3;16;16;86;16086;Nord-ovest;Lombardia;Bergamo;1;16086;16086;16086;ITC;ITC4;ITC46;ITC;ITC4;ITC46;
Covo;D126;3;16;16;87;16087;Nord-ovest;Lombardia;Bergamo;1;16087;16087;16087;ITC;ITC4;ITC46;ITC;ITC4;ITC46;
Credaro;D139;3;16;16;88;16088;Nord-ovest;Lombardia;Bergamo;1;16088;16088;16088;ITC;ITC4;ITC46;ITC;ITC4;ITC46;
Curno;D221;3;16;16;89;16089;Nord-ovest;Lombardia;Bergamo;1;16089;16089;16089;ITC;ITC4;ITC46;ITC;ITC4;ITC46;
Cusio;D233;3;16;16;90;16090;Nord-ovest;Lombardia;Bergamo;1;16090;16090;16090;ITC;ITC4;ITC46;ITC;ITC4;ITC46;
Dalmine;D245;3;16;16;91;16091;Nord-ovest;Lombardia;Bergamo;1;16091;16091;16091;ITC;ITC4;ITC46;ITC;ITC4;ITC46;
Dossena;D352;3;16;16;92;16092;Nord-ovest;Lombardia;Bergamo;1;16092;16092;16092;ITC;ITC4;ITC46;ITC;ITC4;ITC46;
Endine Gaiano;D406;3;16;16;93;16093;Nord-ovest;Lombardia;Bergamo;1;16093;16093;16093;ITC;ITC4;ITC46;ITC;ITC4;ITC46;
Entratico;D411;3;16;16;94;16094;Nord-ovest;Lombardia;Bergamo;1;16094;16094;16094;ITC;ITC4;ITC46;ITC;ITC4;ITC46;
Fara Gera d'Adda;D490;3;16;16;96;16096;Nord-ovest;Lombardia;Bergamo;1;16096;16096;16096;ITC;ITC4;ITC46;ITC;ITC4;ITC46;
Fara Olivana con Sola;D491;3;16;16;97;16097;Nord-ovest;Lombardia;Bergamo;1;16097;16097;16097;ITC;ITC4;ITC46;ITC;ITC4;ITC46;
Filago;D588;3;16;16;98;16098;Nord-ovest;Lombardia;Bergamo;1;16098;16098;16098;ITC;ITC4;ITC46;ITC;ITC4;ITC46;
Fino del Monte;D604;3;16;16;99;16099;Nord-ovest;Lombardia;Bergamo;1;16099;16099;16099;ITC;ITC4;ITC46;ITC;ITC4;ITC46;
Fiorano al Serio;D606;3;16;16;100;16100;Nord-ovest;Lombardia;Bergamo;1;16100;16100;16100;ITC;ITC4;ITC46;ITC;ITC4;ITC46;
Fontanella;D672;3;16;16;101;16101;Nord-ovest;Lombardia;Bergamo;1;16101;16101;16101;ITC;ITC4;ITC46;ITC;ITC4;ITC46;
Fonteno;D684;3;16;16;102;16102;Nord-ovest;Lombardia;Bergamo;1;16102;16102;16102;ITC;ITC4;ITC46;ITC;ITC4;ITC46;
Foppolo;D688;3;16;16;103;16103;Nord-ovest;Lombardia;Bergamo;1;16103;16103;16103;ITC;ITC4;ITC46;ITC;ITC4;ITC46;
Foresto Sparso;D697;3;16;16;104;16104;Nord-ovest;Lombardia;Bergamo;1;16104;16104;16104;ITC;ITC4;ITC46;ITC;ITC4;ITC46;
Fornovo San Giovanni;D727;3;16;16;105;16105;Nord-ovest;Lombardia;Bergamo;1;16105;16105;16105;ITC;ITC4;ITC46;ITC;ITC4;ITC46;
Fuipiano Valle Imagna;D817;3;16;16;106;16106;Nord-ovest;Lombardia;Bergamo;1;16106;16106;16106;ITC;ITC4;ITC46;ITC;ITC4;ITC46;
Gandellino;D903;3;16;16;107;16107;Nord-ovest;Lombardia;Bergamo;1;16107;16107;16107;ITC;ITC4;ITC46;ITC;ITC4;ITC46;
Gandino;D905;3;16;16;108;16108;Nord-ovest;Lombardia;Bergamo;1;16108;16108;16108;ITC;ITC4;ITC46;ITC;ITC4;ITC46;
Gandosso;D906;3;16;16;109;16109;Nord-ovest;Lombardia;Bergamo;1;16109;16109;16109;ITC;ITC4;ITC46;ITC;ITC4;ITC46;
Gaverina Terme;D943;3;16;16;110;16110;Nord-ovest;Lombardia;Bergamo;1;16110;16110;16110;ITC;ITC4;ITC46;ITC;ITC4;ITC46;
Gazzaniga;D952;3;16;16;111;16111;Nord-ovest;Lombardia;Bergamo;1;16111;16111;16111;ITC;ITC4;ITC46;ITC;ITC4;ITC46;
Ghisalba;E006;3;16;16;113;16113;Nord-ovest;Lombardia;Bergamo;1;16113;16113;16113;ITC;ITC4;ITC46;ITC;ITC4;ITC46;
Gorlago;E100;3;16;16;114;16114;Nord-ovest;Lombardia;Bergamo;1;16114;16114;16114;ITC;ITC4;ITC46;ITC;ITC4;ITC46;
Gorle;E103;3;16;16;115;16115;Nord-ovest;Lombardia;Bergamo;1;16115;16115;16115;ITC;ITC4;ITC46;ITC;ITC4;ITC46;
Gorno;E106;3;16;16;116;16116;Nord-ovest;Lombardia;Bergamo;1;16116;16116;16116;ITC;ITC4;ITC46;ITC;ITC4;ITC46;
Grassobbio;E148;3;16;16;117;16117;Nord-ovest;Lombardia;Bergamo;1;16117;16117;16117;ITC;ITC4;ITC46;ITC;ITC4;ITC46;
Gromo;E189;3;16;16;118;16118;Nord-ovest;Lombardia;Bergamo;1;16118;16118;16118;ITC;ITC4;ITC46;ITC;ITC4;ITC46;
Grone;E192;3;16;16;119;16119;Nord-ovest;Lombardia;Bergamo;1;16119;16119;16119;ITC;ITC4;ITC46;ITC;ITC4;ITC46;
Grumello del Monte;E219;3;16;16;120;16120;Nord-ovest;Lombardia;Bergamo;1;16120;16120;16120;ITC;ITC4;ITC46;ITC;ITC4;ITC46;
Isola di Fondra;E353;3;16;16;121;16121;Nord-ovest;Lombardia;Bergamo;1;16121;16121;16121;ITC;ITC4;ITC46;ITC;ITC4;ITC46;
Isso;E370;3;16;16;122;16122;Nord-ovest;Lombardia;Bergamo;1;16122;16122;16122;ITC;ITC4;ITC46;ITC;ITC4;ITC46;
Lallio;E422;3;16;16;123;16123;Nord-ovest;Lombardia;Bergamo;1;16123;16123;16123;ITC;ITC4;ITC46;ITC;ITC4;ITC46;
Leffe;E509;3;16;16;124;16124;Nord-ovest;Lombardia;Bergamo;1;16124;16124;16124;ITC;ITC4;ITC46;ITC;ITC4;ITC46;
Lenna;E524;3;16;16;125;16125;Nord-ovest;Lombardia;Bergamo;1;16125;16125;16125;ITC;ITC4;ITC46;ITC;ITC4;ITC46;
Levate;E562;3;16;16;126;16126;Nord-ovest;Lombardia;Bergamo;1;16126;16126;16126;ITC;ITC4;ITC46;ITC;ITC4;ITC46;
Locatello;E640;3;16;16;127;16127;Nord-ovest;Lombardia;Bergamo;1;16127;16127;16127;ITC;ITC4;ITC46;ITC;ITC4;ITC46;
Lovere;E704;3;16;16;128;16128;Nord-ovest;Lombardia;Bergamo;1;16128;16128;16128;ITC;ITC4;ITC46;ITC;ITC4;ITC46;
Lurano;E751;3;16;16;129;16129;Nord-ovest;Lombardia;Bergamo;1;16129;16129;16129;ITC;ITC4;ITC46;ITC;ITC4;ITC46;
Luzzana;E770;3;16;16;130;16130;Nord-ovest;Lombardia;Bergamo;1;16130;16130;16130;ITC;ITC4;ITC46;ITC;ITC4;ITC46;
Madone;E794;3;16;16;131;16131;Nord-ovest;Lombardia;Bergamo;1;16131;16131;16131;ITC;ITC4;ITC46;ITC;ITC4;ITC46;
Mapello;E901;3;16;16;132;16132;Nord-ovest;Lombardia;Bergamo;1;16132;16132;16132;ITC;ITC4;ITC46;ITC;ITC4;ITC46;
Martinengo;E987;3;16;16;133;16133;Nord-ovest;Lombardia;Bergamo;1;16133;16133;16133;ITC;ITC4;ITC46;ITC;ITC4;ITC46;
Mezzoldo;F186;3;16;16;134;16134;Nord-ovest;Lombardia;Bergamo;1;16134;16134;16134;ITC;ITC4;ITC46;ITC;ITC4;ITC46;
Misano di Gera d'Adda;F243;3;16;16;135;16135;Nord-ovest;Lombardia;Bergamo;1;16135;16135;16135;ITC;ITC4;ITC46;ITC;ITC4;ITC46;
Moio de' Calvi;F276;3;16;16;136;16136;Nord-ovest;Lombardia;Bergamo;1;16136;16136;16136;ITC;ITC4;ITC46;ITC;ITC4;ITC46;
Monasterolo del Castello;F328;3;16;16;137;16137;Nord-ovest;Lombardia;Bergamo;1;16137;16137;16137;ITC;ITC4;ITC46;ITC;ITC4;ITC46;
Montello;F547;3;16;16;139;16139;Nord-ovest;Lombardia;Bergamo;1;16139;16139;16139;ITC;ITC4;ITC46;ITC;ITC4;ITC46;
Morengo;F720;3;16;16;140;16140;Nord-ovest;Lombardia;Bergamo;1;16140;16140;16140;ITC;ITC4;ITC46;ITC;ITC4;ITC46;
Mornico al Serio;F738;3;16;16;141;16141;Nord-ovest;Lombardia;Bergamo;1;16141;16141;16141;ITC;ITC4;ITC46;ITC;ITC4;ITC46;
Mozzanica;F786;3;16;16;142;16142;Nord-ovest;Lombardia;Bergamo;1;16142;16142;16142;ITC;ITC4;ITC46;ITC;ITC4;ITC46;
Mozzo;F791;3;16;16;143;16143;Nord-ovest;Lombardia;Bergamo;1;16143;16143;16143;ITC;ITC4;ITC46;ITC;ITC4;ITC46;
Nembro;F864;3;16;16;144;16144;Nord-ovest;Lombardia;Bergamo;1;16144;16144;16144;ITC;ITC4;ITC46;ITC;ITC4;ITC46;
Olmo al Brembo;G049;3;16;16;145;16145;Nord-ovest;Lombardia;Bergamo;1;16145;16145;16145;ITC;ITC4;ITC46;ITC;ITC4;ITC46;
Oltre il Colle;G050;3;16;16;146;16146;Nord-ovest;Lombardia;Bergamo;1;16146;16146;16146;ITC;ITC4;ITC46;ITC;ITC4;ITC46;
Oltressenda Alta;G054;3;16;16;147;16147;Nord-ovest;Lombardia;Bergamo;1;16147;16147;16147;ITC;ITC4;ITC46;ITC;ITC4;ITC46;
Oneta;G068;3;16;16;148;16148;Nord-ovest;Lombardia;Bergamo;1;16148;16148;16148;ITC;ITC4;ITC46;ITC;ITC4;ITC46;
Onore;G075;3;16;16;149;16149;Nord-ovest;Lombardia;Bergamo;1;16149;16149;16149;ITC;ITC4;ITC46;ITC;ITC4;ITC46;
Orio al Serio;G108;3;16;16;150;16150;Nord-ovest;Lombardia;Bergamo;1;16150;16150;16150;ITC;ITC4;ITC46;ITC;ITC4;ITC46;
Ornica;G118;3;16;16;151;16151;Nord-ovest;Lombardia;Bergamo;1;16151;16151;16151;ITC;ITC4;ITC46;ITC;ITC4;ITC46;
Osio Sopra;G159;3;16;16;152;16152;Nord-ovest;Lombardia;Bergamo;1;16152;16152;16152;ITC;ITC4;ITC46;ITC;ITC4;ITC46;
Osio Sotto;G160;3;16;16;153;16153;Nord-ovest;Lombardia;Bergamo;1;16153;16153;16153;ITC;ITC4;ITC46;ITC;ITC4;ITC46;
Pagazzano;G233;3;16;16;154;16154;Nord-ovest;Lombardia;Bergamo;1;16154;16154;16154;ITC;ITC4;ITC46;ITC;ITC4;ITC46;
Paladina;G249;3;16;16;155;16155;Nord-ovest;Lombardia;Bergamo;1;16155;16155;16155;ITC;ITC4;ITC46;ITC;ITC4;ITC46;
Palazzago;G259;3;16;16;156;16156;Nord-ovest;Lombardia;Bergamo;1;16156;16156;16156;ITC;ITC4;ITC46;ITC;ITC4;ITC46;
Palosco;G295;3;16;16;157;16157;Nord-ovest;Lombardia;Bergamo;1;16157;16157;16157;ITC;ITC4;ITC46;ITC;ITC4;ITC46;
Parre;G346;3;16;16;158;16158;Nord-ovest;Lombardia;Bergamo;1;16158;16158;16158;ITC;ITC4;ITC46;ITC;ITC4;ITC46;
Parzanica;G350;3;16;16;159;16159;Nord-ovest;Lombardia;Bergamo;1;16159;16159;16159;ITC;ITC4;ITC46;ITC;ITC4;ITC46;
Pedrengo;G412;3;16;16;160;16160;Nord-ovest;Lombardia;Bergamo;1;16160;16160;16160;ITC;ITC4;ITC46;ITC;ITC4;ITC46;
Peia;G418;3;16;16;161;16161;Nord-ovest;Lombardia;Bergamo;1;16161;16161;16161;ITC;ITC4;ITC46;ITC;ITC4;ITC46;
Pianico;G564;3;16;16;162;16162;Nord-ovest;Lombardia;Bergamo;1;16162;16162;16162;ITC;ITC4;ITC46;ITC;ITC4;ITC46;
Piario;G574;3;16;16;163;16163;Nord-ovest;Lombardia;Bergamo;1;16163;16163;16163;ITC;ITC4;ITC46;ITC;ITC4;ITC46;
Piazza Brembana;G579;3;16;16;164;16164;Nord-ovest;Lombardia;Bergamo;1;16164;16164;16164;ITC;ITC4;ITC46;ITC;ITC4;ITC46;
Piazzatorre;G583;3;16;16;165;16165;Nord-ovest;Lombardia;Bergamo;1;16165;16165;16165;ITC;ITC4;ITC46;ITC;ITC4;ITC46;
Piazzolo;G588;3;16;16;166;16166;Nord-ovest;Lombardia;Bergamo;1;16166;16166;16166;ITC;ITC4;ITC46;ITC;ITC4;ITC46;
Pognano;G774;3;16;16;167;16167;Nord-ovest;Lombardia;Bergamo;1;16167;16167;16167;ITC;ITC4;ITC46;ITC;ITC4;ITC46;
Ponte Nossa;F941;3;16;16;168;16168;Nord-ovest;Lombardia;Bergamo;1;16168;16168;16168;ITC;ITC4;ITC46;ITC;ITC4;ITC46;
Ponteranica;G853;3;16;16;169;16169;Nord-ovest;Lombardia;Bergamo;1;16169;16169;16169;ITC;ITC4;ITC46;ITC;ITC4;ITC46;
Ponte San Pietro;G856;3;16;16;170;16170;Nord-ovest;Lombardia;Bergamo;1;16170;16170;16170;ITC;ITC4;ITC46;ITC;ITC4;ITC46;
Pontida;G864;3;16;16;171;16171;Nord-ovest;Lombardia;Bergamo;1;16171;16171;16171;ITC;ITC4;ITC46;ITC;ITC4;ITC46;
Pontirolo Nuovo;G867;3;16;16;172;16172;Nord-ovest;Lombardia;Bergamo;1;16172;16172;16172;ITC;ITC4;ITC46;ITC;ITC4;ITC46;
Pradalunga;G968;3;16;16;173;16173;Nord-ovest;Lombardia;Bergamo;1;16173;16173;16173;ITC;ITC4;ITC46;ITC;ITC4;ITC46;
Predore;H020;3;16;16;174;16174;Nord-ovest;Lombardia;Bergamo;1;16174;16174;16174;ITC;ITC4;ITC46;ITC;ITC4;ITC46;
Premolo;H036;3;16;16;175;16175;Nord-ovest;Lombardia;Bergamo;1;16175;16175;16175;ITC;ITC4;ITC46;ITC;ITC4;ITC46;
Presezzo;H046;3;16;16;176;16176;Nord-ovest;Lombardia;Bergamo;1;16176;16176;16176;ITC;ITC4;ITC46;ITC;ITC4;ITC46;
Pumenengo;H091;3;16;16;177;16177;Nord-ovest;Lombardia;Bergamo;1;16177;16177;16177;ITC;ITC4;ITC46;ITC;ITC4;ITC46;
Ranica;H176;3;16;16;178;16178;Nord-ovest;Lombardia;Bergamo;1;16178;16178;16178;ITC;ITC4;ITC46;ITC;ITC4;ITC46;
Ranzanico;H177;3;16;16;179;16179;Nord-ovest;Lombardia;Bergamo;1;16179;16179;16179;ITC;ITC4;ITC46;ITC;ITC4;ITC46;
Riva di Solto;H331;3;16;16;180;16180;Nord-ovest;Lombardia;Bergamo;1;16180;16180;16180;ITC;ITC4;ITC46;ITC;ITC4;ITC46;
Rogno;H492;3;16;16;182;16182;Nord-ovest;Lombardia;Bergamo;1;16182;16182;16182;ITC;ITC4;ITC46;ITC;ITC4;ITC46;
Romano di Lombardia;H509;3;16;16;183;16183;Nord-ovest;Lombardia;Bergamo;1;16183;16183;16183;ITC;ITC4;ITC46;ITC;ITC4;ITC46;
Roncobello;H535;3;16;16;184;16184;Nord-ovest;Lombardia;Bergamo;1;16184;16184;16184;ITC;ITC4;ITC46;ITC;ITC4;ITC46;
Roncola;H544;3;16;16;185;16185;Nord-ovest;Lombardia;Bergamo;1;16185;16185;16185;ITC;ITC4;ITC46;ITC;ITC4;ITC46;
Rota d'Imagna;H584;3;16;16;186;16186;Nord-ovest;Lombardia;Bergamo;1;16186;16186;16186;ITC;ITC4;ITC46;ITC;ITC4;ITC46;
Rovetta;H615;3;16;16;187;16187;Nord-ovest;Lombardia;Bergamo;1;16187;16187;16187;ITC;ITC4;ITC46;ITC;ITC4;ITC46;
San Giovanni Bianco;H910;3;16;16;188;16188;Nord-ovest;Lombardia;Bergamo;1;16188;16188;16188;ITC;ITC4;ITC46;ITC;ITC4;ITC46;
San Paolo d'Argon;B310;3;16;16;189;16189;Nord-ovest;Lombardia;Bergamo;1;16189;16189;16189;ITC;ITC4;ITC46;ITC;ITC4;ITC46;
San Pellegrino Terme;I079;3;16;16;190;16190;Nord-ovest;Lombardia;Bergamo;1;16190;16190;16190;ITC;ITC4;ITC46;ITC;ITC4;ITC46;
Santa Brigida;I168;3;16;16;191;16191;Nord-ovest;Lombardia;Bergamo;1;16191;16191;16191;ITC;ITC4;ITC46;ITC;ITC4;ITC46;
Sarnico;I437;3;16;16;193;16193;Nord-ovest;Lombardia;Bergamo;1;16193;16193;16193;ITC;ITC4;ITC46;ITC;ITC4;ITC46;
Scanzorosciate;I506;3;16;16;194;16194;Nord-ovest;Lombardia;Bergamo;1;16194;16194;16194;ITC;ITC4;ITC46;ITC;ITC4;ITC46;
Schilpario;I530;3;16;16;195;16195;Nord-ovest;Lombardia;Bergamo;1;16195;16195;16195;ITC;ITC4;ITC46;ITC;ITC4;ITC46;
Sedrina;I567;3;16;16;196;16196;Nord-ovest;Lombardia;Bergamo;1;16196;16196;16196;ITC;ITC4;ITC46;ITC;ITC4;ITC46;
Selvino;I597;3;16;16;197;16197;Nord-ovest;Lombardia;Bergamo;1;16197;16197;16197;ITC;ITC4;ITC46;ITC;ITC4;ITC46;
Seriate;I628;3;16;16;198;16198;Nord-ovest;Lombardia;Bergamo;1;16198;16198;16198;ITC;ITC4;ITC46;ITC;ITC4;ITC46;
Serina;I629;3;16;16;199;16199;Nord-ovest;Lombardia;Bergamo;1;16199;16199;16199;ITC;ITC4;ITC46;ITC;ITC4;ITC46;
Solto Collina;I812;3;16;16;200;16200;Nord-ovest;Lombardia;Bergamo;1;16200;16200;16200;ITC;ITC4;ITC46;ITC;ITC4;ITC46;
Songavazzo;I830;3;16;16;201;16201;Nord-ovest;Lombardia;Bergamo;1;16201;16201;16201;ITC;ITC4;ITC46;ITC;ITC4;ITC46;
Sorisole;I858;3;16;16;202;16202;Nord-ovest;Lombardia;Bergamo;1;16202;16202;16202;ITC;ITC4;ITC46;ITC;ITC4;ITC46;
Sotto il Monte Giovanni XXIII;I869;3;16;16;203;16203;Nord-ovest;Lombardia;Bergamo;1;16203;16203;16203;ITC;ITC4;ITC46;ITC;ITC4;ITC46;
Sovere;I873;3;16;16;204;16204;Nord-ovest;Lombardia;Bergamo;1;16204;16204;16204;ITC;ITC4;ITC46;ITC;ITC4;ITC46;
Spinone al Lago;I916;3;16;16;205;16205;Nord-ovest;Lombardia;Bergamo;1;16205;16205;16205;ITC;ITC4;ITC46;ITC;ITC4;ITC46;
Spirano;I919;3;16;16;206;16206;Nord-ovest;Lombardia;Bergamo;1;16206;16206;16206;ITC;ITC4;ITC46;ITC;ITC4;ITC46;
Stezzano;I951;3;16;16;207;16207;Nord-ovest;Lombardia;Bergamo;1;16207;16207;16207;ITC;ITC4;ITC46;ITC;ITC4;ITC46;
Strozza;I986;3;16;16;208;16208;Nord-ovest;Lombardia;Bergamo;1;16208;16208;16208;ITC;ITC4;ITC46;ITC;ITC4;ITC46;
Suisio;I997;3;16;16;209;16209;Nord-ovest;Lombardia;Bergamo;1;16209;16209;16209;ITC;ITC4;ITC46;ITC;ITC4;ITC46;
Taleggio;L037;3;16;16;210;16210;Nord-ovest;Lombardia;Bergamo;1;16210;16210;16210;ITC;ITC4;ITC46;ITC;ITC4;ITC46;
Tavernola Bergamasca;L073;3;16;16;211;16211;Nord-ovest;Lombardia;Bergamo;1;16211;16211;16211;ITC;ITC4;ITC46;ITC;ITC4;ITC46;
Telgate;L087;3;16;16;212;16212;Nord-ovest;Lombardia;Bergamo;1;16212;16212;16212;ITC;ITC4;ITC46;ITC;ITC4;ITC46;
Terno d'Isola;L118;3;16;16;213;16213;Nord-ovest;Lombardia;Bergamo;1;16213;16213;16213;ITC;ITC4;ITC46;ITC;ITC4;ITC46;
Torre Boldone;L251;3;16;16;214;16214;Nord-ovest;Lombardia;Bergamo;1;16214;16214;16214;ITC;ITC4;ITC46;ITC;ITC4;ITC46;
Torre de' Busi;L257;3;16;16;215;16215;Nord-ovest;Lombardia;Bergamo;1;97080;97080;97080;ITC;ITC4;ITC46;ITC;ITC4;ITC46;
Torre de' Roveri;L265;3;16;16;216;16216;Nord-ovest;Lombardia;Bergamo;1;16216;16216;16216;ITC;ITC4;ITC46;ITC;ITC4;ITC46;
Torre Pallavicina;L276;3;16;16;217;16217;Nord-ovest;Lombardia;Bergamo;1;16217;16217;16217;ITC;ITC4;ITC46;ITC;ITC4;ITC46;
Trescore Balneario;L388;3;16;16;218;16218;Nord-ovest;Lombardia;Bergamo;1;16218;16218;16218;ITC;ITC4;ITC46;ITC;ITC4;ITC46;
Treviglio;L400;3;16;16;219;16219;Nord-ovest;Lombardia;Bergamo;1;16219;16219;16219;ITC;ITC4;ITC46;ITC;ITC4;ITC46;
Treviolo;L404;3;16;16;220;16220;Nord-ovest;Lombardia;Bergamo;1;16220;16220;16220;ITC;ITC4;ITC46;ITC;ITC4;ITC46;
Ubiale Clanezzo;C789;3;16;16;221;16221;Nord-ovest;Lombardia;Bergamo;1;16221;16221;16221;ITC;ITC4;ITC46;ITC;ITC4;ITC46;
Urgnano;L502;3;16;16;222;16222;Nord-ovest;Lombardia;Bergamo;1;16222;16222;16222;ITC;ITC4;ITC46;ITC;ITC4;ITC46;
Valbondione;L544;3;16;16;223;16223;Nord-ovest;Lombardia;Bergamo;1;16223;16223;16223;ITC;ITC4;ITC46;ITC;ITC4;ITC46;
Valbrembo;L545;3;16;16;224;16224;Nord-ovest;Lombardia;Bergamo;1;16224;16224;16224;ITC;ITC4;ITC46;ITC;ITC4;ITC46;
Valgoglio;L579;3;16;16;225;16225;Nord-ovest;Lombardia;Bergamo;1;16225;16225;16225;ITC;ITC4;ITC46;ITC;ITC4;ITC46;
Valleve;L623;3;16;16;226;16226;Nord-ovest;Lombardia;Bergamo;1;16226;16226;16226;ITC;ITC4;ITC46;ITC;ITC4;ITC46;
Valnegra;L642;3;16;16;227;16227;Nord-ovest;Lombardia;Bergamo;1;16227;16227;16227;ITC;ITC4;ITC46;ITC;ITC4;ITC46;
Valtorta;L655;3;16;16;229;16229;Nord-ovest;Lombardia;Bergamo;1;16229;16229;16229;ITC;ITC4;ITC46;ITC;ITC4;ITC46;
Vedeseta;L707;3;16;16;230;16230;Nord-ovest;Lombardia;Bergamo;1;16230;16230;16230;ITC;ITC4;ITC46;ITC;ITC4;ITC46;
Verdellino;L752;3;16;16;232;16232;Nord-ovest;Lombardia;Bergamo;1;16232;16232;16232;ITC;ITC4;ITC46;ITC;ITC4;ITC46;
Verdello;L753;3;16;16;233;16233;Nord-ovest;Lombardia;Bergamo;1;16233;16233;16233;ITC;ITC4;ITC46;ITC;ITC4;ITC46;
Vertova;L795;3;16;16;234;16234;Nord-ovest;Lombardia;Bergamo;1;16234;16234;16234;ITC;ITC4;ITC46;ITC;ITC4;ITC46;
Viadanica;L827;3;16;16;235;16235;Nord-ovest;Lombardia;Bergamo;1;16235;16235;16235;ITC;ITC4;ITC46;ITC;ITC4;ITC46;
Vigano San Martino;L865;3;16;16;236;16236;Nord-ovest;Lombardia;Bergamo;1;16236;16236;16236;ITC;ITC4;ITC46;ITC;ITC4;ITC46;
Vigolo;L894;3;16;16;237;16237;Nord-ovest;Lombardia;Bergamo;1;16237;16237;16237;ITC;ITC4;ITC46;ITC;ITC4;ITC46;
Villa d'Adda;L929;3;16;16;238;16238;Nord-ovest;Lombardia;Bergamo;1;16238;16238;16238;ITC;ITC4;ITC46;ITC;ITC4;ITC46;
Villa d'AlmË;A215;3;16;16;239;16239;Nord-ovest;Lombardia;Bergamo;1;16239;16239;16239;ITC;ITC4;ITC46;ITC;ITC4;ITC46;
Villa di Serio;L936;3;16;16;240;16240;Nord-ovest;Lombardia;Bergamo;1;16240;16240;16240;ITC;ITC4;ITC46;ITC;ITC4;ITC46;
Villa d'Ogna;L938;3;16;16;241;16241;Nord-ovest;Lombardia;Bergamo;1;16241;16241;16241;ITC;ITC4;ITC46;ITC;ITC4;ITC46;
Villongo;M045;3;16;16;242;16242;Nord-ovest;Lombardia;Bergamo;1;16242;16242;16242;ITC;ITC4;ITC46;ITC;ITC4;ITC46;
Vilminore di Scalve;M050;3;16;16;243;16243;Nord-ovest;Lombardia;Bergamo;1;16243;16243;16243;ITC;ITC4;ITC46;ITC;ITC4;ITC46;
Zandobbio;M144;3;16;16;244;16244;Nord-ovest;Lombardia;Bergamo;1;16244;16244;16244;ITC;ITC4;ITC46;ITC;ITC4;ITC46;
Zanica;M147;3;16;16;245;16245;Nord-ovest;Lombardia;Bergamo;1;16245;16245;16245;ITC;ITC4;ITC46;ITC;ITC4;ITC46;
Zogno;M184;3;16;16;246;16246;Nord-ovest;Lombardia;Bergamo;1;16246;16246;16246;ITC;ITC4;ITC46;ITC;ITC4;ITC46;
Costa Serina;D111;3;16;16;247;16247;Nord-ovest;Lombardia;Bergamo;1;16247;16247;16247;ITC;ITC4;ITC46;ITC;ITC4;ITC46;
Algua;A193;3;16;16;248;16248;Nord-ovest;Lombardia;Bergamo;1;16248;16248;16248;ITC;ITC4;ITC46;ITC;ITC4;ITC46;
Cornalba;D016;3;16;16;249;16249;Nord-ovest;Lombardia;Bergamo;1;16249;16249;16249;ITC;ITC4;ITC46;ITC;ITC4;ITC46;
Medolago;F085;3;16;16;250;16250;Nord-ovest;Lombardia;Bergamo;1;16250;16250;16250;ITC;ITC4;ITC46;ITC;ITC4;ITC46;
Solza;I813;3;16;16;251;16251;Nord-ovest;Lombardia;Bergamo;1;16251;16251;16251;ITC;ITC4;ITC46;ITC;ITC4;ITC46;
Sant'Omobono Terme;M333;3;16;16;252;16252;Nord-ovest;Lombardia;Bergamo;1;16252;16252;16252;ITC;ITC4;ITC46;ITC;ITC4;ITC46;
Val Brembilla;M334;3;16;16;253;16253;Nord-ovest;Lombardia;Bergamo;1;16253;16253;16253;ITC;ITC4;ITC46;ITC;ITC4;ITC46;
Acquafredda;A034;3;17;17;1;17001;Nord-ovest;Lombardia;Brescia;1;17001;17001;17001;ITC;ITC4;ITC47;ITC;ITC4;ITC47;
Adro;A060;3;17;17;2;17002;Nord-ovest;Lombardia;Brescia;1;17002;17002;17002;ITC;ITC4;ITC47;ITC;ITC4;ITC47;
Agnosine;A082;3;17;17;3;17003;Nord-ovest;Lombardia;Brescia;1;17003;17003;17003;ITC;ITC4;ITC47;ITC;ITC4;ITC47;
Alfianello;A188;3;17;17;4;17004;Nord-ovest;Lombardia;Brescia;1;17004;17004;17004;ITC;ITC4;ITC47;ITC;ITC4;ITC47;
Anfo;A288;3;17;17;5;17005;Nord-ovest;Lombardia;Brescia;1;17005;17005;17005;ITC;ITC4;ITC47;ITC;ITC4;ITC47;
Angolo Terme;A293;3;17;17;6;17006;Nord-ovest;Lombardia;Brescia;1;17006;17006;17006;ITC;ITC4;ITC47;ITC;ITC4;ITC47;
Artogne;A451;3;17;17;7;17007;Nord-ovest;Lombardia;Brescia;1;17007;17007;17007;ITC;ITC4;ITC47;ITC;ITC4;ITC47;
Azzano Mella;A529;3;17;17;8;17008;Nord-ovest;Lombardia;Brescia;1;17008;17008;17008;ITC;ITC4;ITC47;ITC;ITC4;ITC47;
Bagnolo Mella;A569;3;17;17;9;17009;Nord-ovest;Lombardia;Brescia;1;17009;17009;17009;ITC;ITC4;ITC47;ITC;ITC4;ITC47;
Bagolino;A578;3;17;17;10;17010;Nord-ovest;Lombardia;Brescia;1;17010;17010;17010;ITC;ITC4;ITC47;ITC;ITC4;ITC47;
Barbariga;A630;3;17;17;11;17011;Nord-ovest;Lombardia;Brescia;1;17011;17011;17011;ITC;ITC4;ITC47;ITC;ITC4;ITC47;
Barghe;A661;3;17;17;12;17012;Nord-ovest;Lombardia;Brescia;1;17012;17012;17012;ITC;ITC4;ITC47;ITC;ITC4;ITC47;
Bassano Bresciano;A702;3;17;17;13;17013;Nord-ovest;Lombardia;Brescia;1;17013;17013;17013;ITC;ITC4;ITC47;ITC;ITC4;ITC47;
Bedizzole;A729;3;17;17;14;17014;Nord-ovest;Lombardia;Brescia;1;17014;17014;17014;ITC;ITC4;ITC47;ITC;ITC4;ITC47;
Berlingo;A799;3;17;17;15;17015;Nord-ovest;Lombardia;Brescia;1;17015;17015;17015;ITC;ITC4;ITC47;ITC;ITC4;ITC47;
Berzo Demo;A816;3;17;17;16;17016;Nord-ovest;Lombardia;Brescia;1;17016;17016;17016;ITC;ITC4;ITC47;ITC;ITC4;ITC47;
Berzo Inferiore;A817;3;17;17;17;17017;Nord-ovest;Lombardia;Brescia;1;17017;17017;17017;ITC;ITC4;ITC47;ITC;ITC4;ITC47;
Bienno;A861;3;17;17;18;17018;Nord-ovest;Lombardia;Brescia;1;17018;17018;17018;ITC;ITC4;ITC47;ITC;ITC4;ITC47;
Bione;A878;3;17;17;19;17019;Nord-ovest;Lombardia;Brescia;1;17019;17019;17019;ITC;ITC4;ITC47;ITC;ITC4;ITC47;
Borgo San Giacomo;B035;3;17;17;20;17020;Nord-ovest;Lombardia;Brescia;1;17020;17020;17020;ITC;ITC4;ITC47;ITC;ITC4;ITC47;
Borgosatollo;B040;3;17;17;21;17021;Nord-ovest;Lombardia;Brescia;1;17021;17021;17021;ITC;ITC4;ITC47;ITC;ITC4;ITC47;
Borno;B054;3;17;17;22;17022;Nord-ovest;Lombardia;Brescia;1;17022;17022;17022;ITC;ITC4;ITC47;ITC;ITC4;ITC47;
Botticino;B091;3;17;17;23;17023;Nord-ovest;Lombardia;Brescia;1;17023;17023;17023;ITC;ITC4;ITC47;ITC;ITC4;ITC47;
Bovegno;B100;3;17;17;24;17024;Nord-ovest;Lombardia;Brescia;1;17024;17024;17024;ITC;ITC4;ITC47;ITC;ITC4;ITC47;
Bovezzo;B102;3;17;17;25;17025;Nord-ovest;Lombardia;Brescia;1;17025;17025;17025;ITC;ITC4;ITC47;ITC;ITC4;ITC47;
Brandico;B120;3;17;17;26;17026;Nord-ovest;Lombardia;Brescia;1;17026;17026;17026;ITC;ITC4;ITC47;ITC;ITC4;ITC47;
Braone;B124;3;17;17;27;17027;Nord-ovest;Lombardia;Brescia;1;17027;17027;17027;ITC;ITC4;ITC47;ITC;ITC4;ITC47;
Breno;B149;3;17;17;28;17028;Nord-ovest;Lombardia;Brescia;1;17028;17028;17028;ITC;ITC4;ITC47;ITC;ITC4;ITC47;
Brescia;B157;3;17;17;29;17029;Nord-ovest;Lombardia;Brescia;1;17029;17029;17029;ITC;ITC4;ITC47;ITC;ITC4;ITC47;
Brione;B184;3;17;17;30;17030;Nord-ovest;Lombardia;Brescia;1;17030;17030;17030;ITC;ITC4;ITC47;ITC;ITC4;ITC47;
Caino;B365;3;17;17;31;17031;Nord-ovest;Lombardia;Brescia;1;17031;17031;17031;ITC;ITC4;ITC47;ITC;ITC4;ITC47;
Calcinato;B394;3;17;17;32;17032;Nord-ovest;Lombardia;Brescia;1;17032;17032;17032;ITC;ITC4;ITC47;ITC;ITC4;ITC47;
Calvagese della Riviera;B436;3;17;17;33;17033;Nord-ovest;Lombardia;Brescia;1;17033;17033;17033;ITC;ITC4;ITC47;ITC;ITC4;ITC47;
Calvisano;B450;3;17;17;34;17034;Nord-ovest;Lombardia;Brescia;1;17034;17034;17034;ITC;ITC4;ITC47;ITC;ITC4;ITC47;
Capo di Ponte;B664;3;17;17;35;17035;Nord-ovest;Lombardia;Brescia;1;17035;17035;17035;ITC;ITC4;ITC47;ITC;ITC4;ITC47;
Capovalle;B676;3;17;17;36;17036;Nord-ovest;Lombardia;Brescia;1;17036;17036;17036;ITC;ITC4;ITC47;ITC;ITC4;ITC47;
Capriano del Colle;B698;3;17;17;37;17037;Nord-ovest;Lombardia;Brescia;1;17037;17037;17037;ITC;ITC4;ITC47;ITC;ITC4;ITC47;
Capriolo;B711;3;17;17;38;17038;Nord-ovest;Lombardia;Brescia;1;17038;17038;17038;ITC;ITC4;ITC47;ITC;ITC4;ITC47;
Carpenedolo;B817;3;17;17;39;17039;Nord-ovest;Lombardia;Brescia;1;17039;17039;17039;ITC;ITC4;ITC47;ITC;ITC4;ITC47;
Castegnato;C055;3;17;17;40;17040;Nord-ovest;Lombardia;Brescia;1;17040;17040;17040;ITC;ITC4;ITC47;ITC;ITC4;ITC47;
Castelcovati;C072;3;17;17;41;17041;Nord-ovest;Lombardia;Brescia;1;17041;17041;17041;ITC;ITC4;ITC47;ITC;ITC4;ITC47;
Castel Mella;C208;3;17;17;42;17042;Nord-ovest;Lombardia;Brescia;1;17042;17042;17042;ITC;ITC4;ITC47;ITC;ITC4;ITC47;
Castenedolo;C293;3;17;17;43;17043;Nord-ovest;Lombardia;Brescia;1;17043;17043;17043;ITC;ITC4;ITC47;ITC;ITC4;ITC47;
Casto;C330;3;17;17;44;17044;Nord-ovest;Lombardia;Brescia;1;17044;17044;17044;ITC;ITC4;ITC47;ITC;ITC4;ITC47;
Castrezzato;C332;3;17;17;45;17045;Nord-ovest;Lombardia;Brescia;1;17045;17045;17045;ITC;ITC4;ITC47;ITC;ITC4;ITC47;
Cazzago San Martino;C408;3;17;17;46;17046;Nord-ovest;Lombardia;Brescia;1;17046;17046;17046;ITC;ITC4;ITC47;ITC;ITC4;ITC47;
Cedegolo;C417;3;17;17;47;17047;Nord-ovest;Lombardia;Brescia;1;17047;17047;17047;ITC;ITC4;ITC47;ITC;ITC4;ITC47;
Cellatica;C439;3;17;17;48;17048;Nord-ovest;Lombardia;Brescia;1;17048;17048;17048;ITC;ITC4;ITC47;ITC;ITC4;ITC47;
Cerveno;C549;3;17;17;49;17049;Nord-ovest;Lombardia;Brescia;1;17049;17049;17049;ITC;ITC4;ITC47;ITC;ITC4;ITC47;
Ceto;C585;3;17;17;50;17050;Nord-ovest;Lombardia;Brescia;1;17050;17050;17050;ITC;ITC4;ITC47;ITC;ITC4;ITC47;
Cevo;C591;3;17;17;51;17051;Nord-ovest;Lombardia;Brescia;1;17051;17051;17051;ITC;ITC4;ITC47;ITC;ITC4;ITC47;
Chiari;C618;3;17;17;52;17052;Nord-ovest;Lombardia;Brescia;1;17052;17052;17052;ITC;ITC4;ITC47;ITC;ITC4;ITC47;
Cigole;C685;3;17;17;53;17053;Nord-ovest;Lombardia;Brescia;1;17053;17053;17053;ITC;ITC4;ITC47;ITC;ITC4;ITC47;
Cimbergo;C691;3;17;17;54;17054;Nord-ovest;Lombardia;Brescia;1;17054;17054;17054;ITC;ITC4;ITC47;ITC;ITC4;ITC47;
Cividate Camuno;C760;3;17;17;55;17055;Nord-ovest;Lombardia;Brescia;1;17055;17055;17055;ITC;ITC4;ITC47;ITC;ITC4;ITC47;
Coccaglio;C806;3;17;17;56;17056;Nord-ovest;Lombardia;Brescia;1;17056;17056;17056;ITC;ITC4;ITC47;ITC;ITC4;ITC47;
Collebeato;C850;3;17;17;57;17057;Nord-ovest;Lombardia;Brescia;1;17057;17057;17057;ITC;ITC4;ITC47;ITC;ITC4;ITC47;
Collio;C883;3;17;17;58;17058;Nord-ovest;Lombardia;Brescia;1;17058;17058;17058;ITC;ITC4;ITC47;ITC;ITC4;ITC47;
Cologne;C893;3;17;17;59;17059;Nord-ovest;Lombardia;Brescia;1;17059;17059;17059;ITC;ITC4;ITC47;ITC;ITC4;ITC47;
Comezzano-Cizzago;C925;3;17;17;60;17060;Nord-ovest;Lombardia;Brescia;1;17060;17060;17060;ITC;ITC4;ITC47;ITC;ITC4;ITC47;
Concesio;C948;3;17;17;61;17061;Nord-ovest;Lombardia;Brescia;1;17061;17061;17061;ITC;ITC4;ITC47;ITC;ITC4;ITC47;
Corte Franca;D058;3;17;17;62;17062;Nord-ovest;Lombardia;Brescia;1;17062;17062;17062;ITC;ITC4;ITC47;ITC;ITC4;ITC47;
Corteno Golgi;D064;3;17;17;63;17063;Nord-ovest;Lombardia;Brescia;1;17063;17063;17063;ITC;ITC4;ITC47;ITC;ITC4;ITC47;
Corzano;D082;3;17;17;64;17064;Nord-ovest;Lombardia;Brescia;1;17064;17064;17064;ITC;ITC4;ITC47;ITC;ITC4;ITC47;
Darfo Boario Terme;D251;3;17;17;65;17065;Nord-ovest;Lombardia;Brescia;1;17065;17065;17065;ITC;ITC4;ITC47;ITC;ITC4;ITC47;
Dello;D270;3;17;17;66;17066;Nord-ovest;Lombardia;Brescia;1;17066;17066;17066;ITC;ITC4;ITC47;ITC;ITC4;ITC47;
Desenzano del Garda;D284;3;17;17;67;17067;Nord-ovest;Lombardia;Brescia;1;17067;17067;17067;ITC;ITC4;ITC47;ITC;ITC4;ITC47;
Edolo;D391;3;17;17;68;17068;Nord-ovest;Lombardia;Brescia;1;17068;17068;17068;ITC;ITC4;ITC47;ITC;ITC4;ITC47;
Erbusco;D421;3;17;17;69;17069;Nord-ovest;Lombardia;Brescia;1;17069;17069;17069;ITC;ITC4;ITC47;ITC;ITC4;ITC47;
Esine;D434;3;17;17;70;17070;Nord-ovest;Lombardia;Brescia;1;17070;17070;17070;ITC;ITC4;ITC47;ITC;ITC4;ITC47;
Fiesse;D576;3;17;17;71;17071;Nord-ovest;Lombardia;Brescia;1;17071;17071;17071;ITC;ITC4;ITC47;ITC;ITC4;ITC47;
Flero;D634;3;17;17;72;17072;Nord-ovest;Lombardia;Brescia;1;17072;17072;17072;ITC;ITC4;ITC47;ITC;ITC4;ITC47;
Gambara;D891;3;17;17;73;17073;Nord-ovest;Lombardia;Brescia;1;17073;17073;17073;ITC;ITC4;ITC47;ITC;ITC4;ITC47;
Gardone Riviera;D917;3;17;17;74;17074;Nord-ovest;Lombardia;Brescia;1;17074;17074;17074;ITC;ITC4;ITC47;ITC;ITC4;ITC47;
Gardone Val Trompia;D918;3;17;17;75;17075;Nord-ovest;Lombardia;Brescia;1;17075;17075;17075;ITC;ITC4;ITC47;ITC;ITC4;ITC47;
Gargnano;D924;3;17;17;76;17076;Nord-ovest;Lombardia;Brescia;1;17076;17076;17076;ITC;ITC4;ITC47;ITC;ITC4;ITC47;
Gavardo;D940;3;17;17;77;17077;Nord-ovest;Lombardia;Brescia;1;17077;17077;17077;ITC;ITC4;ITC47;ITC;ITC4;ITC47;
Ghedi;D999;3;17;17;78;17078;Nord-ovest;Lombardia;Brescia;1;17078;17078;17078;ITC;ITC4;ITC47;ITC;ITC4;ITC47;
Gianico;E010;3;17;17;79;17079;Nord-ovest;Lombardia;Brescia;1;17079;17079;17079;ITC;ITC4;ITC47;ITC;ITC4;ITC47;
Gottolengo;E116;3;17;17;80;17080;Nord-ovest;Lombardia;Brescia;1;17080;17080;17080;ITC;ITC4;ITC47;ITC;ITC4;ITC47;
Gussago;E271;3;17;17;81;17081;Nord-ovest;Lombardia;Brescia;1;17081;17081;17081;ITC;ITC4;ITC47;ITC;ITC4;ITC47;
Idro;E280;3;17;17;82;17082;Nord-ovest;Lombardia;Brescia;1;17082;17082;17082;ITC;ITC4;ITC47;ITC;ITC4;ITC47;
Incudine;E297;3;17;17;83;17083;Nord-ovest;Lombardia;Brescia;1;17083;17083;17083;ITC;ITC4;ITC47;ITC;ITC4;ITC47;
Irma;E325;3;17;17;84;17084;Nord-ovest;Lombardia;Brescia;1;17084;17084;17084;ITC;ITC4;ITC47;ITC;ITC4;ITC47;
Iseo;E333;3;17;17;85;17085;Nord-ovest;Lombardia;Brescia;1;17085;17085;17085;ITC;ITC4;ITC47;ITC;ITC4;ITC47;
Isorella;E364;3;17;17;86;17086;Nord-ovest;Lombardia;Brescia;1;17086;17086;17086;ITC;ITC4;ITC47;ITC;ITC4;ITC47;
Lavenone;E497;3;17;17;87;17087;Nord-ovest;Lombardia;Brescia;1;17087;17087;17087;ITC;ITC4;ITC47;ITC;ITC4;ITC47;
Leno;E526;3;17;17;88;17088;Nord-ovest;Lombardia;Brescia;1;17088;17088;17088;ITC;ITC4;ITC47;ITC;ITC4;ITC47;
Limone sul Garda;E596;3;17;17;89;17089;Nord-ovest;Lombardia;Brescia;1;17089;17089;17089;ITC;ITC4;ITC47;ITC;ITC4;ITC47;
Lodrino;E652;3;17;17;90;17090;Nord-ovest;Lombardia;Brescia;1;17090;17090;17090;ITC;ITC4;ITC47;ITC;ITC4;ITC47;
Lograto;E654;3;17;17;91;17091;Nord-ovest;Lombardia;Brescia;1;17091;17091;17091;ITC;ITC4;ITC47;ITC;ITC4;ITC47;
Lonato del Garda;M312;3;17;17;92;17092;Nord-ovest;Lombardia;Brescia;1;17092;17092;17092;ITC;ITC4;ITC47;ITC;ITC4;ITC47;
Longhena;E673;3;17;17;93;17093;Nord-ovest;Lombardia;Brescia;1;17093;17093;17093;ITC;ITC4;ITC47;ITC;ITC4;ITC47;
Losine;E698;3;17;17;94;17094;Nord-ovest;Lombardia;Brescia;1;17094;17094;17094;ITC;ITC4;ITC47;ITC;ITC4;ITC47;
Lozio;E706;3;17;17;95;17095;Nord-ovest;Lombardia;Brescia;1;17095;17095;17095;ITC;ITC4;ITC47;ITC;ITC4;ITC47;
Lumezzane;E738;3;17;17;96;17096;Nord-ovest;Lombardia;Brescia;1;17096;17096;17096;ITC;ITC4;ITC47;ITC;ITC4;ITC47;
Maclodio;E787;3;17;17;97;17097;Nord-ovest;Lombardia;Brescia;1;17097;17097;17097;ITC;ITC4;ITC47;ITC;ITC4;ITC47;
Magasa;E800;3;17;17;98;17098;Nord-ovest;Lombardia;Brescia;1;17098;17098;17098;ITC;ITC4;ITC47;ITC;ITC4;ITC47;
Mairano;E841;3;17;17;99;17099;Nord-ovest;Lombardia;Brescia;1;17099;17099;17099;ITC;ITC4;ITC47;ITC;ITC4;ITC47;
Malegno;E851;3;17;17;100;17100;Nord-ovest;Lombardia;Brescia;1;17100;17100;17100;ITC;ITC4;ITC47;ITC;ITC4;ITC47;
Malonno;E865;3;17;17;101;17101;Nord-ovest;Lombardia;Brescia;1;17101;17101;17101;ITC;ITC4;ITC47;ITC;ITC4;ITC47;
Manerba del Garda;E883;3;17;17;102;17102;Nord-ovest;Lombardia;Brescia;1;17102;17102;17102;ITC;ITC4;ITC47;ITC;ITC4;ITC47;
Manerbio;E884;3;17;17;103;17103;Nord-ovest;Lombardia;Brescia;1;17103;17103;17103;ITC;ITC4;ITC47;ITC;ITC4;ITC47;
Marcheno;E928;3;17;17;104;17104;Nord-ovest;Lombardia;Brescia;1;17104;17104;17104;ITC;ITC4;ITC47;ITC;ITC4;ITC47;
Marmentino;E961;3;17;17;105;17105;Nord-ovest;Lombardia;Brescia;1;17105;17105;17105;ITC;ITC4;ITC47;ITC;ITC4;ITC47;
Marone;E967;3;17;17;106;17106;Nord-ovest;Lombardia;Brescia;1;17106;17106;17106;ITC;ITC4;ITC47;ITC;ITC4;ITC47;
Mazzano;F063;3;17;17;107;17107;Nord-ovest;Lombardia;Brescia;1;17107;17107;17107;ITC;ITC4;ITC47;ITC;ITC4;ITC47;
Milzano;F216;3;17;17;108;17108;Nord-ovest;Lombardia;Brescia;1;17108;17108;17108;ITC;ITC4;ITC47;ITC;ITC4;ITC47;
Moniga del Garda;F373;3;17;17;109;17109;Nord-ovest;Lombardia;Brescia;1;17109;17109;17109;ITC;ITC4;ITC47;ITC;ITC4;ITC47;
Monno;F375;3;17;17;110;17110;Nord-ovest;Lombardia;Brescia;1;17110;17110;17110;ITC;ITC4;ITC47;ITC;ITC4;ITC47;
Monte Isola;F532;3;17;17;111;17111;Nord-ovest;Lombardia;Brescia;1;17111;17111;17111;ITC;ITC4;ITC47;ITC;ITC4;ITC47;
Monticelli Brusati;F672;3;17;17;112;17112;Nord-ovest;Lombardia;Brescia;1;17112;17112;17112;ITC;ITC4;ITC47;ITC;ITC4;ITC47;
Montichiari;F471;3;17;17;113;17113;Nord-ovest;Lombardia;Brescia;1;17113;17113;17113;ITC;ITC4;ITC47;ITC;ITC4;ITC47;
Montirone;F680;3;17;17;114;17114;Nord-ovest;Lombardia;Brescia;1;17114;17114;17114;ITC;ITC4;ITC47;ITC;ITC4;ITC47;
Mura;F806;3;17;17;115;17115;Nord-ovest;Lombardia;Brescia;1;17115;17115;17115;ITC;ITC4;ITC47;ITC;ITC4;ITC47;
Muscoline;F820;3;17;17;116;17116;Nord-ovest;Lombardia;Brescia;1;17116;17116;17116;ITC;ITC4;ITC47;ITC;ITC4;ITC47;
Nave;F851;3;17;17;117;17117;Nord-ovest;Lombardia;Brescia;1;17117;17117;17117;ITC;ITC4;ITC47;ITC;ITC4;ITC47;
Niardo;F884;3;17;17;118;17118;Nord-ovest;Lombardia;Brescia;1;17118;17118;17118;ITC;ITC4;ITC47;ITC;ITC4;ITC47;
Nuvolento;F989;3;17;17;119;17119;Nord-ovest;Lombardia;Brescia;1;17119;17119;17119;ITC;ITC4;ITC47;ITC;ITC4;ITC47;
Nuvolera;F990;3;17;17;120;17120;Nord-ovest;Lombardia;Brescia;1;17120;17120;17120;ITC;ITC4;ITC47;ITC;ITC4;ITC47;
Odolo;G001;3;17;17;121;17121;Nord-ovest;Lombardia;Brescia;1;17121;17121;17121;ITC;ITC4;ITC47;ITC;ITC4;ITC47;
Offlaga;G006;3;17;17;122;17122;Nord-ovest;Lombardia;Brescia;1;17122;17122;17122;ITC;ITC4;ITC47;ITC;ITC4;ITC47;
Ome;G061;3;17;17;123;17123;Nord-ovest;Lombardia;Brescia;1;17123;17123;17123;ITC;ITC4;ITC47;ITC;ITC4;ITC47;
Ono San Pietro;G074;3;17;17;124;17124;Nord-ovest;Lombardia;Brescia;1;17124;17124;17124;ITC;ITC4;ITC47;ITC;ITC4;ITC47;
Orzinuovi;G149;3;17;17;125;17125;Nord-ovest;Lombardia;Brescia;1;17125;17125;17125;ITC;ITC4;ITC47;ITC;ITC4;ITC47;
Orzivecchi;G150;3;17;17;126;17126;Nord-ovest;Lombardia;Brescia;1;17126;17126;17126;ITC;ITC4;ITC47;ITC;ITC4;ITC47;
Ospitaletto;G170;3;17;17;127;17127;Nord-ovest;Lombardia;Brescia;1;17127;17127;17127;ITC;ITC4;ITC47;ITC;ITC4;ITC47;
Ossimo;G179;3;17;17;128;17128;Nord-ovest;Lombardia;Brescia;1;17128;17128;17128;ITC;ITC4;ITC47;ITC;ITC4;ITC47;
Padenghe sul Garda;G213;3;17;17;129;17129;Nord-ovest;Lombardia;Brescia;1;17129;17129;17129;ITC;ITC4;ITC47;ITC;ITC4;ITC47;
Paderno Franciacorta;G217;3;17;17;130;17130;Nord-ovest;Lombardia;Brescia;1;17130;17130;17130;ITC;ITC4;ITC47;ITC;ITC4;ITC47;
Paisco Loveno;G247;3;17;17;131;17131;Nord-ovest;Lombardia;Brescia;1;17131;17131;17131;ITC;ITC4;ITC47;ITC;ITC4;ITC47;
Paitone;G248;3;17;17;132;17132;Nord-ovest;Lombardia;Brescia;1;17132;17132;17132;ITC;ITC4;ITC47;ITC;ITC4;ITC47;
Palazzolo sull'Oglio;G264;3;17;17;133;17133;Nord-ovest;Lombardia;Brescia;1;17133;17133;17133;ITC;ITC4;ITC47;ITC;ITC4;ITC47;
Paratico;G327;3;17;17;134;17134;Nord-ovest;Lombardia;Brescia;1;17134;17134;17134;ITC;ITC4;ITC47;ITC;ITC4;ITC47;
Paspardo;G354;3;17;17;135;17135;Nord-ovest;Lombardia;Brescia;1;17135;17135;17135;ITC;ITC4;ITC47;ITC;ITC4;ITC47;
Passirano;G361;3;17;17;136;17136;Nord-ovest;Lombardia;Brescia;1;17136;17136;17136;ITC;ITC4;ITC47;ITC;ITC4;ITC47;
Pavone del Mella;G391;3;17;17;137;17137;Nord-ovest;Lombardia;Brescia;1;17137;17137;17137;ITC;ITC4;ITC47;ITC;ITC4;ITC47;
San Paolo;G407;3;17;17;138;17138;Nord-ovest;Lombardia;Brescia;1;17138;17138;17138;ITC;ITC4;ITC47;ITC;ITC4;ITC47;
Pertica Alta;G474;3;17;17;139;17139;Nord-ovest;Lombardia;Brescia;1;17139;17139;17139;ITC;ITC4;ITC47;ITC;ITC4;ITC47;
Pertica Bassa;G475;3;17;17;140;17140;Nord-ovest;Lombardia;Brescia;1;17140;17140;17140;ITC;ITC4;ITC47;ITC;ITC4;ITC47;
Pezzaze;G529;3;17;17;141;17141;Nord-ovest;Lombardia;Brescia;1;17141;17141;17141;ITC;ITC4;ITC47;ITC;ITC4;ITC47;
Pian Camuno;G546;3;17;17;142;17142;Nord-ovest;Lombardia;Brescia;1;17142;17142;17142;ITC;ITC4;ITC47;ITC;ITC4;ITC47;
Pisogne;G710;3;17;17;143;17143;Nord-ovest;Lombardia;Brescia;1;17143;17143;17143;ITC;ITC4;ITC47;ITC;ITC4;ITC47;
Polaveno;G779;3;17;17;144;17144;Nord-ovest;Lombardia;Brescia;1;17144;17144;17144;ITC;ITC4;ITC47;ITC;ITC4;ITC47;
Polpenazze del Garda;G801;3;17;17;145;17145;Nord-ovest;Lombardia;Brescia;1;17145;17145;17145;ITC;ITC4;ITC47;ITC;ITC4;ITC47;
Pompiano;G815;3;17;17;146;17146;Nord-ovest;Lombardia;Brescia;1;17146;17146;17146;ITC;ITC4;ITC47;ITC;ITC4;ITC47;
Poncarale;G818;3;17;17;147;17147;Nord-ovest;Lombardia;Brescia;1;17147;17147;17147;ITC;ITC4;ITC47;ITC;ITC4;ITC47;
Ponte di Legno;G844;3;17;17;148;17148;Nord-ovest;Lombardia;Brescia;1;17148;17148;17148;ITC;ITC4;ITC47;ITC;ITC4;ITC47;
Pontevico;G859;3;17;17;149;17149;Nord-ovest;Lombardia;Brescia;1;17149;17149;17149;ITC;ITC4;ITC47;ITC;ITC4;ITC47;
Pontoglio;G869;3;17;17;150;17150;Nord-ovest;Lombardia;Brescia;1;17150;17150;17150;ITC;ITC4;ITC47;ITC;ITC4;ITC47;
Pozzolengo;G959;3;17;17;151;17151;Nord-ovest;Lombardia;Brescia;1;17151;17151;17151;ITC;ITC4;ITC47;ITC;ITC4;ITC47;
Pralboino;G977;3;17;17;152;17152;Nord-ovest;Lombardia;Brescia;1;17152;17152;17152;ITC;ITC4;ITC47;ITC;ITC4;ITC47;
Preseglie;H043;3;17;17;153;17153;Nord-ovest;Lombardia;Brescia;1;17153;17153;17153;ITC;ITC4;ITC47;ITC;ITC4;ITC47;
Prevalle;H055;3;17;17;155;17155;Nord-ovest;Lombardia;Brescia;1;17155;17155;17155;ITC;ITC4;ITC47;ITC;ITC4;ITC47;
Provaglio d'Iseo;H078;3;17;17;156;17156;Nord-ovest;Lombardia;Brescia;1;17156;17156;17156;ITC;ITC4;ITC47;ITC;ITC4;ITC47;
Provaglio Val Sabbia;H077;3;17;17;157;17157;Nord-ovest;Lombardia;Brescia;1;17157;17157;17157;ITC;ITC4;ITC47;ITC;ITC4;ITC47;
Puegnago del Garda;H086;3;17;17;158;17158;Nord-ovest;Lombardia;Brescia;1;17158;17158;17158;ITC;ITC4;ITC47;ITC;ITC4;ITC47;
Quinzano d'Oglio;H140;3;17;17;159;17159;Nord-ovest;Lombardia;Brescia;1;17159;17159;17159;ITC;ITC4;ITC47;ITC;ITC4;ITC47;
Remedello;H230;3;17;17;160;17160;Nord-ovest;Lombardia;Brescia;1;17160;17160;17160;ITC;ITC4;ITC47;ITC;ITC4;ITC47;
Rezzato;H256;3;17;17;161;17161;Nord-ovest;Lombardia;Brescia;1;17161;17161;17161;ITC;ITC4;ITC47;ITC;ITC4;ITC47;
Roccafranca;H410;3;17;17;162;17162;Nord-ovest;Lombardia;Brescia;1;17162;17162;17162;ITC;ITC4;ITC47;ITC;ITC4;ITC47;
Rodengo Saiano;H477;3;17;17;163;17163;Nord-ovest;Lombardia;Brescia;1;17163;17163;17163;ITC;ITC4;ITC47;ITC;ITC4;ITC47;
RoË Volciano;H484;3;17;17;164;17164;Nord-ovest;Lombardia;Brescia;1;17164;17164;17164;ITC;ITC4;ITC47;ITC;ITC4;ITC47;
Roncadelle;H525;3;17;17;165;17165;Nord-ovest;Lombardia;Brescia;1;17165;17165;17165;ITC;ITC4;ITC47;ITC;ITC4;ITC47;
Rovato;H598;3;17;17;166;17166;Nord-ovest;Lombardia;Brescia;1;17166;17166;17166;ITC;ITC4;ITC47;ITC;ITC4;ITC47;
Rudiano;H630;3;17;17;167;17167;Nord-ovest;Lombardia;Brescia;1;17167;17167;17167;ITC;ITC4;ITC47;ITC;ITC4;ITC47;
Sabbio Chiese;H650;3;17;17;168;17168;Nord-ovest;Lombardia;Brescia;1;17168;17168;17168;ITC;ITC4;ITC47;ITC;ITC4;ITC47;
Sale Marasino;H699;3;17;17;169;17169;Nord-ovest;Lombardia;Brescia;1;17169;17169;17169;ITC;ITC4;ITC47;ITC;ITC4;ITC47;
SalÚ;H717;3;17;17;170;17170;Nord-ovest;Lombardia;Brescia;1;17170;17170;17170;ITC;ITC4;ITC47;ITC;ITC4;ITC47;
San Felice del Benaco;H838;3;17;17;171;17171;Nord-ovest;Lombardia;Brescia;1;17171;17171;17171;ITC;ITC4;ITC47;ITC;ITC4;ITC47;
San Gervasio Bresciano;H865;3;17;17;172;17172;Nord-ovest;Lombardia;Brescia;1;17172;17172;17172;ITC;ITC4;ITC47;ITC;ITC4;ITC47;
San Zeno Naviglio;I412;3;17;17;173;17173;Nord-ovest;Lombardia;Brescia;1;17173;17173;17173;ITC;ITC4;ITC47;ITC;ITC4;ITC47;
Sarezzo;I433;3;17;17;174;17174;Nord-ovest;Lombardia;Brescia;1;17174;17174;17174;ITC;ITC4;ITC47;ITC;ITC4;ITC47;
Saviore dell'Adamello;I476;3;17;17;175;17175;Nord-ovest;Lombardia;Brescia;1;17175;17175;17175;ITC;ITC4;ITC47;ITC;ITC4;ITC47;
Sellero;I588;3;17;17;176;17176;Nord-ovest;Lombardia;Brescia;1;17176;17176;17176;ITC;ITC4;ITC47;ITC;ITC4;ITC47;
Seniga;I607;3;17;17;177;17177;Nord-ovest;Lombardia;Brescia;1;17177;17177;17177;ITC;ITC4;ITC47;ITC;ITC4;ITC47;
Serle;I631;3;17;17;178;17178;Nord-ovest;Lombardia;Brescia;1;17178;17178;17178;ITC;ITC4;ITC47;ITC;ITC4;ITC47;
Sirmione;I633;3;17;17;179;17179;Nord-ovest;Lombardia;Brescia;1;17179;17179;17179;ITC;ITC4;ITC47;ITC;ITC4;ITC47;
Soiano del Lago;I782;3;17;17;180;17180;Nord-ovest;Lombardia;Brescia;1;17180;17180;17180;ITC;ITC4;ITC47;ITC;ITC4;ITC47;
Sonico;I831;3;17;17;181;17181;Nord-ovest;Lombardia;Brescia;1;17181;17181;17181;ITC;ITC4;ITC47;ITC;ITC4;ITC47;
Sulzano;L002;3;17;17;182;17182;Nord-ovest;Lombardia;Brescia;1;17182;17182;17182;ITC;ITC4;ITC47;ITC;ITC4;ITC47;
Tavernole sul Mella;C698;3;17;17;183;17183;Nord-ovest;Lombardia;Brescia;1;17183;17183;17183;ITC;ITC4;ITC47;ITC;ITC4;ITC47;
Tem˘;L094;3;17;17;184;17184;Nord-ovest;Lombardia;Brescia;1;17184;17184;17184;ITC;ITC4;ITC47;ITC;ITC4;ITC47;
Tignale;L169;3;17;17;185;17185;Nord-ovest;Lombardia;Brescia;1;17185;17185;17185;ITC;ITC4;ITC47;ITC;ITC4;ITC47;
Torbole Casaglia;L210;3;17;17;186;17186;Nord-ovest;Lombardia;Brescia;1;17186;17186;17186;ITC;ITC4;ITC47;ITC;ITC4;ITC47;
Toscolano-Maderno;L312;3;17;17;187;17187;Nord-ovest;Lombardia;Brescia;1;17187;17187;17187;ITC;ITC4;ITC47;ITC;ITC4;ITC47;
Travagliato;L339;3;17;17;188;17188;Nord-ovest;Lombardia;Brescia;1;17188;17188;17188;ITC;ITC4;ITC47;ITC;ITC4;ITC47;
Tremosine sul Garda;L372;3;17;17;189;17189;Nord-ovest;Lombardia;Brescia;1;17189;17189;17189;ITC;ITC4;ITC47;ITC;ITC4;ITC47;
Trenzano;L380;3;17;17;190;17190;Nord-ovest;Lombardia;Brescia;1;17190;17190;17190;ITC;ITC4;ITC47;ITC;ITC4;ITC47;
Treviso Bresciano;L406;3;17;17;191;17191;Nord-ovest;Lombardia;Brescia;1;17191;17191;17191;ITC;ITC4;ITC47;ITC;ITC4;ITC47;
Urago d'Oglio;L494;3;17;17;192;17192;Nord-ovest;Lombardia;Brescia;1;17192;17192;17192;ITC;ITC4;ITC47;ITC;ITC4;ITC47;
Vallio Terme;L626;3;17;17;193;17193;Nord-ovest;Lombardia;Brescia;1;17193;17193;17193;ITC;ITC4;ITC47;ITC;ITC4;ITC47;
Valvestino;L468;3;17;17;194;17194;Nord-ovest;Lombardia;Brescia;1;17194;17194;17194;ITC;ITC4;ITC47;ITC;ITC4;ITC47;
Verolanuova;L777;3;17;17;195;17195;Nord-ovest;Lombardia;Brescia;1;17195;17195;17195;ITC;ITC4;ITC47;ITC;ITC4;ITC47;
Verolavecchia;L778;3;17;17;196;17196;Nord-ovest;Lombardia;Brescia;1;17196;17196;17196;ITC;ITC4;ITC47;ITC;ITC4;ITC47;
Vestone;L812;3;17;17;197;17197;Nord-ovest;Lombardia;Brescia;1;17197;17197;17197;ITC;ITC4;ITC47;ITC;ITC4;ITC47;
Vezza d'Oglio;L816;3;17;17;198;17198;Nord-ovest;Lombardia;Brescia;1;17198;17198;17198;ITC;ITC4;ITC47;ITC;ITC4;ITC47;
Villa Carcina;L919;3;17;17;199;17199;Nord-ovest;Lombardia;Brescia;1;17199;17199;17199;ITC;ITC4;ITC47;ITC;ITC4;ITC47;
Villachiara;L923;3;17;17;200;17200;Nord-ovest;Lombardia;Brescia;1;17200;17200;17200;ITC;ITC4;ITC47;ITC;ITC4;ITC47;
Villanuova sul Clisi;L995;3;17;17;201;17201;Nord-ovest;Lombardia;Brescia;1;17201;17201;17201;ITC;ITC4;ITC47;ITC;ITC4;ITC47;
Vione;M065;3;17;17;202;17202;Nord-ovest;Lombardia;Brescia;1;17202;17202;17202;ITC;ITC4;ITC47;ITC;ITC4;ITC47;
Visano;M070;3;17;17;203;17203;Nord-ovest;Lombardia;Brescia;1;17203;17203;17203;ITC;ITC4;ITC47;ITC;ITC4;ITC47;
Vobarno;M104;3;17;17;204;17204;Nord-ovest;Lombardia;Brescia;1;17204;17204;17204;ITC;ITC4;ITC47;ITC;ITC4;ITC47;
Zone;M188;3;17;17;205;17205;Nord-ovest;Lombardia;Brescia;1;17205;17205;17205;ITC;ITC4;ITC47;ITC;ITC4;ITC47;
Piancogno;G549;3;17;17;206;17206;Nord-ovest;Lombardia;Brescia;1;17206;17206;17206;ITC;ITC4;ITC47;ITC;ITC4;ITC47;
Alagna;A118;3;18;18;1;18001;Nord-ovest;Lombardia;Pavia;1;18001;18001;18001;ITC;ITC4;ITC48;ITC;ITC4;ITC48;
Albonese;A171;3;18;18;3;18003;Nord-ovest;Lombardia;Pavia;1;18003;18003;18003;ITC;ITC4;ITC48;ITC;ITC4;ITC48;
Albuzzano;A175;3;18;18;4;18004;Nord-ovest;Lombardia;Pavia;1;18004;18004;18004;ITC;ITC4;ITC48;ITC;ITC4;ITC48;
Arena Po;A387;3;18;18;5;18005;Nord-ovest;Lombardia;Pavia;1;18005;18005;18005;ITC;ITC4;ITC48;ITC;ITC4;ITC48;
Badia Pavese;A538;3;18;18;6;18006;Nord-ovest;Lombardia;Pavia;1;18006;18006;18006;ITC;ITC4;ITC48;ITC;ITC4;ITC48;
Bagnaria;A550;3;18;18;7;18007;Nord-ovest;Lombardia;Pavia;1;18007;18007;18007;ITC;ITC4;ITC48;ITC;ITC4;ITC48;
Barbianello;A634;3;18;18;8;18008;Nord-ovest;Lombardia;Pavia;1;18008;18008;18008;ITC;ITC4;ITC48;ITC;ITC4;ITC48;
BascapË;A690;3;18;18;9;18009;Nord-ovest;Lombardia;Pavia;1;18009;18009;18009;ITC;ITC4;ITC48;ITC;ITC4;ITC48;
Bastida Pancarana;A712;3;18;18;11;18011;Nord-ovest;Lombardia;Pavia;1;18011;18011;18011;ITC;ITC4;ITC48;ITC;ITC4;ITC48;
Battuda;A718;3;18;18;12;18012;Nord-ovest;Lombardia;Pavia;1;18012;18012;18012;ITC;ITC4;ITC48;ITC;ITC4;ITC48;
Belgioioso;A741;3;18;18;13;18013;Nord-ovest;Lombardia;Pavia;1;18013;18013;18013;ITC;ITC4;ITC48;ITC;ITC4;ITC48;
Bereguardo;A792;3;18;18;14;18014;Nord-ovest;Lombardia;Pavia;1;18014;18014;18014;ITC;ITC4;ITC48;ITC;ITC4;ITC48;
Borgarello;A989;3;18;18;15;18015;Nord-ovest;Lombardia;Pavia;1;18015;18015;18015;ITC;ITC4;ITC48;ITC;ITC4;ITC48;
Borgo Priolo;B028;3;18;18;16;18016;Nord-ovest;Lombardia;Pavia;1;18016;18016;18016;ITC;ITC4;ITC48;ITC;ITC4;ITC48;
Borgoratto Mormorolo;B030;3;18;18;17;18017;Nord-ovest;Lombardia;Pavia;1;18017;18017;18017;ITC;ITC4;ITC48;ITC;ITC4;ITC48;
Borgo San Siro;B038;3;18;18;18;18018;Nord-ovest;Lombardia;Pavia;1;18018;18018;18018;ITC;ITC4;ITC48;ITC;ITC4;ITC48;
Bornasco;B051;3;18;18;19;18019;Nord-ovest;Lombardia;Pavia;1;18019;18019;18019;ITC;ITC4;ITC48;ITC;ITC4;ITC48;
Bosnasco;B082;3;18;18;20;18020;Nord-ovest;Lombardia;Pavia;1;18020;18020;18020;ITC;ITC4;ITC48;ITC;ITC4;ITC48;
Brallo di Pregola;B117;3;18;18;21;18021;Nord-ovest;Lombardia;Pavia;1;18021;18021;18021;ITC;ITC4;ITC48;ITC;ITC4;ITC48;
Breme;B142;3;18;18;22;18022;Nord-ovest;Lombardia;Pavia;1;18022;18022;18022;ITC;ITC4;ITC48;ITC;ITC4;ITC48;
Bressana Bottarone;B159;3;18;18;23;18023;Nord-ovest;Lombardia;Pavia;1;18023;18023;18023;ITC;ITC4;ITC48;ITC;ITC4;ITC48;
Broni;B201;3;18;18;24;18024;Nord-ovest;Lombardia;Pavia;1;18024;18024;18024;ITC;ITC4;ITC48;ITC;ITC4;ITC48;
Calvignano;B447;3;18;18;25;18025;Nord-ovest;Lombardia;Pavia;1;18025;18025;18025;ITC;ITC4;ITC48;ITC;ITC4;ITC48;
Campospinoso Albaredo;B567;3;18;18;26;18026;Nord-ovest;Lombardia;Pavia;1;18026;18026;18026;ITC;ITC4;ITC48;ITC;ITC4;ITC48;
Candia Lomellina;B587;3;18;18;27;18027;Nord-ovest;Lombardia;Pavia;1;18027;18027;18027;ITC;ITC4;ITC48;ITC;ITC4;ITC48;
Canneto Pavese;B613;3;18;18;29;18029;Nord-ovest;Lombardia;Pavia;1;18029;18029;18029;ITC;ITC4;ITC48;ITC;ITC4;ITC48;
Carbonara al Ticino;B741;3;18;18;30;18030;Nord-ovest;Lombardia;Pavia;1;18030;18030;18030;ITC;ITC4;ITC48;ITC;ITC4;ITC48;
Casanova Lonati;B929;3;18;18;31;18031;Nord-ovest;Lombardia;Pavia;1;18031;18031;18031;ITC;ITC4;ITC48;ITC;ITC4;ITC48;
Casatisma;B945;3;18;18;32;18032;Nord-ovest;Lombardia;Pavia;1;18032;18032;18032;ITC;ITC4;ITC48;ITC;ITC4;ITC48;
Casei Gerola;B954;3;18;18;33;18033;Nord-ovest;Lombardia;Pavia;1;18033;18033;18033;ITC;ITC4;ITC48;ITC;ITC4;ITC48;
Casorate Primo;B988;3;18;18;34;18034;Nord-ovest;Lombardia;Pavia;1;18034;18034;18034;ITC;ITC4;ITC48;ITC;ITC4;ITC48;
Cassolnovo;C038;3;18;18;35;18035;Nord-ovest;Lombardia;Pavia;1;18035;18035;18035;ITC;ITC4;ITC48;ITC;ITC4;ITC48;
Castana;C050;3;18;18;36;18036;Nord-ovest;Lombardia;Pavia;1;18036;18036;18036;ITC;ITC4;ITC48;ITC;ITC4;ITC48;
Casteggio;C053;3;18;18;37;18037;Nord-ovest;Lombardia;Pavia;1;18037;18037;18037;ITC;ITC4;ITC48;ITC;ITC4;ITC48;
Castelletto di Branduzzo;C157;3;18;18;38;18038;Nord-ovest;Lombardia;Pavia;1;18038;18038;18038;ITC;ITC4;ITC48;ITC;ITC4;ITC48;
Castello d'Agogna;C184;3;18;18;39;18039;Nord-ovest;Lombardia;Pavia;1;18039;18039;18039;ITC;ITC4;ITC48;ITC;ITC4;ITC48;
Castelnovetto;C213;3;18;18;40;18040;Nord-ovest;Lombardia;Pavia;1;18040;18040;18040;ITC;ITC4;ITC48;ITC;ITC4;ITC48;
Cava Manara;C360;3;18;18;41;18041;Nord-ovest;Lombardia;Pavia;1;18041;18041;18041;ITC;ITC4;ITC48;ITC;ITC4;ITC48;
Cecima;C414;3;18;18;42;18042;Nord-ovest;Lombardia;Pavia;1;18042;18042;18042;ITC;ITC4;ITC48;ITC;ITC4;ITC48;
Ceranova;C484;3;18;18;43;18043;Nord-ovest;Lombardia;Pavia;1;18043;18043;18043;ITC;ITC4;ITC48;ITC;ITC4;ITC48;
Ceretto Lomellina;C508;3;18;18;44;18044;Nord-ovest;Lombardia;Pavia;1;18044;18044;18044;ITC;ITC4;ITC48;ITC;ITC4;ITC48;
Cergnago;C509;3;18;18;45;18045;Nord-ovest;Lombardia;Pavia;1;18045;18045;18045;ITC;ITC4;ITC48;ITC;ITC4;ITC48;
Certosa di Pavia;C541;3;18;18;46;18046;Nord-ovest;Lombardia;Pavia;1;18046;18046;18046;ITC;ITC4;ITC48;ITC;ITC4;ITC48;
Cervesina;C551;3;18;18;47;18047;Nord-ovest;Lombardia;Pavia;1;18047;18047;18047;ITC;ITC4;ITC48;ITC;ITC4;ITC48;
Chignolo Po;C637;3;18;18;48;18048;Nord-ovest;Lombardia;Pavia;1;18048;18048;18048;ITC;ITC4;ITC48;ITC;ITC4;ITC48;
Cigognola;C684;3;18;18;49;18049;Nord-ovest;Lombardia;Pavia;1;18049;18049;18049;ITC;ITC4;ITC48;ITC;ITC4;ITC48;
Cilavegna;C686;3;18;18;50;18050;Nord-ovest;Lombardia;Pavia;1;18050;18050;18050;ITC;ITC4;ITC48;ITC;ITC4;ITC48;
Codevilla;C813;3;18;18;51;18051;Nord-ovest;Lombardia;Pavia;1;18051;18051;18051;ITC;ITC4;ITC48;ITC;ITC4;ITC48;
Confienza;C958;3;18;18;52;18052;Nord-ovest;Lombardia;Pavia;1;18052;18052;18052;ITC;ITC4;ITC48;ITC;ITC4;ITC48;
Copiano;C979;3;18;18;53;18053;Nord-ovest;Lombardia;Pavia;1;18053;18053;18053;ITC;ITC4;ITC48;ITC;ITC4;ITC48;
Corana;C982;3;18;18;54;18054;Nord-ovest;Lombardia;Pavia;1;18054;18054;18054;ITC;ITC4;ITC48;ITC;ITC4;ITC48;
Corvino San Quirico;D081;3;18;18;57;18057;Nord-ovest;Lombardia;Pavia;1;18057;18057;18057;ITC;ITC4;ITC48;ITC;ITC4;ITC48;
Costa de' Nobili;D109;3;18;18;58;18058;Nord-ovest;Lombardia;Pavia;1;18058;18058;18058;ITC;ITC4;ITC48;ITC;ITC4;ITC48;
Cozzo;D127;3;18;18;59;18059;Nord-ovest;Lombardia;Pavia;1;18059;18059;18059;ITC;ITC4;ITC48;ITC;ITC4;ITC48;
Cura Carpignano;B824;3;18;18;60;18060;Nord-ovest;Lombardia;Pavia;1;18060;18060;18060;ITC;ITC4;ITC48;ITC;ITC4;ITC48;
Dorno;D348;3;18;18;61;18061;Nord-ovest;Lombardia;Pavia;1;18061;18061;18061;ITC;ITC4;ITC48;ITC;ITC4;ITC48;
Ferrera Erbognone;D552;3;18;18;62;18062;Nord-ovest;Lombardia;Pavia;1;18062;18062;18062;ITC;ITC4;ITC48;ITC;ITC4;ITC48;
Filighera;D594;3;18;18;63;18063;Nord-ovest;Lombardia;Pavia;1;18063;18063;18063;ITC;ITC4;ITC48;ITC;ITC4;ITC48;
Fortunago;D732;3;18;18;64;18064;Nord-ovest;Lombardia;Pavia;1;18064;18064;18064;ITC;ITC4;ITC48;ITC;ITC4;ITC48;
Frascarolo;D771;3;18;18;65;18065;Nord-ovest;Lombardia;Pavia;1;18065;18065;18065;ITC;ITC4;ITC48;ITC;ITC4;ITC48;
Galliavola;D873;3;18;18;66;18066;Nord-ovest;Lombardia;Pavia;1;18066;18066;18066;ITC;ITC4;ITC48;ITC;ITC4;ITC48;
Gambarana;D892;3;18;18;67;18067;Nord-ovest;Lombardia;Pavia;1;18067;18067;18067;ITC;ITC4;ITC48;ITC;ITC4;ITC48;
GambolÚ;D901;3;18;18;68;18068;Nord-ovest;Lombardia;Pavia;1;18068;18068;18068;ITC;ITC4;ITC48;ITC;ITC4;ITC48;
Garlasco;D925;3;18;18;69;18069;Nord-ovest;Lombardia;Pavia;1;18069;18069;18069;ITC;ITC4;ITC48;ITC;ITC4;ITC48;
Gerenzago;D980;3;18;18;71;18071;Nord-ovest;Lombardia;Pavia;1;18071;18071;18071;ITC;ITC4;ITC48;ITC;ITC4;ITC48;
Giussago;E062;3;18;18;72;18072;Nord-ovest;Lombardia;Pavia;1;18072;18072;18072;ITC;ITC4;ITC48;ITC;ITC4;ITC48;
Godiasco Salice Terme;E072;3;18;18;73;18073;Nord-ovest;Lombardia;Pavia;1;18073;18073;18073;ITC;ITC4;ITC48;ITC;ITC4;ITC48;
Golferenzo;E081;3;18;18;74;18074;Nord-ovest;Lombardia;Pavia;1;18074;18074;18074;ITC;ITC4;ITC48;ITC;ITC4;ITC48;
Gravellona Lomellina;E152;3;18;18;75;18075;Nord-ovest;Lombardia;Pavia;1;18075;18075;18075;ITC;ITC4;ITC48;ITC;ITC4;ITC48;
Gropello Cairoli;E195;3;18;18;76;18076;Nord-ovest;Lombardia;Pavia;1;18076;18076;18076;ITC;ITC4;ITC48;ITC;ITC4;ITC48;
Inverno e Monteleone;E310;3;18;18;77;18077;Nord-ovest;Lombardia;Pavia;1;18077;18077;18077;ITC;ITC4;ITC48;ITC;ITC4;ITC48;
Landriano;E437;3;18;18;78;18078;Nord-ovest;Lombardia;Pavia;1;18078;18078;18078;ITC;ITC4;ITC48;ITC;ITC4;ITC48;
Langosco;E439;3;18;18;79;18079;Nord-ovest;Lombardia;Pavia;1;18079;18079;18079;ITC;ITC4;ITC48;ITC;ITC4;ITC48;
Lardirago;E454;3;18;18;80;18080;Nord-ovest;Lombardia;Pavia;1;18080;18080;18080;ITC;ITC4;ITC48;ITC;ITC4;ITC48;
Linarolo;E600;3;18;18;81;18081;Nord-ovest;Lombardia;Pavia;1;18081;18081;18081;ITC;ITC4;ITC48;ITC;ITC4;ITC48;
Lirio;E608;3;18;18;82;18082;Nord-ovest;Lombardia;Pavia;1;18082;18082;18082;ITC;ITC4;ITC48;ITC;ITC4;ITC48;
Lomello;E662;3;18;18;83;18083;Nord-ovest;Lombardia;Pavia;1;18083;18083;18083;ITC;ITC4;ITC48;ITC;ITC4;ITC48;
Lungavilla;B387;3;18;18;84;18084;Nord-ovest;Lombardia;Pavia;1;18084;18084;18084;ITC;ITC4;ITC48;ITC;ITC4;ITC48;
Magherno;E804;3;18;18;85;18085;Nord-ovest;Lombardia;Pavia;1;18085;18085;18085;ITC;ITC4;ITC48;ITC;ITC4;ITC48;
Marcignago;E934;3;18;18;86;18086;Nord-ovest;Lombardia;Pavia;1;18086;18086;18086;ITC;ITC4;ITC48;ITC;ITC4;ITC48;
Marzano;E999;3;18;18;87;18087;Nord-ovest;Lombardia;Pavia;1;18087;18087;18087;ITC;ITC4;ITC48;ITC;ITC4;ITC48;
Mede;F080;3;18;18;88;18088;Nord-ovest;Lombardia;Pavia;1;18088;18088;18088;ITC;ITC4;ITC48;ITC;ITC4;ITC48;
Menconico;F122;3;18;18;89;18089;Nord-ovest;Lombardia;Pavia;1;18089;18089;18089;ITC;ITC4;ITC48;ITC;ITC4;ITC48;
Mezzana Bigli;F170;3;18;18;90;18090;Nord-ovest;Lombardia;Pavia;1;18090;18090;18090;ITC;ITC4;ITC48;ITC;ITC4;ITC48;
Mezzana Rabattone;F171;3;18;18;91;18091;Nord-ovest;Lombardia;Pavia;1;18091;18091;18091;ITC;ITC4;ITC48;ITC;ITC4;ITC48;
Mezzanino;F175;3;18;18;92;18092;Nord-ovest;Lombardia;Pavia;1;18092;18092;18092;ITC;ITC4;ITC48;ITC;ITC4;ITC48;
Miradolo Terme;F238;3;18;18;93;18093;Nord-ovest;Lombardia;Pavia;1;18093;18093;18093;ITC;ITC4;ITC48;ITC;ITC4;ITC48;
Montalto Pavese;F417;3;18;18;94;18094;Nord-ovest;Lombardia;Pavia;1;18094;18094;18094;ITC;ITC4;ITC48;ITC;ITC4;ITC48;
Montebello della Battaglia;F440;3;18;18;95;18095;Nord-ovest;Lombardia;Pavia;1;18095;18095;18095;ITC;ITC4;ITC48;ITC;ITC4;ITC48;
Montecalvo Versiggia;F449;3;18;18;96;18096;Nord-ovest;Lombardia;Pavia;1;18096;18096;18096;ITC;ITC4;ITC48;ITC;ITC4;ITC48;
Montescano;F638;3;18;18;97;18097;Nord-ovest;Lombardia;Pavia;1;18097;18097;18097;ITC;ITC4;ITC48;ITC;ITC4;ITC48;
Montesegale;F644;3;18;18;98;18098;Nord-ovest;Lombardia;Pavia;1;18098;18098;18098;ITC;ITC4;ITC48;ITC;ITC4;ITC48;
Monticelli Pavese;F670;3;18;18;99;18099;Nord-ovest;Lombardia;Pavia;1;18099;18099;18099;ITC;ITC4;ITC48;ITC;ITC4;ITC48;
Mont˘ Beccaria;F701;3;18;18;100;18100;Nord-ovest;Lombardia;Pavia;1;18100;18100;18100;ITC;ITC4;ITC48;ITC;ITC4;ITC48;
Mornico Losana;F739;3;18;18;101;18101;Nord-ovest;Lombardia;Pavia;1;18101;18101;18101;ITC;ITC4;ITC48;ITC;ITC4;ITC48;
Mortara;F754;3;18;18;102;18102;Nord-ovest;Lombardia;Pavia;1;18102;18102;18102;ITC;ITC4;ITC48;ITC;ITC4;ITC48;
Nicorvo;F891;3;18;18;103;18103;Nord-ovest;Lombardia;Pavia;1;18103;18103;18103;ITC;ITC4;ITC48;ITC;ITC4;ITC48;
Olevano di Lomellina;G021;3;18;18;104;18104;Nord-ovest;Lombardia;Pavia;1;18104;18104;18104;ITC;ITC4;ITC48;ITC;ITC4;ITC48;
Oliva Gessi;G032;3;18;18;105;18105;Nord-ovest;Lombardia;Pavia;1;18105;18105;18105;ITC;ITC4;ITC48;ITC;ITC4;ITC48;
Ottobiano;G194;3;18;18;106;18106;Nord-ovest;Lombardia;Pavia;1;18106;18106;18106;ITC;ITC4;ITC48;ITC;ITC4;ITC48;
Palestro;G275;3;18;18;107;18107;Nord-ovest;Lombardia;Pavia;1;18107;18107;18107;ITC;ITC4;ITC48;ITC;ITC4;ITC48;
Pancarana;G304;3;18;18;108;18108;Nord-ovest;Lombardia;Pavia;1;18108;18108;18108;ITC;ITC4;ITC48;ITC;ITC4;ITC48;
Parona;G342;3;18;18;109;18109;Nord-ovest;Lombardia;Pavia;1;18109;18109;18109;ITC;ITC4;ITC48;ITC;ITC4;ITC48;
Pavia;G388;3;18;18;110;18110;Nord-ovest;Lombardia;Pavia;1;18110;18110;18110;ITC;ITC4;ITC48;ITC;ITC4;ITC48;
Pietra de' Giorgi;G612;3;18;18;111;18111;Nord-ovest;Lombardia;Pavia;1;18111;18111;18111;ITC;ITC4;ITC48;ITC;ITC4;ITC48;
Pieve Albignola;G635;3;18;18;112;18112;Nord-ovest;Lombardia;Pavia;1;18112;18112;18112;ITC;ITC4;ITC48;ITC;ITC4;ITC48;
Pieve del Cairo;G639;3;18;18;113;18113;Nord-ovest;Lombardia;Pavia;1;18113;18113;18113;ITC;ITC4;ITC48;ITC;ITC4;ITC48;
Pieve Porto Morone;G650;3;18;18;114;18114;Nord-ovest;Lombardia;Pavia;1;18114;18114;18114;ITC;ITC4;ITC48;ITC;ITC4;ITC48;
Pinarolo Po;G671;3;18;18;115;18115;Nord-ovest;Lombardia;Pavia;1;18115;18115;18115;ITC;ITC4;ITC48;ITC;ITC4;ITC48;
Pizzale;G720;3;18;18;116;18116;Nord-ovest;Lombardia;Pavia;1;18116;18116;18116;ITC;ITC4;ITC48;ITC;ITC4;ITC48;
Ponte Nizza;G851;3;18;18;117;18117;Nord-ovest;Lombardia;Pavia;1;18117;18117;18117;ITC;ITC4;ITC48;ITC;ITC4;ITC48;
Portalbera;G895;3;18;18;118;18118;Nord-ovest;Lombardia;Pavia;1;18118;18118;18118;ITC;ITC4;ITC48;ITC;ITC4;ITC48;
Rea;H204;3;18;18;119;18119;Nord-ovest;Lombardia;Pavia;1;18119;18119;18119;ITC;ITC4;ITC48;ITC;ITC4;ITC48;
Redavalle;H216;3;18;18;120;18120;Nord-ovest;Lombardia;Pavia;1;18120;18120;18120;ITC;ITC4;ITC48;ITC;ITC4;ITC48;
Retorbido;H246;3;18;18;121;18121;Nord-ovest;Lombardia;Pavia;1;18121;18121;18121;ITC;ITC4;ITC48;ITC;ITC4;ITC48;
Rivanazzano Terme;H336;3;18;18;122;18122;Nord-ovest;Lombardia;Pavia;1;18122;18122;18122;ITC;ITC4;ITC48;ITC;ITC4;ITC48;
Robbio;H369;3;18;18;123;18123;Nord-ovest;Lombardia;Pavia;1;18123;18123;18123;ITC;ITC4;ITC48;ITC;ITC4;ITC48;
Robecco Pavese;H375;3;18;18;124;18124;Nord-ovest;Lombardia;Pavia;1;18124;18124;18124;ITC;ITC4;ITC48;ITC;ITC4;ITC48;
Rocca de' Giorgi;H396;3;18;18;125;18125;Nord-ovest;Lombardia;Pavia;1;18125;18125;18125;ITC;ITC4;ITC48;ITC;ITC4;ITC48;
Rocca Susella;H450;3;18;18;126;18126;Nord-ovest;Lombardia;Pavia;1;18126;18126;18126;ITC;ITC4;ITC48;ITC;ITC4;ITC48;
Rognano;H491;3;18;18;127;18127;Nord-ovest;Lombardia;Pavia;1;18127;18127;18127;ITC;ITC4;ITC48;ITC;ITC4;ITC48;
Romagnese;H505;3;18;18;128;18128;Nord-ovest;Lombardia;Pavia;1;18128;18128;18128;ITC;ITC4;ITC48;ITC;ITC4;ITC48;
Roncaro;H527;3;18;18;129;18129;Nord-ovest;Lombardia;Pavia;1;18129;18129;18129;ITC;ITC4;ITC48;ITC;ITC4;ITC48;
Rosasco;H559;3;18;18;130;18130;Nord-ovest;Lombardia;Pavia;1;18130;18130;18130;ITC;ITC4;ITC48;ITC;ITC4;ITC48;
Rovescala;H614;3;18;18;131;18131;Nord-ovest;Lombardia;Pavia;1;18131;18131;18131;ITC;ITC4;ITC48;ITC;ITC4;ITC48;
San Cipriano Po;H799;3;18;18;133;18133;Nord-ovest;Lombardia;Pavia;1;18133;18133;18133;ITC;ITC4;ITC48;ITC;ITC4;ITC48;
San Damiano al Colle;H814;3;18;18;134;18134;Nord-ovest;Lombardia;Pavia;1;18134;18134;18134;ITC;ITC4;ITC48;ITC;ITC4;ITC48;
San Genesio ed Uniti;H859;3;18;18;135;18135;Nord-ovest;Lombardia;Pavia;1;18135;18135;18135;ITC;ITC4;ITC48;ITC;ITC4;ITC48;
San Giorgio di Lomellina;H885;3;18;18;136;18136;Nord-ovest;Lombardia;Pavia;1;18136;18136;18136;ITC;ITC4;ITC48;ITC;ITC4;ITC48;
San Martino Siccomario;I014;3;18;18;137;18137;Nord-ovest;Lombardia;Pavia;1;18137;18137;18137;ITC;ITC4;ITC48;ITC;ITC4;ITC48;
Sannazzaro de' Burgondi;I048;3;18;18;138;18138;Nord-ovest;Lombardia;Pavia;1;18138;18138;18138;ITC;ITC4;ITC48;ITC;ITC4;ITC48;
Santa Cristina e Bissone;I175;3;18;18;139;18139;Nord-ovest;Lombardia;Pavia;1;18139;18139;18139;ITC;ITC4;ITC48;ITC;ITC4;ITC48;
Santa Giuletta;I203;3;18;18;140;18140;Nord-ovest;Lombardia;Pavia;1;18140;18140;18140;ITC;ITC4;ITC48;ITC;ITC4;ITC48;
Sant'Alessio con Vialone;I213;3;18;18;141;18141;Nord-ovest;Lombardia;Pavia;1;18141;18141;18141;ITC;ITC4;ITC48;ITC;ITC4;ITC48;
Santa Margherita di Staffora;I230;3;18;18;142;18142;Nord-ovest;Lombardia;Pavia;1;18142;18142;18142;ITC;ITC4;ITC48;ITC;ITC4;ITC48;
Santa Maria della Versa;I237;3;18;18;143;18143;Nord-ovest;Lombardia;Pavia;1;18143;18143;18143;ITC;ITC4;ITC48;ITC;ITC4;ITC48;
Sant'Angelo Lomellina;I276;3;18;18;144;18144;Nord-ovest;Lombardia;Pavia;1;18144;18144;18144;ITC;ITC4;ITC48;ITC;ITC4;ITC48;
San Zenone al Po;I416;3;18;18;145;18145;Nord-ovest;Lombardia;Pavia;1;18145;18145;18145;ITC;ITC4;ITC48;ITC;ITC4;ITC48;
Sartirana Lomellina;I447;3;18;18;146;18146;Nord-ovest;Lombardia;Pavia;1;18146;18146;18146;ITC;ITC4;ITC48;ITC;ITC4;ITC48;
Scaldasole;I487;3;18;18;147;18147;Nord-ovest;Lombardia;Pavia;1;18147;18147;18147;ITC;ITC4;ITC48;ITC;ITC4;ITC48;
Semiana;I599;3;18;18;148;18148;Nord-ovest;Lombardia;Pavia;1;18148;18148;18148;ITC;ITC4;ITC48;ITC;ITC4;ITC48;
Silvano Pietra;I739;3;18;18;149;18149;Nord-ovest;Lombardia;Pavia;1;18149;18149;18149;ITC;ITC4;ITC48;ITC;ITC4;ITC48;
Siziano;E265;3;18;18;150;18150;Nord-ovest;Lombardia;Pavia;1;18150;18150;18150;ITC;ITC4;ITC48;ITC;ITC4;ITC48;
Sommo;I825;3;18;18;151;18151;Nord-ovest;Lombardia;Pavia;1;18151;18151;18151;ITC;ITC4;ITC48;ITC;ITC4;ITC48;
Spessa;I894;3;18;18;152;18152;Nord-ovest;Lombardia;Pavia;1;18152;18152;18152;ITC;ITC4;ITC48;ITC;ITC4;ITC48;
Stradella;I968;3;18;18;153;18153;Nord-ovest;Lombardia;Pavia;1;18153;18153;18153;ITC;ITC4;ITC48;ITC;ITC4;ITC48;
Suardi;B014;3;18;18;154;18154;Nord-ovest;Lombardia;Pavia;1;18154;18154;18154;ITC;ITC4;ITC48;ITC;ITC4;ITC48;
Torrazza Coste;L237;3;18;18;155;18155;Nord-ovest;Lombardia;Pavia;1;18155;18155;18155;ITC;ITC4;ITC48;ITC;ITC4;ITC48;
Torre Beretti e Castellaro;L250;3;18;18;156;18156;Nord-ovest;Lombardia;Pavia;1;18156;18156;18156;ITC;ITC4;ITC48;ITC;ITC4;ITC48;
Torre d'Arese;L256;3;18;18;157;18157;Nord-ovest;Lombardia;Pavia;1;18157;18157;18157;ITC;ITC4;ITC48;ITC;ITC4;ITC48;
Torre de' Negri;L262;3;18;18;158;18158;Nord-ovest;Lombardia;Pavia;1;18158;18158;18158;ITC;ITC4;ITC48;ITC;ITC4;ITC48;
Torre d'Isola;L269;3;18;18;159;18159;Nord-ovest;Lombardia;Pavia;1;18159;18159;18159;ITC;ITC4;ITC48;ITC;ITC4;ITC48;
Torrevecchia Pia;L285;3;18;18;160;18160;Nord-ovest;Lombardia;Pavia;1;18160;18160;18160;ITC;ITC4;ITC48;ITC;ITC4;ITC48;
Torricella Verzate;L292;3;18;18;161;18161;Nord-ovest;Lombardia;Pavia;1;18161;18161;18161;ITC;ITC4;ITC48;ITC;ITC4;ITC48;
TravacÚ Siccomario;I236;3;18;18;162;18162;Nord-ovest;Lombardia;Pavia;1;18162;18162;18162;ITC;ITC4;ITC48;ITC;ITC4;ITC48;
Trivolzio;L440;3;18;18;163;18163;Nord-ovest;Lombardia;Pavia;1;18163;18163;18163;ITC;ITC4;ITC48;ITC;ITC4;ITC48;
Tromello;L449;3;18;18;164;18164;Nord-ovest;Lombardia;Pavia;1;18164;18164;18164;ITC;ITC4;ITC48;ITC;ITC4;ITC48;
Trovo;L453;3;18;18;165;18165;Nord-ovest;Lombardia;Pavia;1;18165;18165;18165;ITC;ITC4;ITC48;ITC;ITC4;ITC48;
Val di Nizza;L562;3;18;18;166;18166;Nord-ovest;Lombardia;Pavia;1;18166;18166;18166;ITC;ITC4;ITC48;ITC;ITC4;ITC48;
Valeggio;L568;3;18;18;167;18167;Nord-ovest;Lombardia;Pavia;1;18167;18167;18167;ITC;ITC4;ITC48;ITC;ITC4;ITC48;
Valle Lomellina;L593;3;18;18;168;18168;Nord-ovest;Lombardia;Pavia;1;18168;18168;18168;ITC;ITC4;ITC48;ITC;ITC4;ITC48;
Valle Salimbene;L617;3;18;18;169;18169;Nord-ovest;Lombardia;Pavia;1;18169;18169;18169;ITC;ITC4;ITC48;ITC;ITC4;ITC48;
Varzi;L690;3;18;18;171;18171;Nord-ovest;Lombardia;Pavia;1;18171;18171;18171;ITC;ITC4;ITC48;ITC;ITC4;ITC48;
Velezzo Lomellina;L716;3;18;18;172;18172;Nord-ovest;Lombardia;Pavia;1;18172;18172;18172;ITC;ITC4;ITC48;ITC;ITC4;ITC48;
Vellezzo Bellini;L720;3;18;18;173;18173;Nord-ovest;Lombardia;Pavia;1;18173;18173;18173;ITC;ITC4;ITC48;ITC;ITC4;ITC48;
Verretto;L784;3;18;18;174;18174;Nord-ovest;Lombardia;Pavia;1;18174;18174;18174;ITC;ITC4;ITC48;ITC;ITC4;ITC48;
Verrua Po;L788;3;18;18;175;18175;Nord-ovest;Lombardia;Pavia;1;18175;18175;18175;ITC;ITC4;ITC48;ITC;ITC4;ITC48;
Vidigulfo;L854;3;18;18;176;18176;Nord-ovest;Lombardia;Pavia;1;18176;18176;18176;ITC;ITC4;ITC48;ITC;ITC4;ITC48;
Vigevano;L872;3;18;18;177;18177;Nord-ovest;Lombardia;Pavia;1;18177;18177;18177;ITC;ITC4;ITC48;ITC;ITC4;ITC48;
Villa Biscossi;L917;3;18;18;178;18178;Nord-ovest;Lombardia;Pavia;1;18178;18178;18178;ITC;ITC4;ITC48;ITC;ITC4;ITC48;
Villanova d'Ardenghi;L983;3;18;18;179;18179;Nord-ovest;Lombardia;Pavia;1;18179;18179;18179;ITC;ITC4;ITC48;ITC;ITC4;ITC48;
Villanterio;L994;3;18;18;180;18180;Nord-ovest;Lombardia;Pavia;1;18180;18180;18180;ITC;ITC4;ITC48;ITC;ITC4;ITC48;
Vistarino;M079;3;18;18;181;18181;Nord-ovest;Lombardia;Pavia;1;18181;18181;18181;ITC;ITC4;ITC48;ITC;ITC4;ITC48;
Voghera;M109;3;18;18;182;18182;Nord-ovest;Lombardia;Pavia;1;18182;18182;18182;ITC;ITC4;ITC48;ITC;ITC4;ITC48;
Volpara;M119;3;18;18;183;18183;Nord-ovest;Lombardia;Pavia;1;18183;18183;18183;ITC;ITC4;ITC48;ITC;ITC4;ITC48;
Zavattarello;M150;3;18;18;184;18184;Nord-ovest;Lombardia;Pavia;1;18184;18184;18184;ITC;ITC4;ITC48;ITC;ITC4;ITC48;
Zeccone;M152;3;18;18;185;18185;Nord-ovest;Lombardia;Pavia;1;18185;18185;18185;ITC;ITC4;ITC48;ITC;ITC4;ITC48;
Zeme;M161;3;18;18;186;18186;Nord-ovest;Lombardia;Pavia;1;18186;18186;18186;ITC;ITC4;ITC48;ITC;ITC4;ITC48;
Zenevredo;M162;3;18;18;187;18187;Nord-ovest;Lombardia;Pavia;1;18187;18187;18187;ITC;ITC4;ITC48;ITC;ITC4;ITC48;
Zerbo;M166;3;18;18;188;18188;Nord-ovest;Lombardia;Pavia;1;18188;18188;18188;ITC;ITC4;ITC48;ITC;ITC4;ITC48;
ZerbolÚ;M167;3;18;18;189;18189;Nord-ovest;Lombardia;Pavia;1;18189;18189;18189;ITC;ITC4;ITC48;ITC;ITC4;ITC48;
Zinasco;M180;3;18;18;190;18190;Nord-ovest;Lombardia;Pavia;1;18190;18190;18190;ITC;ITC4;ITC48;ITC;ITC4;ITC48;
Cornale e Bastida;M338;3;18;18;191;18191;Nord-ovest;Lombardia;Pavia;1;18191;18191;18191;ITC;ITC4;ITC48;ITC;ITC4;ITC48;
Corteolona e Genzone;M372;3;18;18;192;18192;Nord-ovest;Lombardia;Pavia;1;18192;18192;18192;ITC;ITC4;ITC48;ITC;ITC4;ITC48;
Colli Verdi;M419;3;18;18;193;18193;Nord-ovest;Lombardia;Pavia;1;18193;18193;18193;ITC;ITC4;ITC48;ITC;ITC4;ITC48;
Acquanegra Cremonese;A039;3;19;19;1;19001;Nord-ovest;Lombardia;Cremona;1;19001;19001;19001;ITC;ITC4;ITC4A;ITC;ITC4;ITC4A;
Agnadello;A076;3;19;19;2;19002;Nord-ovest;Lombardia;Cremona;1;19002;19002;19002;ITC;ITC4;ITC4A;ITC;ITC4;ITC4A;
Annicco;A299;3;19;19;3;19003;Nord-ovest;Lombardia;Cremona;1;19003;19003;19003;ITC;ITC4;ITC4A;ITC;ITC4;ITC4A;
Azzanello;A526;3;19;19;4;19004;Nord-ovest;Lombardia;Cremona;1;19004;19004;19004;ITC;ITC4;ITC4A;ITC;ITC4;ITC4A;
Bagnolo Cremasco;A570;3;19;19;5;19005;Nord-ovest;Lombardia;Cremona;1;19005;19005;19005;ITC;ITC4;ITC4A;ITC;ITC4;ITC4A;
Bonemerse;A972;3;19;19;6;19006;Nord-ovest;Lombardia;Cremona;1;19006;19006;19006;ITC;ITC4;ITC4A;ITC;ITC4;ITC4A;
Bordolano;A986;3;19;19;7;19007;Nord-ovest;Lombardia;Cremona;1;19007;19007;19007;ITC;ITC4;ITC4A;ITC;ITC4;ITC4A;
Calvatone;B439;3;19;19;9;19009;Nord-ovest;Lombardia;Cremona;1;19009;19009;19009;ITC;ITC4;ITC4A;ITC;ITC4;ITC4A;
Camisano;B484;3;19;19;10;19010;Nord-ovest;Lombardia;Cremona;1;19010;19010;19010;ITC;ITC4;ITC4A;ITC;ITC4;ITC4A;
Campagnola Cremasca;B498;3;19;19;11;19011;Nord-ovest;Lombardia;Cremona;1;19011;19011;19011;ITC;ITC4;ITC4A;ITC;ITC4;ITC4A;
Capergnanica;B650;3;19;19;12;19012;Nord-ovest;Lombardia;Cremona;1;19012;19012;19012;ITC;ITC4;ITC4A;ITC;ITC4;ITC4A;
Cappella Cantone;B679;3;19;19;13;19013;Nord-ovest;Lombardia;Cremona;1;19013;19013;19013;ITC;ITC4;ITC4A;ITC;ITC4;ITC4A;
Cappella de' Picenardi;B680;3;19;19;14;19014;Nord-ovest;Lombardia;Cremona;1;19014;19014;19014;ITC;ITC4;ITC4A;ITC;ITC4;ITC4A;
Capralba;B686;3;19;19;15;19015;Nord-ovest;Lombardia;Cremona;1;19015;19015;19015;ITC;ITC4;ITC4A;ITC;ITC4;ITC4A;
Casalbuttano ed Uniti;B869;3;19;19;16;19016;Nord-ovest;Lombardia;Cremona;1;19016;19016;19016;ITC;ITC4;ITC4A;ITC;ITC4;ITC4A;
Casale Cremasco-Vidolasco;B881;3;19;19;17;19017;Nord-ovest;Lombardia;Cremona;1;19017;19017;19017;ITC;ITC4;ITC4A;ITC;ITC4;ITC4A;
Casaletto Ceredano;B889;3;19;19;18;19018;Nord-ovest;Lombardia;Cremona;1;19018;19018;19018;ITC;ITC4;ITC4A;ITC;ITC4;ITC4A;
Casaletto di Sopra;B890;3;19;19;19;19019;Nord-ovest;Lombardia;Cremona;1;19019;19019;19019;ITC;ITC4;ITC4A;ITC;ITC4;ITC4A;
Casaletto Vaprio;B891;3;19;19;20;19020;Nord-ovest;Lombardia;Cremona;1;19020;19020;19020;ITC;ITC4;ITC4A;ITC;ITC4;ITC4A;
Casalmaggiore;B898;3;19;19;21;19021;Nord-ovest;Lombardia;Cremona;1;19021;19021;19021;ITC;ITC4;ITC4A;ITC;ITC4;ITC4A;
Casalmorano;B900;3;19;19;22;19022;Nord-ovest;Lombardia;Cremona;1;19022;19022;19022;ITC;ITC4;ITC4A;ITC;ITC4;ITC4A;
Casteldidone;C089;3;19;19;23;19023;Nord-ovest;Lombardia;Cremona;1;19023;19023;19023;ITC;ITC4;ITC4A;ITC;ITC4;ITC4A;
Castel Gabbiano;C115;3;19;19;24;19024;Nord-ovest;Lombardia;Cremona;1;19024;19024;19024;ITC;ITC4;ITC4A;ITC;ITC4;ITC4A;
Castelleone;C153;3;19;19;25;19025;Nord-ovest;Lombardia;Cremona;1;19025;19025;19025;ITC;ITC4;ITC4A;ITC;ITC4;ITC4A;
Castelverde;B129;3;19;19;26;19026;Nord-ovest;Lombardia;Cremona;1;19026;19026;19026;ITC;ITC4;ITC4A;ITC;ITC4;ITC4A;
Castelvisconti;C290;3;19;19;27;19027;Nord-ovest;Lombardia;Cremona;1;19027;19027;19027;ITC;ITC4;ITC4A;ITC;ITC4;ITC4A;
Cella Dati;C435;3;19;19;28;19028;Nord-ovest;Lombardia;Cremona;1;19028;19028;19028;ITC;ITC4;ITC4A;ITC;ITC4;ITC4A;
Chieve;C634;3;19;19;29;19029;Nord-ovest;Lombardia;Cremona;1;19029;19029;19029;ITC;ITC4;ITC4A;ITC;ITC4;ITC4A;
Cicognolo;C678;3;19;19;30;19030;Nord-ovest;Lombardia;Cremona;1;19030;19030;19030;ITC;ITC4;ITC4A;ITC;ITC4;ITC4A;
Cingia de' Botti;C703;3;19;19;31;19031;Nord-ovest;Lombardia;Cremona;1;19031;19031;19031;ITC;ITC4;ITC4A;ITC;ITC4;ITC4A;
Corte de' Cortesi con Cignone;D056;3;19;19;32;19032;Nord-ovest;Lombardia;Cremona;1;19032;19032;19032;ITC;ITC4;ITC4A;ITC;ITC4;ITC4A;
Corte de' Frati;D057;3;19;19;33;19033;Nord-ovest;Lombardia;Cremona;1;19033;19033;19033;ITC;ITC4;ITC4A;ITC;ITC4;ITC4A;
Credera Rubbiano;D141;3;19;19;34;19034;Nord-ovest;Lombardia;Cremona;1;19034;19034;19034;ITC;ITC4;ITC4A;ITC;ITC4;ITC4A;
Crema;D142;3;19;19;35;19035;Nord-ovest;Lombardia;Cremona;1;19035;19035;19035;ITC;ITC4;ITC4A;ITC;ITC4;ITC4A;
Cremona;D150;3;19;19;36;19036;Nord-ovest;Lombardia;Cremona;1;19036;19036;19036;ITC;ITC4;ITC4A;ITC;ITC4;ITC4A;
Cremosano;D151;3;19;19;37;19037;Nord-ovest;Lombardia;Cremona;1;19037;19037;19037;ITC;ITC4;ITC4A;ITC;ITC4;ITC4A;
Crotta d'Adda;D186;3;19;19;38;19038;Nord-ovest;Lombardia;Cremona;1;19038;19038;19038;ITC;ITC4;ITC4A;ITC;ITC4;ITC4A;
Cumignano sul Naviglio;D203;3;19;19;39;19039;Nord-ovest;Lombardia;Cremona;1;19039;19039;19039;ITC;ITC4;ITC4A;ITC;ITC4;ITC4A;
Derovere;D278;3;19;19;40;19040;Nord-ovest;Lombardia;Cremona;1;19040;19040;19040;ITC;ITC4;ITC4A;ITC;ITC4;ITC4A;
Dovera;D358;3;19;19;41;19041;Nord-ovest;Lombardia;Cremona;1;19041;19041;19041;ITC;ITC4;ITC4A;ITC;ITC4;ITC4A;
Fiesco;D574;3;19;19;43;19043;Nord-ovest;Lombardia;Cremona;1;19043;19043;19043;ITC;ITC4;ITC4A;ITC;ITC4;ITC4A;
Formigara;D710;3;19;19;44;19044;Nord-ovest;Lombardia;Cremona;1;19044;19044;19044;ITC;ITC4;ITC4A;ITC;ITC4;ITC4A;
Gabbioneta-Binanuova;D834;3;19;19;45;19045;Nord-ovest;Lombardia;Cremona;1;19045;19045;19045;ITC;ITC4;ITC4A;ITC;ITC4;ITC4A;
Gadesco-Pieve Delmona;D841;3;19;19;46;19046;Nord-ovest;Lombardia;Cremona;1;19046;19046;19046;ITC;ITC4;ITC4A;ITC;ITC4;ITC4A;
Genivolta;D966;3;19;19;47;19047;Nord-ovest;Lombardia;Cremona;1;19047;19047;19047;ITC;ITC4;ITC4A;ITC;ITC4;ITC4A;
Gerre de' Caprioli;D993;3;19;19;48;19048;Nord-ovest;Lombardia;Cremona;1;19048;19048;19048;ITC;ITC4;ITC4A;ITC;ITC4;ITC4A;
Gombito;E082;3;19;19;49;19049;Nord-ovest;Lombardia;Cremona;1;19049;19049;19049;ITC;ITC4;ITC4A;ITC;ITC4;ITC4A;
Grontardo;E193;3;19;19;50;19050;Nord-ovest;Lombardia;Cremona;1;19050;19050;19050;ITC;ITC4;ITC4A;ITC;ITC4;ITC4A;
Grumello Cremonese ed Uniti;E217;3;19;19;51;19051;Nord-ovest;Lombardia;Cremona;1;19051;19051;19051;ITC;ITC4;ITC4A;ITC;ITC4;ITC4A;
Gussola;E272;3;19;19;52;19052;Nord-ovest;Lombardia;Cremona;1;19052;19052;19052;ITC;ITC4;ITC4A;ITC;ITC4;ITC4A;
Isola Dovarese;E356;3;19;19;53;19053;Nord-ovest;Lombardia;Cremona;1;19053;19053;19053;ITC;ITC4;ITC4A;ITC;ITC4;ITC4A;
Izano;E380;3;19;19;54;19054;Nord-ovest;Lombardia;Cremona;1;19054;19054;19054;ITC;ITC4;ITC4A;ITC;ITC4;ITC4A;
Madignano;E793;3;19;19;55;19055;Nord-ovest;Lombardia;Cremona;1;19055;19055;19055;ITC;ITC4;ITC4A;ITC;ITC4;ITC4A;
Malagnino;E843;3;19;19;56;19056;Nord-ovest;Lombardia;Cremona;1;19056;19056;19056;ITC;ITC4;ITC4A;ITC;ITC4;ITC4A;
Martignana di Po;E983;3;19;19;57;19057;Nord-ovest;Lombardia;Cremona;1;19057;19057;19057;ITC;ITC4;ITC4A;ITC;ITC4;ITC4A;
Monte Cremasco;F434;3;19;19;58;19058;Nord-ovest;Lombardia;Cremona;1;19058;19058;19058;ITC;ITC4;ITC4A;ITC;ITC4;ITC4A;
Montodine;F681;3;19;19;59;19059;Nord-ovest;Lombardia;Cremona;1;19059;19059;19059;ITC;ITC4;ITC4A;ITC;ITC4;ITC4A;
Moscazzano;F761;3;19;19;60;19060;Nord-ovest;Lombardia;Cremona;1;19060;19060;19060;ITC;ITC4;ITC4A;ITC;ITC4;ITC4A;
Motta Baluffi;F771;3;19;19;61;19061;Nord-ovest;Lombardia;Cremona;1;19061;19061;19061;ITC;ITC4;ITC4A;ITC;ITC4;ITC4A;
Offanengo;G004;3;19;19;62;19062;Nord-ovest;Lombardia;Cremona;1;19062;19062;19062;ITC;ITC4;ITC4A;ITC;ITC4;ITC4A;
Olmeneta;G047;3;19;19;63;19063;Nord-ovest;Lombardia;Cremona;1;19063;19063;19063;ITC;ITC4;ITC4A;ITC;ITC4;ITC4A;
Ostiano;G185;3;19;19;64;19064;Nord-ovest;Lombardia;Cremona;1;19064;19064;19064;ITC;ITC4;ITC4A;ITC;ITC4;ITC4A;
Paderno Ponchielli;G222;3;19;19;65;19065;Nord-ovest;Lombardia;Cremona;1;19065;19065;19065;ITC;ITC4;ITC4A;ITC;ITC4;ITC4A;
Palazzo Pignano;G260;3;19;19;66;19066;Nord-ovest;Lombardia;Cremona;1;19066;19066;19066;ITC;ITC4;ITC4A;ITC;ITC4;ITC4A;
Pandino;G306;3;19;19;67;19067;Nord-ovest;Lombardia;Cremona;1;19067;19067;19067;ITC;ITC4;ITC4A;ITC;ITC4;ITC4A;
Persico Dosimo;G469;3;19;19;68;19068;Nord-ovest;Lombardia;Cremona;1;19068;19068;19068;ITC;ITC4;ITC4A;ITC;ITC4;ITC4A;
Pescarolo ed Uniti;G483;3;19;19;69;19069;Nord-ovest;Lombardia;Cremona;1;19069;19069;19069;ITC;ITC4;ITC4A;ITC;ITC4;ITC4A;
Pessina Cremonese;G504;3;19;19;70;19070;Nord-ovest;Lombardia;Cremona;1;19070;19070;19070;ITC;ITC4;ITC4A;ITC;ITC4;ITC4A;
Pianengo;G558;3;19;19;72;19072;Nord-ovest;Lombardia;Cremona;1;19072;19072;19072;ITC;ITC4;ITC4A;ITC;ITC4;ITC4A;
Pieranica;G603;3;19;19;73;19073;Nord-ovest;Lombardia;Cremona;1;19073;19073;19073;ITC;ITC4;ITC4A;ITC;ITC4;ITC4A;
Pieve d'Olmi;G647;3;19;19;74;19074;Nord-ovest;Lombardia;Cremona;1;19074;19074;19074;ITC;ITC4;ITC4A;ITC;ITC4;ITC4A;
Pieve San Giacomo;G651;3;19;19;75;19075;Nord-ovest;Lombardia;Cremona;1;19075;19075;19075;ITC;ITC4;ITC4A;ITC;ITC4;ITC4A;
Pizzighettone;G721;3;19;19;76;19076;Nord-ovest;Lombardia;Cremona;1;19076;19076;19076;ITC;ITC4;ITC4A;ITC;ITC4;ITC4A;
Pozzaglio ed Uniti;B914;3;19;19;77;19077;Nord-ovest;Lombardia;Cremona;1;19077;19077;19077;ITC;ITC4;ITC4A;ITC;ITC4;ITC4A;
Quintano;H130;3;19;19;78;19078;Nord-ovest;Lombardia;Cremona;1;19078;19078;19078;ITC;ITC4;ITC4A;ITC;ITC4;ITC4A;
Ricengo;H276;3;19;19;79;19079;Nord-ovest;Lombardia;Cremona;1;19079;19079;19079;ITC;ITC4;ITC4A;ITC;ITC4;ITC4A;
Ripalta Arpina;H314;3;19;19;80;19080;Nord-ovest;Lombardia;Cremona;1;19080;19080;19080;ITC;ITC4;ITC4A;ITC;ITC4;ITC4A;
Ripalta Cremasca;H315;3;19;19;81;19081;Nord-ovest;Lombardia;Cremona;1;19081;19081;19081;ITC;ITC4;ITC4A;ITC;ITC4;ITC4A;
Ripalta Guerina;H316;3;19;19;82;19082;Nord-ovest;Lombardia;Cremona;1;19082;19082;19082;ITC;ITC4;ITC4A;ITC;ITC4;ITC4A;
Rivarolo del Re ed Uniti;H341;3;19;19;83;19083;Nord-ovest;Lombardia;Cremona;1;19083;19083;19083;ITC;ITC4;ITC4A;ITC;ITC4;ITC4A;
Rivolta d'Adda;H357;3;19;19;84;19084;Nord-ovest;Lombardia;Cremona;1;19084;19084;19084;ITC;ITC4;ITC4A;ITC;ITC4;ITC4A;
Robecco d'Oglio;H372;3;19;19;85;19085;Nord-ovest;Lombardia;Cremona;1;19085;19085;19085;ITC;ITC4;ITC4A;ITC;ITC4;ITC4A;
Romanengo;H508;3;19;19;86;19086;Nord-ovest;Lombardia;Cremona;1;19086;19086;19086;ITC;ITC4;ITC4A;ITC;ITC4;ITC4A;
Salvirola;H731;3;19;19;87;19087;Nord-ovest;Lombardia;Cremona;1;19087;19087;19087;ITC;ITC4;ITC4A;ITC;ITC4;ITC4A;
San Bassano;H767;3;19;19;88;19088;Nord-ovest;Lombardia;Cremona;1;19088;19088;19088;ITC;ITC4;ITC4A;ITC;ITC4;ITC4A;
San Daniele Po;H815;3;19;19;89;19089;Nord-ovest;Lombardia;Cremona;1;19089;19089;19089;ITC;ITC4;ITC4A;ITC;ITC4;ITC4A;
San Giovanni in Croce;H918;3;19;19;90;19090;Nord-ovest;Lombardia;Cremona;1;19090;19090;19090;ITC;ITC4;ITC4A;ITC;ITC4;ITC4A;
San Martino del Lago;I007;3;19;19;91;19091;Nord-ovest;Lombardia;Cremona;1;19091;19091;19091;ITC;ITC4;ITC4A;ITC;ITC4;ITC4A;
Scandolara Ravara;I497;3;19;19;92;19092;Nord-ovest;Lombardia;Cremona;1;19092;19092;19092;ITC;ITC4;ITC4A;ITC;ITC4;ITC4A;
Scandolara Ripa d'Oglio;I498;3;19;19;93;19093;Nord-ovest;Lombardia;Cremona;1;19093;19093;19093;ITC;ITC4;ITC4A;ITC;ITC4;ITC4A;
Sergnano;I627;3;19;19;94;19094;Nord-ovest;Lombardia;Cremona;1;19094;19094;19094;ITC;ITC4;ITC4A;ITC;ITC4;ITC4A;
Sesto ed Uniti;I683;3;19;19;95;19095;Nord-ovest;Lombardia;Cremona;1;19095;19095;19095;ITC;ITC4;ITC4A;ITC;ITC4;ITC4A;
Solarolo Rainerio;I790;3;19;19;96;19096;Nord-ovest;Lombardia;Cremona;1;19096;19096;19096;ITC;ITC4;ITC4A;ITC;ITC4;ITC4A;
Soncino;I827;3;19;19;97;19097;Nord-ovest;Lombardia;Cremona;1;19097;19097;19097;ITC;ITC4;ITC4A;ITC;ITC4;ITC4A;
Soresina;I849;3;19;19;98;19098;Nord-ovest;Lombardia;Cremona;1;19098;19098;19098;ITC;ITC4;ITC4A;ITC;ITC4;ITC4A;
Sospiro;I865;3;19;19;99;19099;Nord-ovest;Lombardia;Cremona;1;19099;19099;19099;ITC;ITC4;ITC4A;ITC;ITC4;ITC4A;
Spinadesco;I906;3;19;19;100;19100;Nord-ovest;Lombardia;Cremona;1;19100;19100;19100;ITC;ITC4;ITC4A;ITC;ITC4;ITC4A;
Spineda;I909;3;19;19;101;19101;Nord-ovest;Lombardia;Cremona;1;19101;19101;19101;ITC;ITC4;ITC4A;ITC;ITC4;ITC4A;
Spino d'Adda;I914;3;19;19;102;19102;Nord-ovest;Lombardia;Cremona;1;19102;19102;19102;ITC;ITC4;ITC4A;ITC;ITC4;ITC4A;
Stagno Lombardo;I935;3;19;19;103;19103;Nord-ovest;Lombardia;Cremona;1;19103;19103;19103;ITC;ITC4;ITC4A;ITC;ITC4;ITC4A;
Ticengo;L164;3;19;19;104;19104;Nord-ovest;Lombardia;Cremona;1;19104;19104;19104;ITC;ITC4;ITC4A;ITC;ITC4;ITC4A;
Torlino Vimercati;L221;3;19;19;105;19105;Nord-ovest;Lombardia;Cremona;1;19105;19105;19105;ITC;ITC4;ITC4A;ITC;ITC4;ITC4A;
Tornata;L225;3;19;19;106;19106;Nord-ovest;Lombardia;Cremona;1;19106;19106;19106;ITC;ITC4;ITC4A;ITC;ITC4;ITC4A;
Torre de' Picenardi;L258;3;19;19;107;19107;Nord-ovest;Lombardia;Cremona;1;19107;19107;19107;ITC;ITC4;ITC4A;ITC;ITC4;ITC4A;
Torricella del Pizzo;L296;3;19;19;108;19108;Nord-ovest;Lombardia;Cremona;1;19108;19108;19108;ITC;ITC4;ITC4A;ITC;ITC4;ITC4A;
Trescore Cremasco;L389;3;19;19;109;19109;Nord-ovest;Lombardia;Cremona;1;19109;19109;19109;ITC;ITC4;ITC4A;ITC;ITC4;ITC4A;
Trigolo;L426;3;19;19;110;19110;Nord-ovest;Lombardia;Cremona;1;19110;19110;19110;ITC;ITC4;ITC4A;ITC;ITC4;ITC4A;
Vaiano Cremasco;L535;3;19;19;111;19111;Nord-ovest;Lombardia;Cremona;1;19111;19111;19111;ITC;ITC4;ITC4A;ITC;ITC4;ITC4A;
Vailate;L539;3;19;19;112;19112;Nord-ovest;Lombardia;Cremona;1;19112;19112;19112;ITC;ITC4;ITC4A;ITC;ITC4;ITC4A;
Vescovato;L806;3;19;19;113;19113;Nord-ovest;Lombardia;Cremona;1;19113;19113;19113;ITC;ITC4;ITC4A;ITC;ITC4;ITC4A;
Volongo;M116;3;19;19;114;19114;Nord-ovest;Lombardia;Cremona;1;19114;19114;19114;ITC;ITC4;ITC4A;ITC;ITC4;ITC4A;
Voltido;M127;3;19;19;115;19115;Nord-ovest;Lombardia;Cremona;1;19115;19115;19115;ITC;ITC4;ITC4A;ITC;ITC4;ITC4A;
Piadena Drizzona;M418;3;19;19;116;19116;Nord-ovest;Lombardia;Cremona;1;19116;19116;19116;ITC;ITC4;ITC4A;ITC;ITC4;ITC4A;
Acquanegra sul Chiese;A038;3;20;20;1;20001;Nord-ovest;Lombardia;Mantova;1;20001;20001;20001;ITC;ITC4;ITC4B;ITC;ITC4;ITC4B;
Asola;A470;3;20;20;2;20002;Nord-ovest;Lombardia;Mantova;1;20002;20002;20002;ITC;ITC4;ITC4B;ITC;ITC4;ITC4B;
Bagnolo San Vito;A575;3;20;20;3;20003;Nord-ovest;Lombardia;Mantova;1;20003;20003;20003;ITC;ITC4;ITC4B;ITC;ITC4;ITC4B;
Bozzolo;B110;3;20;20;7;20007;Nord-ovest;Lombardia;Mantova;1;20007;20007;20007;ITC;ITC4;ITC4B;ITC;ITC4;ITC4B;
Canneto sull'Oglio;B612;3;20;20;8;20008;Nord-ovest;Lombardia;Mantova;1;20008;20008;20008;ITC;ITC4;ITC4B;ITC;ITC4;ITC4B;
Casalmoro;B901;3;20;20;10;20010;Nord-ovest;Lombardia;Mantova;1;20010;20010;20010;ITC;ITC4;ITC4B;ITC;ITC4;ITC4B;
Casaloldo;B907;3;20;20;11;20011;Nord-ovest;Lombardia;Mantova;1;20011;20011;20011;ITC;ITC4;ITC4B;ITC;ITC4;ITC4B;
Casalromano;B911;3;20;20;12;20012;Nord-ovest;Lombardia;Mantova;1;20012;20012;20012;ITC;ITC4;ITC4B;ITC;ITC4;ITC4B;
Castelbelforte;C059;3;20;20;13;20013;Nord-ovest;Lombardia;Mantova;1;20013;20013;20013;ITC;ITC4;ITC4B;ITC;ITC4;ITC4B;
Castel d'Ario;C076;3;20;20;14;20014;Nord-ovest;Lombardia;Mantova;1;20014;20014;20014;ITC;ITC4;ITC4B;ITC;ITC4;ITC4B;
Castel Goffredo;C118;3;20;20;15;20015;Nord-ovest;Lombardia;Mantova;1;20015;20015;20015;ITC;ITC4;ITC4B;ITC;ITC4;ITC4B;
Castellucchio;C195;3;20;20;16;20016;Nord-ovest;Lombardia;Mantova;1;20016;20016;20016;ITC;ITC4;ITC4B;ITC;ITC4;ITC4B;
Castiglione delle Stiviere;C312;3;20;20;17;20017;Nord-ovest;Lombardia;Mantova;1;20017;20017;20017;ITC;ITC4;ITC4B;ITC;ITC4;ITC4B;
Cavriana;C406;3;20;20;18;20018;Nord-ovest;Lombardia;Mantova;1;20018;20018;20018;ITC;ITC4;ITC4B;ITC;ITC4;ITC4B;
Ceresara;C502;3;20;20;19;20019;Nord-ovest;Lombardia;Mantova;1;20019;20019;20019;ITC;ITC4;ITC4B;ITC;ITC4;ITC4B;
Commessaggio;C930;3;20;20;20;20020;Nord-ovest;Lombardia;Mantova;1;20020;20020;20020;ITC;ITC4;ITC4B;ITC;ITC4;ITC4B;
Curtatone;D227;3;20;20;21;20021;Nord-ovest;Lombardia;Mantova;1;20021;20021;20021;ITC;ITC4;ITC4B;ITC;ITC4;ITC4B;
Dosolo;D351;3;20;20;22;20022;Nord-ovest;Lombardia;Mantova;1;20022;20022;20022;ITC;ITC4;ITC4B;ITC;ITC4;ITC4B;
Gazoldo degli Ippoliti;D949;3;20;20;24;20024;Nord-ovest;Lombardia;Mantova;1;20024;20024;20024;ITC;ITC4;ITC4B;ITC;ITC4;ITC4B;
Gazzuolo;D959;3;20;20;25;20025;Nord-ovest;Lombardia;Mantova;1;20025;20025;20025;ITC;ITC4;ITC4B;ITC;ITC4;ITC4B;
Goito;E078;3;20;20;26;20026;Nord-ovest;Lombardia;Mantova;1;20026;20026;20026;ITC;ITC4;ITC4B;ITC;ITC4;ITC4B;
Gonzaga;E089;3;20;20;27;20027;Nord-ovest;Lombardia;Mantova;1;20027;20027;20027;ITC;ITC4;ITC4B;ITC;ITC4;ITC4B;
Guidizzolo;E261;3;20;20;28;20028;Nord-ovest;Lombardia;Mantova;1;20028;20028;20028;ITC;ITC4;ITC4B;ITC;ITC4;ITC4B;
Magnacavallo;E818;3;20;20;29;20029;Nord-ovest;Lombardia;Mantova;1;20029;20029;20029;ITC;ITC4;ITC4B;ITC;ITC4;ITC4B;
Mantova;E897;3;20;20;30;20030;Nord-ovest;Lombardia;Mantova;1;20030;20030;20030;ITC;ITC4;ITC4B;ITC;ITC4;ITC4B;
Marcaria;E922;3;20;20;31;20031;Nord-ovest;Lombardia;Mantova;1;20031;20031;20031;ITC;ITC4;ITC4B;ITC;ITC4;ITC4B;
Mariana Mantovana;E949;3;20;20;32;20032;Nord-ovest;Lombardia;Mantova;1;20032;20032;20032;ITC;ITC4;ITC4B;ITC;ITC4;ITC4B;
Marmirolo;E962;3;20;20;33;20033;Nord-ovest;Lombardia;Mantova;1;20033;20033;20033;ITC;ITC4;ITC4B;ITC;ITC4;ITC4B;
Medole;F086;3;20;20;34;20034;Nord-ovest;Lombardia;Mantova;1;20034;20034;20034;ITC;ITC4;ITC4B;ITC;ITC4;ITC4B;
Moglia;F267;3;20;20;35;20035;Nord-ovest;Lombardia;Mantova;1;20035;20035;20035;ITC;ITC4;ITC4B;ITC;ITC4;ITC4B;
Monzambano;F705;3;20;20;36;20036;Nord-ovest;Lombardia;Mantova;1;20036;20036;20036;ITC;ITC4;ITC4B;ITC;ITC4;ITC4B;
Motteggiana;B012;3;20;20;37;20037;Nord-ovest;Lombardia;Mantova;1;20037;20037;20037;ITC;ITC4;ITC4B;ITC;ITC4;ITC4B;
Ostiglia;G186;3;20;20;38;20038;Nord-ovest;Lombardia;Mantova;1;20038;20038;20038;ITC;ITC4;ITC4B;ITC;ITC4;ITC4B;
Pegognaga;G417;3;20;20;39;20039;Nord-ovest;Lombardia;Mantova;1;20039;20039;20039;ITC;ITC4;ITC4B;ITC;ITC4;ITC4B;
Piubega;G717;3;20;20;41;20041;Nord-ovest;Lombardia;Mantova;1;20041;20041;20041;ITC;ITC4;ITC4B;ITC;ITC4;ITC4B;
Poggio Rusco;G753;3;20;20;42;20042;Nord-ovest;Lombardia;Mantova;1;20042;20042;20042;ITC;ITC4;ITC4B;ITC;ITC4;ITC4B;
Pomponesco;G816;3;20;20;43;20043;Nord-ovest;Lombardia;Mantova;1;20043;20043;20043;ITC;ITC4;ITC4B;ITC;ITC4;ITC4B;
Ponti sul Mincio;G862;3;20;20;44;20044;Nord-ovest;Lombardia;Mantova;1;20044;20044;20044;ITC;ITC4;ITC4B;ITC;ITC4;ITC4B;
Porto Mantovano;G917;3;20;20;45;20045;Nord-ovest;Lombardia;Mantova;1;20045;20045;20045;ITC;ITC4;ITC4B;ITC;ITC4;ITC4B;
Quingentole;H129;3;20;20;46;20046;Nord-ovest;Lombardia;Mantova;1;20046;20046;20046;ITC;ITC4;ITC4B;ITC;ITC4;ITC4B;
Quistello;H143;3;20;20;47;20047;Nord-ovest;Lombardia;Mantova;1;20047;20047;20047;ITC;ITC4;ITC4B;ITC;ITC4;ITC4B;
Redondesco;H218;3;20;20;48;20048;Nord-ovest;Lombardia;Mantova;1;20048;20048;20048;ITC;ITC4;ITC4B;ITC;ITC4;ITC4B;
Rivarolo Mantovano;H342;3;20;20;50;20050;Nord-ovest;Lombardia;Mantova;1;20050;20050;20050;ITC;ITC4;ITC4B;ITC;ITC4;ITC4B;
Rodigo;H481;3;20;20;51;20051;Nord-ovest;Lombardia;Mantova;1;20051;20051;20051;ITC;ITC4;ITC4B;ITC;ITC4;ITC4B;
Roncoferraro;H541;3;20;20;52;20052;Nord-ovest;Lombardia;Mantova;1;20052;20052;20052;ITC;ITC4;ITC4B;ITC;ITC4;ITC4B;
Roverbella;H604;3;20;20;53;20053;Nord-ovest;Lombardia;Mantova;1;20053;20053;20053;ITC;ITC4;ITC4B;ITC;ITC4;ITC4B;
Sabbioneta;H652;3;20;20;54;20054;Nord-ovest;Lombardia;Mantova;1;20054;20054;20054;ITC;ITC4;ITC4B;ITC;ITC4;ITC4B;
San Benedetto Po;H771;3;20;20;55;20055;Nord-ovest;Lombardia;Mantova;1;20055;20055;20055;ITC;ITC4;ITC4B;ITC;ITC4;ITC4B;
San Giacomo delle Segnate;H870;3;20;20;56;20056;Nord-ovest;Lombardia;Mantova;1;20056;20056;20056;ITC;ITC4;ITC4B;ITC;ITC4;ITC4B;
San Giorgio Bigarello;H883;3;20;20;57;20057;Nord-ovest;Lombardia;Mantova;1;20057;20057;20057;ITC;ITC4;ITC4B;ITC;ITC4;ITC4B;
San Giovanni del Dosso;H912;3;20;20;58;20058;Nord-ovest;Lombardia;Mantova;1;20058;20058;20058;ITC;ITC4;ITC4B;ITC;ITC4;ITC4B;
San Martino dall'Argine;I005;3;20;20;59;20059;Nord-ovest;Lombardia;Mantova;1;20059;20059;20059;ITC;ITC4;ITC4B;ITC;ITC4;ITC4B;
Schivenoglia;I532;3;20;20;60;20060;Nord-ovest;Lombardia;Mantova;1;20060;20060;20060;ITC;ITC4;ITC4B;ITC;ITC4;ITC4B;
Sermide e Felonica;I632;3;20;20;61;20061;Nord-ovest;Lombardia;Mantova;1;20061;20061;20061;ITC;ITC4;ITC4B;ITC;ITC4;ITC4B;
Serravalle a Po;I662;3;20;20;62;20062;Nord-ovest;Lombardia;Mantova;1;20062;20062;20062;ITC;ITC4;ITC4B;ITC;ITC4;ITC4B;
Solferino;I801;3;20;20;63;20063;Nord-ovest;Lombardia;Mantova;1;20063;20063;20063;ITC;ITC4;ITC4B;ITC;ITC4;ITC4B;
Sustinente;L015;3;20;20;64;20064;Nord-ovest;Lombardia;Mantova;1;20064;20064;20064;ITC;ITC4;ITC4B;ITC;ITC4;ITC4B;
Suzzara;L020;3;20;20;65;20065;Nord-ovest;Lombardia;Mantova;1;20065;20065;20065;ITC;ITC4;ITC4B;ITC;ITC4;ITC4B;
Viadana;L826;3;20;20;66;20066;Nord-ovest;Lombardia;Mantova;1;20066;20066;20066;ITC;ITC4;ITC4B;ITC;ITC4;ITC4B;
Villimpenta;M044;3;20;20;68;20068;Nord-ovest;Lombardia;Mantova;1;20068;20068;20068;ITC;ITC4;ITC4B;ITC;ITC4;ITC4B;
Volta Mantovana;M125;3;20;20;70;20070;Nord-ovest;Lombardia;Mantova;1;20070;20070;20070;ITC;ITC4;ITC4B;ITC;ITC4;ITC4B;
Borgo Virgilio;M340;3;20;20;71;20071;Nord-ovest;Lombardia;Mantova;1;20071;20071;20071;ITC;ITC4;ITC4B;ITC;ITC4;ITC4B;
Borgo Mantovano;M396;3;20;20;72;20072;Nord-ovest;Lombardia;Mantova;1;20072;20072;20072;ITC;ITC4;ITC4B;ITC;ITC4;ITC4B;
Borgocarbonara;M406;3;20;20;73;20073;Nord-ovest;Lombardia;Mantova;1;20073;20073;20073;ITC;ITC4;ITC4B;ITC;ITC4;ITC4B;
Abbadia Lariana;A005;3;97;97;1;97001;Nord-ovest;Lombardia;Lecco;1;97001;97001;97001;ITC;ITC4;ITC43;ITC;ITC4;ITC43;
Airuno;A112;3;97;97;2;97002;Nord-ovest;Lombardia;Lecco;1;97002;97002;97002;ITC;ITC4;ITC43;ITC;ITC4;ITC43;
Annone di Brianza;A301;3;97;97;3;97003;Nord-ovest;Lombardia;Lecco;1;97003;97003;97003;ITC;ITC4;ITC43;ITC;ITC4;ITC43;
Ballabio;A594;3;97;97;4;97004;Nord-ovest;Lombardia;Lecco;1;97004;97004;97004;ITC;ITC4;ITC43;ITC;ITC4;ITC43;
Barzago;A683;3;97;97;5;97005;Nord-ovest;Lombardia;Lecco;1;97005;97005;97005;ITC;ITC4;ITC43;ITC;ITC4;ITC43;
BarzanÚ;A686;3;97;97;6;97006;Nord-ovest;Lombardia;Lecco;1;97006;97006;97006;ITC;ITC4;ITC43;ITC;ITC4;ITC43;
Barzio;A687;3;97;97;7;97007;Nord-ovest;Lombardia;Lecco;1;97007;97007;97007;ITC;ITC4;ITC43;ITC;ITC4;ITC43;
Bellano;A745;3;97;97;8;97008;Nord-ovest;Lombardia;Lecco;1;97008;97008;97008;ITC;ITC4;ITC43;ITC;ITC4;ITC43;
Bosisio Parini;B081;3;97;97;9;97009;Nord-ovest;Lombardia;Lecco;1;97009;97009;97009;ITC;ITC4;ITC43;ITC;ITC4;ITC43;
Brivio;B194;3;97;97;10;97010;Nord-ovest;Lombardia;Lecco;1;97010;97010;97010;ITC;ITC4;ITC43;ITC;ITC4;ITC43;
Bulciago;B261;3;97;97;11;97011;Nord-ovest;Lombardia;Lecco;1;97011;97011;97011;ITC;ITC4;ITC43;ITC;ITC4;ITC43;
Calco;B396;3;97;97;12;97012;Nord-ovest;Lombardia;Lecco;1;97012;97012;97012;ITC;ITC4;ITC43;ITC;ITC4;ITC43;
Calolziocorte;B423;3;97;97;13;97013;Nord-ovest;Lombardia;Lecco;1;97013;97013;97013;ITC;ITC4;ITC43;ITC;ITC4;ITC43;
Carenno;B763;3;97;97;14;97014;Nord-ovest;Lombardia;Lecco;1;97014;97014;97014;ITC;ITC4;ITC43;ITC;ITC4;ITC43;
Casargo;B937;3;97;97;15;97015;Nord-ovest;Lombardia;Lecco;1;97015;97015;97015;ITC;ITC4;ITC43;ITC;ITC4;ITC43;
Casatenovo;B943;3;97;97;16;97016;Nord-ovest;Lombardia;Lecco;1;97016;97016;97016;ITC;ITC4;ITC43;ITC;ITC4;ITC43;
Cassago Brianza;B996;3;97;97;17;97017;Nord-ovest;Lombardia;Lecco;1;97017;97017;97017;ITC;ITC4;ITC43;ITC;ITC4;ITC43;
Cassina Valsassina;C024;3;97;97;18;97018;Nord-ovest;Lombardia;Lecco;1;97018;97018;97018;ITC;ITC4;ITC43;ITC;ITC4;ITC43;
Castello di Brianza;C187;3;97;97;19;97019;Nord-ovest;Lombardia;Lecco;1;97019;97019;97019;ITC;ITC4;ITC43;ITC;ITC4;ITC43;
Cernusco Lombardone;C521;3;97;97;20;97020;Nord-ovest;Lombardia;Lecco;1;97020;97020;97020;ITC;ITC4;ITC43;ITC;ITC4;ITC43;
Cesana Brianza;C563;3;97;97;21;97021;Nord-ovest;Lombardia;Lecco;1;97021;97021;97021;ITC;ITC4;ITC43;ITC;ITC4;ITC43;
Civate;C752;3;97;97;22;97022;Nord-ovest;Lombardia;Lecco;1;97022;97022;97022;ITC;ITC4;ITC43;ITC;ITC4;ITC43;
Colico;C839;3;97;97;23;97023;Nord-ovest;Lombardia;Lecco;1;97023;97023;97023;ITC;ITC4;ITC43;ITC;ITC4;ITC43;
Colle Brianza;C851;3;97;97;24;97024;Nord-ovest;Lombardia;Lecco;1;97024;97024;97024;ITC;ITC4;ITC43;ITC;ITC4;ITC43;
Cortenova;D065;3;97;97;25;97025;Nord-ovest;Lombardia;Lecco;1;97025;97025;97025;ITC;ITC4;ITC43;ITC;ITC4;ITC43;
Costa Masnaga;D112;3;97;97;26;97026;Nord-ovest;Lombardia;Lecco;1;97026;97026;97026;ITC;ITC4;ITC43;ITC;ITC4;ITC43;
Crandola Valsassina;D131;3;97;97;27;97027;Nord-ovest;Lombardia;Lecco;1;97027;97027;97027;ITC;ITC4;ITC43;ITC;ITC4;ITC43;
Cremella;D143;3;97;97;28;97028;Nord-ovest;Lombardia;Lecco;1;97028;97028;97028;ITC;ITC4;ITC43;ITC;ITC4;ITC43;
Cremeno;D145;3;97;97;29;97029;Nord-ovest;Lombardia;Lecco;1;97029;97029;97029;ITC;ITC4;ITC43;ITC;ITC4;ITC43;
Dervio;D280;3;97;97;30;97030;Nord-ovest;Lombardia;Lecco;1;97030;97030;97030;ITC;ITC4;ITC43;ITC;ITC4;ITC43;
Dolzago;D327;3;97;97;31;97031;Nord-ovest;Lombardia;Lecco;1;97031;97031;97031;ITC;ITC4;ITC43;ITC;ITC4;ITC43;
Dorio;D346;3;97;97;32;97032;Nord-ovest;Lombardia;Lecco;1;97032;97032;97032;ITC;ITC4;ITC43;ITC;ITC4;ITC43;
Ello;D398;3;97;97;33;97033;Nord-ovest;Lombardia;Lecco;1;97033;97033;97033;ITC;ITC4;ITC43;ITC;ITC4;ITC43;
Erve;D428;3;97;97;34;97034;Nord-ovest;Lombardia;Lecco;1;97034;97034;97034;ITC;ITC4;ITC43;ITC;ITC4;ITC43;
Esino Lario;D436;3;97;97;35;97035;Nord-ovest;Lombardia;Lecco;1;97035;97035;97035;ITC;ITC4;ITC43;ITC;ITC4;ITC43;
Galbiate;D865;3;97;97;36;97036;Nord-ovest;Lombardia;Lecco;1;97036;97036;97036;ITC;ITC4;ITC43;ITC;ITC4;ITC43;
Garbagnate Monastero;D913;3;97;97;37;97037;Nord-ovest;Lombardia;Lecco;1;97037;97037;97037;ITC;ITC4;ITC43;ITC;ITC4;ITC43;
Garlate;D926;3;97;97;38;97038;Nord-ovest;Lombardia;Lecco;1;97038;97038;97038;ITC;ITC4;ITC43;ITC;ITC4;ITC43;
Imbersago;E287;3;97;97;39;97039;Nord-ovest;Lombardia;Lecco;1;97039;97039;97039;ITC;ITC4;ITC43;ITC;ITC4;ITC43;
Introbio;E305;3;97;97;40;97040;Nord-ovest;Lombardia;Lecco;1;97040;97040;97040;ITC;ITC4;ITC43;ITC;ITC4;ITC43;
Lecco;E507;3;97;97;42;97042;Nord-ovest;Lombardia;Lecco;1;97042;97042;97042;ITC;ITC4;ITC43;ITC;ITC4;ITC43;
Lierna;E581;3;97;97;43;97043;Nord-ovest;Lombardia;Lecco;1;97043;97043;97043;ITC;ITC4;ITC43;ITC;ITC4;ITC43;
Lomagna;E656;3;97;97;44;97044;Nord-ovest;Lombardia;Lecco;1;97044;97044;97044;ITC;ITC4;ITC43;ITC;ITC4;ITC43;
Malgrate;E858;3;97;97;45;97045;Nord-ovest;Lombardia;Lecco;1;97045;97045;97045;ITC;ITC4;ITC43;ITC;ITC4;ITC43;
Mandello del Lario;E879;3;97;97;46;97046;Nord-ovest;Lombardia;Lecco;1;97046;97046;97046;ITC;ITC4;ITC43;ITC;ITC4;ITC43;
Margno;E947;3;97;97;47;97047;Nord-ovest;Lombardia;Lecco;1;97047;97047;97047;ITC;ITC4;ITC43;ITC;ITC4;ITC43;
Merate;F133;3;97;97;48;97048;Nord-ovest;Lombardia;Lecco;1;97048;97048;97048;ITC;ITC4;ITC43;ITC;ITC4;ITC43;
Missaglia;F248;3;97;97;49;97049;Nord-ovest;Lombardia;Lecco;1;97049;97049;97049;ITC;ITC4;ITC43;ITC;ITC4;ITC43;
Moggio;F265;3;97;97;50;97050;Nord-ovest;Lombardia;Lecco;1;97050;97050;97050;ITC;ITC4;ITC43;ITC;ITC4;ITC43;
Molteno;F304;3;97;97;51;97051;Nord-ovest;Lombardia;Lecco;1;97051;97051;97051;ITC;ITC4;ITC43;ITC;ITC4;ITC43;
Monte Marenzo;F561;3;97;97;52;97052;Nord-ovest;Lombardia;Lecco;1;97052;97052;97052;ITC;ITC4;ITC43;ITC;ITC4;ITC43;
Montevecchia;F657;3;97;97;53;97053;Nord-ovest;Lombardia;Lecco;1;97053;97053;97053;ITC;ITC4;ITC43;ITC;ITC4;ITC43;
Monticello Brianza;F674;3;97;97;54;97054;Nord-ovest;Lombardia;Lecco;1;97054;97054;97054;ITC;ITC4;ITC43;ITC;ITC4;ITC43;
Morterone;F758;3;97;97;55;97055;Nord-ovest;Lombardia;Lecco;1;97055;97055;97055;ITC;ITC4;ITC43;ITC;ITC4;ITC43;
Nibionno;F887;3;97;97;56;97056;Nord-ovest;Lombardia;Lecco;1;97056;97056;97056;ITC;ITC4;ITC43;ITC;ITC4;ITC43;
Oggiono;G009;3;97;97;57;97057;Nord-ovest;Lombardia;Lecco;1;97057;97057;97057;ITC;ITC4;ITC43;ITC;ITC4;ITC43;
Olgiate Molgora;G026;3;97;97;58;97058;Nord-ovest;Lombardia;Lecco;1;97058;97058;97058;ITC;ITC4;ITC43;ITC;ITC4;ITC43;
Olginate;G030;3;97;97;59;97059;Nord-ovest;Lombardia;Lecco;1;97059;97059;97059;ITC;ITC4;ITC43;ITC;ITC4;ITC43;
Oliveto Lario;G040;3;97;97;60;97060;Nord-ovest;Lombardia;Lecco;1;97060;97060;97060;ITC;ITC4;ITC43;ITC;ITC4;ITC43;
Osnago;G161;3;97;97;61;97061;Nord-ovest;Lombardia;Lecco;1;97061;97061;97061;ITC;ITC4;ITC43;ITC;ITC4;ITC43;
Paderno d'Adda;G218;3;97;97;62;97062;Nord-ovest;Lombardia;Lecco;1;97062;97062;97062;ITC;ITC4;ITC43;ITC;ITC4;ITC43;
Pagnona;G241;3;97;97;63;97063;Nord-ovest;Lombardia;Lecco;1;97063;97063;97063;ITC;ITC4;ITC43;ITC;ITC4;ITC43;
Parlasco;G336;3;97;97;64;97064;Nord-ovest;Lombardia;Lecco;1;97064;97064;97064;ITC;ITC4;ITC43;ITC;ITC4;ITC43;
Pasturo;G368;3;97;97;65;97065;Nord-ovest;Lombardia;Lecco;1;97065;97065;97065;ITC;ITC4;ITC43;ITC;ITC4;ITC43;
Perledo;G456;3;97;97;67;97067;Nord-ovest;Lombardia;Lecco;1;97067;97067;97067;ITC;ITC4;ITC43;ITC;ITC4;ITC43;
Pescate;G485;3;97;97;68;97068;Nord-ovest;Lombardia;Lecco;1;97068;97068;97068;ITC;ITC4;ITC43;ITC;ITC4;ITC43;
Premana;H028;3;97;97;69;97069;Nord-ovest;Lombardia;Lecco;1;97069;97069;97069;ITC;ITC4;ITC43;ITC;ITC4;ITC43;
Primaluna;H063;3;97;97;70;97070;Nord-ovest;Lombardia;Lecco;1;97070;97070;97070;ITC;ITC4;ITC43;ITC;ITC4;ITC43;
Robbiate;G223;3;97;97;71;97071;Nord-ovest;Lombardia;Lecco;1;97071;97071;97071;ITC;ITC4;ITC43;ITC;ITC4;ITC43;
Rogeno;H486;3;97;97;72;97072;Nord-ovest;Lombardia;Lecco;1;97072;97072;97072;ITC;ITC4;ITC43;ITC;ITC4;ITC43;
Santa Maria HoË;I243;3;97;97;74;97074;Nord-ovest;Lombardia;Lecco;1;97074;97074;97074;ITC;ITC4;ITC43;ITC;ITC4;ITC43;
Sirone;I759;3;97;97;75;97075;Nord-ovest;Lombardia;Lecco;1;97075;97075;97075;ITC;ITC4;ITC43;ITC;ITC4;ITC43;
Sirtori;I761;3;97;97;76;97076;Nord-ovest;Lombardia;Lecco;1;97076;97076;97076;ITC;ITC4;ITC43;ITC;ITC4;ITC43;
Sueglio;I994;3;97;97;77;97077;Nord-ovest;Lombardia;Lecco;1;97077;97077;97077;ITC;ITC4;ITC43;ITC;ITC4;ITC43;
Suello;I996;3;97;97;78;97078;Nord-ovest;Lombardia;Lecco;1;97078;97078;97078;ITC;ITC4;ITC43;ITC;ITC4;ITC43;
Taceno;L022;3;97;97;79;97079;Nord-ovest;Lombardia;Lecco;1;97079;97079;97079;ITC;ITC4;ITC43;ITC;ITC4;ITC43;
Valgreghentino;L581;3;97;97;82;97082;Nord-ovest;Lombardia;Lecco;1;97082;97082;97082;ITC;ITC4;ITC43;ITC;ITC4;ITC43;
Valmadrera;L634;3;97;97;83;97083;Nord-ovest;Lombardia;Lecco;1;97083;97083;97083;ITC;ITC4;ITC43;ITC;ITC4;ITC43;
Varenna;L680;3;97;97;84;97084;Nord-ovest;Lombardia;Lecco;1;97084;97084;97084;ITC;ITC4;ITC43;ITC;ITC4;ITC43;
Vercurago;L751;3;97;97;86;97086;Nord-ovest;Lombardia;Lecco;1;97086;97086;97086;ITC;ITC4;ITC43;ITC;ITC4;ITC43;
ViganÚ;L866;3;97;97;90;97090;Nord-ovest;Lombardia;Lecco;1;97090;97090;97090;ITC;ITC4;ITC43;ITC;ITC4;ITC43;
Verderio;M337;3;97;97;91;97091;Nord-ovest;Lombardia;Lecco;1;97091;97091;97091;ITC;ITC4;ITC43;ITC;ITC4;ITC43;
La Valletta Brianza;M348;3;97;97;92;97092;Nord-ovest;Lombardia;Lecco;1;97092;97092;97092;ITC;ITC4;ITC43;ITC;ITC4;ITC43;
Valvarrone;M395;3;97;97;93;97093;Nord-ovest;Lombardia;Lecco;1;97093;97093;97093;ITC;ITC4;ITC43;ITC;ITC4;ITC43;
Abbadia Cerreto;A004;3;98;98;1;98001;Nord-ovest;Lombardia;Lodi;1;98001;98001;98001;ITC;ITC4;ITC49;ITC;ITC4;ITC49;
Bertonico;A811;3;98;98;2;98002;Nord-ovest;Lombardia;Lodi;1;98002;98002;98002;ITC;ITC4;ITC49;ITC;ITC4;ITC49;
Boffalora d'Adda;A919;3;98;98;3;98003;Nord-ovest;Lombardia;Lodi;1;98003;98003;98003;ITC;ITC4;ITC49;ITC;ITC4;ITC49;
Borghetto Lodigiano;A995;3;98;98;4;98004;Nord-ovest;Lombardia;Lodi;1;98004;98004;98004;ITC;ITC4;ITC49;ITC;ITC4;ITC49;
Borgo San Giovanni;B017;3;98;98;5;98005;Nord-ovest;Lombardia;Lodi;1;98005;98005;98005;ITC;ITC4;ITC49;ITC;ITC4;ITC49;
Brembio;B141;3;98;98;6;98006;Nord-ovest;Lombardia;Lodi;1;98006;98006;98006;ITC;ITC4;ITC49;ITC;ITC4;ITC49;
Casaletto Lodigiano;B887;3;98;98;8;98008;Nord-ovest;Lombardia;Lodi;1;98008;98008;98008;ITC;ITC4;ITC49;ITC;ITC4;ITC49;
Casalmaiocco;B899;3;98;98;9;98009;Nord-ovest;Lombardia;Lodi;1;98009;98009;98009;ITC;ITC4;ITC49;ITC;ITC4;ITC49;
Casalpusterlengo;B910;3;98;98;10;98010;Nord-ovest;Lombardia;Lodi;1;98010;98010;98010;ITC;ITC4;ITC49;ITC;ITC4;ITC49;
Caselle Landi;B961;3;98;98;11;98011;Nord-ovest;Lombardia;Lodi;1;98011;98011;98011;ITC;ITC4;ITC49;ITC;ITC4;ITC49;
Caselle Lurani;B958;3;98;98;12;98012;Nord-ovest;Lombardia;Lodi;1;98012;98012;98012;ITC;ITC4;ITC49;ITC;ITC4;ITC49;
Castelnuovo Bocca d'Adda;C228;3;98;98;13;98013;Nord-ovest;Lombardia;Lodi;1;98013;98013;98013;ITC;ITC4;ITC49;ITC;ITC4;ITC49;
Castiglione d'Adda;C304;3;98;98;14;98014;Nord-ovest;Lombardia;Lodi;1;98014;98014;98014;ITC;ITC4;ITC49;ITC;ITC4;ITC49;
Castiraga Vidardo;C329;3;98;98;15;98015;Nord-ovest;Lombardia;Lodi;1;98015;98015;98015;ITC;ITC4;ITC49;ITC;ITC4;ITC49;
Cavenago d'Adda;C394;3;98;98;17;98017;Nord-ovest;Lombardia;Lodi;1;98017;98017;98017;ITC;ITC4;ITC49;ITC;ITC4;ITC49;
Cervignano d'Adda;C555;3;98;98;18;98018;Nord-ovest;Lombardia;Lodi;1;98018;98018;98018;ITC;ITC4;ITC49;ITC;ITC4;ITC49;
Codogno;C816;3;98;98;19;98019;Nord-ovest;Lombardia;Lodi;1;98019;98019;98019;ITC;ITC4;ITC49;ITC;ITC4;ITC49;
Comazzo;C917;3;98;98;20;98020;Nord-ovest;Lombardia;Lodi;1;98020;98020;98020;ITC;ITC4;ITC49;ITC;ITC4;ITC49;
Cornegliano Laudense;D021;3;98;98;21;98021;Nord-ovest;Lombardia;Lodi;1;98021;98021;98021;ITC;ITC4;ITC49;ITC;ITC4;ITC49;
Corno Giovine;D028;3;98;98;22;98022;Nord-ovest;Lombardia;Lodi;1;98022;98022;98022;ITC;ITC4;ITC49;ITC;ITC4;ITC49;
Cornovecchio;D029;3;98;98;23;98023;Nord-ovest;Lombardia;Lodi;1;98023;98023;98023;ITC;ITC4;ITC49;ITC;ITC4;ITC49;
Corte Palasio;D068;3;98;98;24;98024;Nord-ovest;Lombardia;Lodi;1;98024;98024;98024;ITC;ITC4;ITC49;ITC;ITC4;ITC49;
Crespiatica;D159;3;98;98;25;98025;Nord-ovest;Lombardia;Lodi;1;98025;98025;98025;ITC;ITC4;ITC49;ITC;ITC4;ITC49;
Fombio;D660;3;98;98;26;98026;Nord-ovest;Lombardia;Lodi;1;98026;98026;98026;ITC;ITC4;ITC49;ITC;ITC4;ITC49;
Galgagnano;D868;3;98;98;27;98027;Nord-ovest;Lombardia;Lodi;1;98027;98027;98027;ITC;ITC4;ITC49;ITC;ITC4;ITC49;
Graffignana;E127;3;98;98;28;98028;Nord-ovest;Lombardia;Lodi;1;98028;98028;98028;ITC;ITC4;ITC49;ITC;ITC4;ITC49;
Guardamiglio;E238;3;98;98;29;98029;Nord-ovest;Lombardia;Lodi;1;98029;98029;98029;ITC;ITC4;ITC49;ITC;ITC4;ITC49;
Livraga;E627;3;98;98;30;98030;Nord-ovest;Lombardia;Lodi;1;98030;98030;98030;ITC;ITC4;ITC49;ITC;ITC4;ITC49;
Lodi;E648;3;98;98;31;98031;Nord-ovest;Lombardia;Lodi;1;98031;98031;98031;ITC;ITC4;ITC49;ITC;ITC4;ITC49;
Lodi Vecchio;E651;3;98;98;32;98032;Nord-ovest;Lombardia;Lodi;1;98032;98032;98032;ITC;ITC4;ITC49;ITC;ITC4;ITC49;
Maccastorna;E777;3;98;98;33;98033;Nord-ovest;Lombardia;Lodi;1;98033;98033;98033;ITC;ITC4;ITC49;ITC;ITC4;ITC49;
Mairago;E840;3;98;98;34;98034;Nord-ovest;Lombardia;Lodi;1;98034;98034;98034;ITC;ITC4;ITC49;ITC;ITC4;ITC49;
Maleo;E852;3;98;98;35;98035;Nord-ovest;Lombardia;Lodi;1;98035;98035;98035;ITC;ITC4;ITC49;ITC;ITC4;ITC49;
Marudo;E994;3;98;98;36;98036;Nord-ovest;Lombardia;Lodi;1;98036;98036;98036;ITC;ITC4;ITC49;ITC;ITC4;ITC49;
Massalengo;F028;3;98;98;37;98037;Nord-ovest;Lombardia;Lodi;1;98037;98037;98037;ITC;ITC4;ITC49;ITC;ITC4;ITC49;
Meleti;F102;3;98;98;38;98038;Nord-ovest;Lombardia;Lodi;1;98038;98038;98038;ITC;ITC4;ITC49;ITC;ITC4;ITC49;
Merlino;F149;3;98;98;39;98039;Nord-ovest;Lombardia;Lodi;1;98039;98039;98039;ITC;ITC4;ITC49;ITC;ITC4;ITC49;
Montanaso Lombardo;F423;3;98;98;40;98040;Nord-ovest;Lombardia;Lodi;1;98040;98040;98040;ITC;ITC4;ITC49;ITC;ITC4;ITC49;
Mulazzano;F801;3;98;98;41;98041;Nord-ovest;Lombardia;Lodi;1;98041;98041;98041;ITC;ITC4;ITC49;ITC;ITC4;ITC49;
Orio Litta;G107;3;98;98;42;98042;Nord-ovest;Lombardia;Lodi;1;98042;98042;98042;ITC;ITC4;ITC49;ITC;ITC4;ITC49;
Ospedaletto Lodigiano;G166;3;98;98;43;98043;Nord-ovest;Lombardia;Lodi;1;98043;98043;98043;ITC;ITC4;ITC49;ITC;ITC4;ITC49;
Ossago Lodigiano;G171;3;98;98;44;98044;Nord-ovest;Lombardia;Lodi;1;98044;98044;98044;ITC;ITC4;ITC49;ITC;ITC4;ITC49;
Pieve Fissiraga;G096;3;98;98;45;98045;Nord-ovest;Lombardia;Lodi;1;98045;98045;98045;ITC;ITC4;ITC49;ITC;ITC4;ITC49;
Salerano sul Lambro;H701;3;98;98;46;98046;Nord-ovest;Lombardia;Lodi;1;98046;98046;98046;ITC;ITC4;ITC49;ITC;ITC4;ITC49;
San Fiorano;H844;3;98;98;47;98047;Nord-ovest;Lombardia;Lodi;1;98047;98047;98047;ITC;ITC4;ITC49;ITC;ITC4;ITC49;
San Martino in Strada;I012;3;98;98;48;98048;Nord-ovest;Lombardia;Lodi;1;98048;98048;98048;ITC;ITC4;ITC49;ITC;ITC4;ITC49;
San Rocco al Porto;I140;3;98;98;49;98049;Nord-ovest;Lombardia;Lodi;1;98049;98049;98049;ITC;ITC4;ITC49;ITC;ITC4;ITC49;
Sant'Angelo Lodigiano;I274;3;98;98;50;98050;Nord-ovest;Lombardia;Lodi;1;98050;98050;98050;ITC;ITC4;ITC49;ITC;ITC4;ITC49;
Santo Stefano Lodigiano;I362;3;98;98;51;98051;Nord-ovest;Lombardia;Lodi;1;98051;98051;98051;ITC;ITC4;ITC49;ITC;ITC4;ITC49;
Secugnago;I561;3;98;98;52;98052;Nord-ovest;Lombardia;Lodi;1;98052;98052;98052;ITC;ITC4;ITC49;ITC;ITC4;ITC49;
Senna Lodigiana;I612;3;98;98;53;98053;Nord-ovest;Lombardia;Lodi;1;98053;98053;98053;ITC;ITC4;ITC49;ITC;ITC4;ITC49;
Somaglia;I815;3;98;98;54;98054;Nord-ovest;Lombardia;Lodi;1;98054;98054;98054;ITC;ITC4;ITC49;ITC;ITC4;ITC49;
Sordio;I848;3;98;98;55;98055;Nord-ovest;Lombardia;Lodi;1;98055;98055;98055;ITC;ITC4;ITC49;ITC;ITC4;ITC49;
Tavazzano con Villavesco;F260;3;98;98;56;98056;Nord-ovest;Lombardia;Lodi;1;98056;98056;98056;ITC;ITC4;ITC49;ITC;ITC4;ITC49;
Terranova dei Passerini;L125;3;98;98;57;98057;Nord-ovest;Lombardia;Lodi;1;98057;98057;98057;ITC;ITC4;ITC49;ITC;ITC4;ITC49;
Turano Lodigiano;L469;3;98;98;58;98058;Nord-ovest;Lombardia;Lodi;1;98058;98058;98058;ITC;ITC4;ITC49;ITC;ITC4;ITC49;
Valera Fratta;L572;3;98;98;59;98059;Nord-ovest;Lombardia;Lodi;1;98059;98059;98059;ITC;ITC4;ITC49;ITC;ITC4;ITC49;
Villanova del Sillaro;L977;3;98;98;60;98060;Nord-ovest;Lombardia;Lodi;1;98060;98060;98060;ITC;ITC4;ITC49;ITC;ITC4;ITC49;
Zelo Buon Persico;M158;3;98;98;61;98061;Nord-ovest;Lombardia;Lodi;1;98061;98061;98061;ITC;ITC4;ITC49;ITC;ITC4;ITC49;
Castelgerundo;M393;3;98;98;62;98062;Nord-ovest;Lombardia;Lodi;1;98062;98062;98062;ITC;ITC4;ITC49;ITC;ITC4;ITC49;
Agrate Brianza;A087;3;108;108;1;108001;Nord-ovest;Lombardia;Monza e della Brianza;1;108001;15003;15003;ITC;ITC4;ITC4D;ITC;ITC4;ITC4D;
Aicurzio;A096;3;108;108;2;108002;Nord-ovest;Lombardia;Monza e della Brianza;1;108002;15004;15004;ITC;ITC4;ITC4D;ITC;ITC4;ITC4D;
Albiate;A159;3;108;108;3;108003;Nord-ovest;Lombardia;Monza e della Brianza;1;108003;15006;15006;ITC;ITC4;ITC4D;ITC;ITC4;ITC4D;
Arcore;A376;3;108;108;4;108004;Nord-ovest;Lombardia;Monza e della Brianza;1;108004;15008;15008;ITC;ITC4;ITC4D;ITC;ITC4;ITC4D;
Barlassina;A668;3;108;108;5;108005;Nord-ovest;Lombardia;Monza e della Brianza;1;108005;15013;15013;ITC;ITC4;ITC4D;ITC;ITC4;ITC4D;
Bellusco;A759;3;108;108;6;108006;Nord-ovest;Lombardia;Monza e della Brianza;1;108006;15017;15017;ITC;ITC4;ITC4D;ITC;ITC4;ITC4D;
Bernareggio;A802;3;108;108;7;108007;Nord-ovest;Lombardia;Monza e della Brianza;1;108007;15018;15018;ITC;ITC4;ITC4D;ITC;ITC4;ITC4D;
Besana in Brianza;A818;3;108;108;8;108008;Nord-ovest;Lombardia;Monza e della Brianza;1;108008;15021;15021;ITC;ITC4;ITC4D;ITC;ITC4;ITC4D;
Biassono;A849;3;108;108;9;108009;Nord-ovest;Lombardia;Monza e della Brianza;1;108009;15023;15023;ITC;ITC4;ITC4D;ITC;ITC4;ITC4D;
Bovisio-Masciago;B105;3;108;108;10;108010;Nord-ovest;Lombardia;Monza e della Brianza;1;108010;15030;15030;ITC;ITC4;ITC4D;ITC;ITC4;ITC4D;
Briosco;B187;3;108;108;11;108011;Nord-ovest;Lombardia;Monza e della Brianza;1;108011;15033;15033;ITC;ITC4;ITC4D;ITC;ITC4;ITC4D;
Brugherio;B212;3;108;108;12;108012;Nord-ovest;Lombardia;Monza e della Brianza;1;108012;15034;15034;ITC;ITC4;ITC4D;ITC;ITC4;ITC4D;
Burago di Molgora;B272;3;108;108;13;108013;Nord-ovest;Lombardia;Monza e della Brianza;1;108013;15037;15037;ITC;ITC4;ITC4D;ITC;ITC4;ITC4D;
Camparada;B501;3;108;108;14;108014;Nord-ovest;Lombardia;Monza e della Brianza;1;108014;15045;15045;ITC;ITC4;ITC4D;ITC;ITC4;ITC4D;
Carate Brianza;B729;3;108;108;15;108015;Nord-ovest;Lombardia;Monza e della Brianza;1;108015;15048;15048;ITC;ITC4;ITC4D;ITC;ITC4;ITC4D;
Carnate;B798;3;108;108;16;108016;Nord-ovest;Lombardia;Monza e della Brianza;1;108016;15049;15049;ITC;ITC4;ITC4D;ITC;ITC4;ITC4D;
Cavenago di Brianza;C395;3;108;108;17;108017;Nord-ovest;Lombardia;Monza e della Brianza;1;108017;15068;15068;ITC;ITC4;ITC4D;ITC;ITC4;ITC4D;
Ceriano Laghetto;C512;3;108;108;18;108018;Nord-ovest;Lombardia;Monza e della Brianza;1;108018;15069;15069;ITC;ITC4;ITC4D;ITC;ITC4;ITC4D;
Cesano Maderno;C566;3;108;108;19;108019;Nord-ovest;Lombardia;Monza e della Brianza;1;108019;15075;15075;ITC;ITC4;ITC4D;ITC;ITC4;ITC4D;
Cogliate;C820;3;108;108;20;108020;Nord-ovest;Lombardia;Monza e della Brianza;1;108020;15080;15080;ITC;ITC4;ITC4D;ITC;ITC4;ITC4D;
Concorezzo;C952;3;108;108;21;108021;Nord-ovest;Lombardia;Monza e della Brianza;1;108021;15084;15084;ITC;ITC4;ITC4D;ITC;ITC4;ITC4D;
Correzzana;D038;3;108;108;22;108022;Nord-ovest;Lombardia;Monza e della Brianza;1;108022;15092;15092;ITC;ITC4;ITC4D;ITC;ITC4;ITC4D;
Desio;D286;3;108;108;23;108023;Nord-ovest;Lombardia;Monza e della Brianza;1;108023;15100;15100;ITC;ITC4;ITC4D;ITC;ITC4;ITC4D;
Giussano;E063;3;108;108;24;108024;Nord-ovest;Lombardia;Monza e della Brianza;1;108024;15107;15107;ITC;ITC4;ITC4D;ITC;ITC4;ITC4D;
Lazzate;E504;3;108;108;25;108025;Nord-ovest;Lombardia;Monza e della Brianza;1;108025;15117;15117;ITC;ITC4;ITC4D;ITC;ITC4;ITC4D;
Lesmo;E550;3;108;108;26;108026;Nord-ovest;Lombardia;Monza e della Brianza;1;108026;15120;15120;ITC;ITC4;ITC4D;ITC;ITC4;ITC4D;
Limbiate;E591;3;108;108;27;108027;Nord-ovest;Lombardia;Monza e della Brianza;1;108027;15121;15121;ITC;ITC4;ITC4D;ITC;ITC4;ITC4D;
Lissone;E617;3;108;108;28;108028;Nord-ovest;Lombardia;Monza e della Brianza;1;108028;15123;15123;ITC;ITC4;ITC4D;ITC;ITC4;ITC4D;
Macherio;E786;3;108;108;29;108029;Nord-ovest;Lombardia;Monza e della Brianza;1;108029;15129;15129;ITC;ITC4;ITC4D;ITC;ITC4;ITC4D;
Meda;F078;3;108;108;30;108030;Nord-ovest;Lombardia;Monza e della Brianza;1;108030;15138;15138;ITC;ITC4;ITC4D;ITC;ITC4;ITC4D;
Mezzago;F165;3;108;108;31;108031;Nord-ovest;Lombardia;Monza e della Brianza;1;108031;15145;15145;ITC;ITC4;ITC4D;ITC;ITC4;ITC4D;
Misinto;F247;3;108;108;32;108032;Nord-ovest;Lombardia;Monza e della Brianza;1;108032;15147;15147;ITC;ITC4;ITC4D;ITC;ITC4;ITC4D;
Monza;F704;3;108;108;33;108033;Nord-ovest;Lombardia;Monza e della Brianza;1;108033;15149;15149;ITC;ITC4;ITC4D;ITC;ITC4;ITC4D;
MuggiÚ;F797;3;108;108;34;108034;Nord-ovest;Lombardia;Monza e della Brianza;1;108034;15152;15152;ITC;ITC4;ITC4D;ITC;ITC4;ITC4D;
Nova Milanese;F944;3;108;108;35;108035;Nord-ovest;Lombardia;Monza e della Brianza;1;108035;15156;15156;ITC;ITC4;ITC4D;ITC;ITC4;ITC4D;
Ornago;G116;3;108;108;36;108036;Nord-ovest;Lombardia;Monza e della Brianza;1;108036;15161;15161;ITC;ITC4;ITC4D;ITC;ITC4;ITC4D;
Renate;H233;3;108;108;37;108037;Nord-ovest;Lombardia;Monza e della Brianza;1;108037;15180;15180;ITC;ITC4;ITC4D;ITC;ITC4;ITC4D;
Ronco Briantino;H537;3;108;108;38;108038;Nord-ovest;Lombardia;Monza e della Brianza;1;108038;15187;15187;ITC;ITC4;ITC4D;ITC;ITC4;ITC4D;
Seregno;I625;3;108;108;39;108039;Nord-ovest;Lombardia;Monza e della Brianza;1;108039;15208;15208;ITC;ITC4;ITC4D;ITC;ITC4;ITC4D;
Seveso;I709;3;108;108;40;108040;Nord-ovest;Lombardia;Monza e della Brianza;1;108040;15212;15212;ITC;ITC4;ITC4D;ITC;ITC4;ITC4D;
Sovico;I878;3;108;108;41;108041;Nord-ovest;Lombardia;Monza e della Brianza;1;108041;15216;15216;ITC;ITC4;ITC4D;ITC;ITC4;ITC4D;
Sulbiate;I998;3;108;108;42;108042;Nord-ovest;Lombardia;Monza e della Brianza;1;108042;15217;15217;ITC;ITC4;ITC4D;ITC;ITC4;ITC4D;
Triuggio;L434;3;108;108;43;108043;Nord-ovest;Lombardia;Monza e della Brianza;1;108043;15223;15223;ITC;ITC4;ITC4D;ITC;ITC4;ITC4D;
Usmate Velate;L511;3;108;108;44;108044;Nord-ovest;Lombardia;Monza e della Brianza;1;108044;15227;15227;ITC;ITC4;ITC4D;ITC;ITC4;ITC4D;
Varedo;L677;3;108;108;45;108045;Nord-ovest;Lombardia;Monza e della Brianza;1;108045;15231;15231;ITC;ITC4;ITC4D;ITC;ITC4;ITC4D;
Vedano al Lambro;L704;3;108;108;46;108046;Nord-ovest;Lombardia;Monza e della Brianza;1;108046;15232;15232;ITC;ITC4;ITC4D;ITC;ITC4;ITC4D;
Veduggio con Colzano;L709;3;108;108;47;108047;Nord-ovest;Lombardia;Monza e della Brianza;1;108047;15233;15233;ITC;ITC4;ITC4D;ITC;ITC4;ITC4D;
Verano Brianza;L744;3;108;108;48;108048;Nord-ovest;Lombardia;Monza e della Brianza;1;108048;15234;15234;ITC;ITC4;ITC4D;ITC;ITC4;ITC4D;
Villasanta;M017;3;108;108;49;108049;Nord-ovest;Lombardia;Monza e della Brianza;1;108049;15239;15239;ITC;ITC4;ITC4D;ITC;ITC4;ITC4D;
Vimercate;M052;3;108;108;50;108050;Nord-ovest;Lombardia;Monza e della Brianza;1;108050;15241;15241;ITC;ITC4;ITC4D;ITC;ITC4;ITC4D;
Busnago;B289;3;108;108;51;108051;Nord-ovest;Lombardia;Monza e della Brianza;1;108051;15039;15039;ITC;ITC4;ITC4D;ITC;ITC4;ITC4D;
Caponago;B671;3;108;108;52;108052;Nord-ovest;Lombardia;Monza e della Brianza;1;108052;15047;15047;ITC;ITC4;ITC4D;ITC;ITC4;ITC4D;
Cornate d'Adda;D019;3;108;108;53;108053;Nord-ovest;Lombardia;Monza e della Brianza;1;108053;15088;15088;ITC;ITC4;ITC4D;ITC;ITC4;ITC4D;
Lentate sul Seveso;E530;3;108;108;54;108054;Nord-ovest;Lombardia;Monza e della Brianza;1;108054;15119;15119;ITC;ITC4;ITC4D;ITC;ITC4;ITC4D;
Roncello;H529;3;108;108;55;108055;Nord-ovest;Lombardia;Monza e della Brianza;1;108055;15186;15186;ITC;ITC4;ITC4D;ITC;ITC4;ITC4D;
Aldino;A179;4;21;21;1;21001;Nord-est;Trentino-Alto Adige/S¸dtirol;Bolzano/Bozen;2;21001;21001;21001;ITH;ITH1;ITH10;ITH;ITH1;ITH10;
Andriano;A286;4;21;21;2;21002;Nord-est;Trentino-Alto Adige/S¸dtirol;Bolzano/Bozen;2;21002;21002;21002;ITH;ITH1;ITH10;ITH;ITH1;ITH10;
Anterivo;A306;4;21;21;3;21003;Nord-est;Trentino-Alto Adige/S¸dtirol;Bolzano/Bozen;2;21003;21003;21003;ITH;ITH1;ITH10;ITH;ITH1;ITH10;
Appiano sulla strada del vino;A332;4;21;21;4;21004;Nord-est;Trentino-Alto Adige/S¸dtirol;Bolzano/Bozen;2;21004;21004;21004;ITH;ITH1;ITH10;ITH;ITH1;ITH10;
Avelengo;A507;4;21;21;5;21005;Nord-est;Trentino-Alto Adige/S¸dtirol;Bolzano/Bozen;2;21005;21005;21005;ITH;ITH1;ITH10;ITH;ITH1;ITH10;
Badia;A537;4;21;21;6;21006;Nord-est;Trentino-Alto Adige/S¸dtirol;Bolzano/Bozen;2;21006;21006;21006;ITH;ITH1;ITH10;ITH;ITH1;ITH10;
Barbiano;A635;4;21;21;7;21007;Nord-est;Trentino-Alto Adige/S¸dtirol;Bolzano/Bozen;2;21007;21007;21007;ITH;ITH1;ITH10;ITH;ITH1;ITH10;
Bolzano;A952;4;21;21;8;21008;Nord-est;Trentino-Alto Adige/S¸dtirol;Bolzano/Bozen;2;21008;21008;21008;ITH;ITH1;ITH10;ITH;ITH1;ITH10;
Braies;B116;4;21;21;9;21009;Nord-est;Trentino-Alto Adige/S¸dtirol;Bolzano/Bozen;2;21009;21009;21009;ITH;ITH1;ITH10;ITH;ITH1;ITH10;
Brennero;B145;4;21;21;10;21010;Nord-est;Trentino-Alto Adige/S¸dtirol;Bolzano/Bozen;2;21010;21010;21010;ITH;ITH1;ITH10;ITH;ITH1;ITH10;
Bressanone;B160;4;21;21;11;21011;Nord-est;Trentino-Alto Adige/S¸dtirol;Bolzano/Bozen;2;21011;21011;21011;ITH;ITH1;ITH10;ITH;ITH1;ITH10;
Bronzolo;B203;4;21;21;12;21012;Nord-est;Trentino-Alto Adige/S¸dtirol;Bolzano/Bozen;2;21012;21012;21012;ITH;ITH1;ITH10;ITH;ITH1;ITH10;
Brunico;B220;4;21;21;13;21013;Nord-est;Trentino-Alto Adige/S¸dtirol;Bolzano/Bozen;2;21013;21013;21013;ITH;ITH1;ITH10;ITH;ITH1;ITH10;
Caines;B364;4;21;21;14;21014;Nord-est;Trentino-Alto Adige/S¸dtirol;Bolzano/Bozen;2;21014;21014;21014;ITH;ITH1;ITH10;ITH;ITH1;ITH10;
Caldaro sulla strada del vino;B397;4;21;21;15;21015;Nord-est;Trentino-Alto Adige/S¸dtirol;Bolzano/Bozen;2;21015;21015;21015;ITH;ITH1;ITH10;ITH;ITH1;ITH10;
Campo di Trens;B529;4;21;21;16;21016;Nord-est;Trentino-Alto Adige/S¸dtirol;Bolzano/Bozen;2;21016;21016;21016;ITH;ITH1;ITH10;ITH;ITH1;ITH10;
Campo Tures;B570;4;21;21;17;21017;Nord-est;Trentino-Alto Adige/S¸dtirol;Bolzano/Bozen;2;21017;21017;21017;ITH;ITH1;ITH10;ITH;ITH1;ITH10;
Castelbello-Ciardes;C062;4;21;21;18;21018;Nord-est;Trentino-Alto Adige/S¸dtirol;Bolzano/Bozen;2;21018;21018;21018;ITH;ITH1;ITH10;ITH;ITH1;ITH10;
Castelrotto;C254;4;21;21;19;21019;Nord-est;Trentino-Alto Adige/S¸dtirol;Bolzano/Bozen;2;21019;21019;21019;ITH;ITH1;ITH10;ITH;ITH1;ITH10;
Cermes;A022;4;21;21;20;21020;Nord-est;Trentino-Alto Adige/S¸dtirol;Bolzano/Bozen;2;21020;21020;21020;ITH;ITH1;ITH10;ITH;ITH1;ITH10;
Chienes;C625;4;21;21;21;21021;Nord-est;Trentino-Alto Adige/S¸dtirol;Bolzano/Bozen;2;21021;21021;21021;ITH;ITH1;ITH10;ITH;ITH1;ITH10;
Chiusa;C652;4;21;21;22;21022;Nord-est;Trentino-Alto Adige/S¸dtirol;Bolzano/Bozen;2;21022;21022;21022;ITH;ITH1;ITH10;ITH;ITH1;ITH10;
Cornedo all'Isarco;B799;4;21;21;23;21023;Nord-est;Trentino-Alto Adige/S¸dtirol;Bolzano/Bozen;2;21023;21023;21023;ITH;ITH1;ITH10;ITH;ITH1;ITH10;
Cortaccia sulla strada del vino;D048;4;21;21;24;21024;Nord-est;Trentino-Alto Adige/S¸dtirol;Bolzano/Bozen;2;21024;21024;21024;ITH;ITH1;ITH10;ITH;ITH1;ITH10;
Cortina sulla strada del vino;D075;4;21;21;25;21025;Nord-est;Trentino-Alto Adige/S¸dtirol;Bolzano/Bozen;2;21025;21025;21025;ITH;ITH1;ITH10;ITH;ITH1;ITH10;
Corvara in Badia;D079;4;21;21;26;21026;Nord-est;Trentino-Alto Adige/S¸dtirol;Bolzano/Bozen;2;21026;21026;21026;ITH;ITH1;ITH10;ITH;ITH1;ITH10;
Curon Venosta;D222;4;21;21;27;21027;Nord-est;Trentino-Alto Adige/S¸dtirol;Bolzano/Bozen;2;21027;21027;21027;ITH;ITH1;ITH10;ITH;ITH1;ITH10;
Dobbiaco;D311;4;21;21;28;21028;Nord-est;Trentino-Alto Adige/S¸dtirol;Bolzano/Bozen;2;21028;21028;21028;ITH;ITH1;ITH10;ITH;ITH1;ITH10;
Egna;D392;4;21;21;29;21029;Nord-est;Trentino-Alto Adige/S¸dtirol;Bolzano/Bozen;2;21029;21029;21029;ITH;ITH1;ITH10;ITH;ITH1;ITH10;
Falzes;D484;4;21;21;30;21030;Nord-est;Trentino-Alto Adige/S¸dtirol;Bolzano/Bozen;2;21030;21030;21030;ITH;ITH1;ITH10;ITH;ITH1;ITH10;
FiË allo Sciliar;D571;4;21;21;31;21031;Nord-est;Trentino-Alto Adige/S¸dtirol;Bolzano/Bozen;2;21031;21031;21031;ITH;ITH1;ITH10;ITH;ITH1;ITH10;
Fortezza;D731;4;21;21;32;21032;Nord-est;Trentino-Alto Adige/S¸dtirol;Bolzano/Bozen;2;21032;21032;21032;ITH;ITH1;ITH10;ITH;ITH1;ITH10;
Funes;D821;4;21;21;33;21033;Nord-est;Trentino-Alto Adige/S¸dtirol;Bolzano/Bozen;2;21033;21033;21033;ITH;ITH1;ITH10;ITH;ITH1;ITH10;
Gais;D860;4;21;21;34;21034;Nord-est;Trentino-Alto Adige/S¸dtirol;Bolzano/Bozen;2;21034;21034;21034;ITH;ITH1;ITH10;ITH;ITH1;ITH10;
Gargazzone;D923;4;21;21;35;21035;Nord-est;Trentino-Alto Adige/S¸dtirol;Bolzano/Bozen;2;21035;21035;21035;ITH;ITH1;ITH10;ITH;ITH1;ITH10;
Glorenza;E069;4;21;21;36;21036;Nord-est;Trentino-Alto Adige/S¸dtirol;Bolzano/Bozen;2;21036;21036;21036;ITH;ITH1;ITH10;ITH;ITH1;ITH10;
Laces;E398;4;21;21;37;21037;Nord-est;Trentino-Alto Adige/S¸dtirol;Bolzano/Bozen;2;21037;21037;21037;ITH;ITH1;ITH10;ITH;ITH1;ITH10;
Lagundo;E412;4;21;21;38;21038;Nord-est;Trentino-Alto Adige/S¸dtirol;Bolzano/Bozen;2;21038;21038;21038;ITH;ITH1;ITH10;ITH;ITH1;ITH10;
Laion;E420;4;21;21;39;21039;Nord-est;Trentino-Alto Adige/S¸dtirol;Bolzano/Bozen;2;21039;21039;21039;ITH;ITH1;ITH10;ITH;ITH1;ITH10;
Laives;E421;4;21;21;40;21040;Nord-est;Trentino-Alto Adige/S¸dtirol;Bolzano/Bozen;2;21040;21040;21040;ITH;ITH1;ITH10;ITH;ITH1;ITH10;
Lana;E434;4;21;21;41;21041;Nord-est;Trentino-Alto Adige/S¸dtirol;Bolzano/Bozen;2;21041;21041;21041;ITH;ITH1;ITH10;ITH;ITH1;ITH10;
Lasa;E457;4;21;21;42;21042;Nord-est;Trentino-Alto Adige/S¸dtirol;Bolzano/Bozen;2;21042;21042;21042;ITH;ITH1;ITH10;ITH;ITH1;ITH10;
Lauregno;E481;4;21;21;43;21043;Nord-est;Trentino-Alto Adige/S¸dtirol;Bolzano/Bozen;2;21043;21043;21043;ITH;ITH1;ITH10;ITH;ITH1;ITH10;
Luson;E764;4;21;21;44;21044;Nord-est;Trentino-Alto Adige/S¸dtirol;Bolzano/Bozen;2;21044;21044;21044;ITH;ITH1;ITH10;ITH;ITH1;ITH10;
MagrË sulla strada del vino;E829;4;21;21;45;21045;Nord-est;Trentino-Alto Adige/S¸dtirol;Bolzano/Bozen;2;21045;21045;21045;ITH;ITH1;ITH10;ITH;ITH1;ITH10;
Malles Venosta;E862;4;21;21;46;21046;Nord-est;Trentino-Alto Adige/S¸dtirol;Bolzano/Bozen;2;21046;21046;21046;ITH;ITH1;ITH10;ITH;ITH1;ITH10;
Marebbe;E938;4;21;21;47;21047;Nord-est;Trentino-Alto Adige/S¸dtirol;Bolzano/Bozen;2;21047;21047;21047;ITH;ITH1;ITH10;ITH;ITH1;ITH10;
Marlengo;E959;4;21;21;48;21048;Nord-est;Trentino-Alto Adige/S¸dtirol;Bolzano/Bozen;2;21048;21048;21048;ITH;ITH1;ITH10;ITH;ITH1;ITH10;
Martello;E981;4;21;21;49;21049;Nord-est;Trentino-Alto Adige/S¸dtirol;Bolzano/Bozen;2;21049;21049;21049;ITH;ITH1;ITH10;ITH;ITH1;ITH10;
Meltina;F118;4;21;21;50;21050;Nord-est;Trentino-Alto Adige/S¸dtirol;Bolzano/Bozen;2;21050;21050;21050;ITH;ITH1;ITH10;ITH;ITH1;ITH10;
Merano;F132;4;21;21;51;21051;Nord-est;Trentino-Alto Adige/S¸dtirol;Bolzano/Bozen;2;21051;21051;21051;ITH;ITH1;ITH10;ITH;ITH1;ITH10;
Monguelfo-Tesido;F371;4;21;21;52;21052;Nord-est;Trentino-Alto Adige/S¸dtirol;Bolzano/Bozen;2;21052;21052;21052;ITH;ITH1;ITH10;ITH;ITH1;ITH10;
Montagna sulla strada del vino;F392;4;21;21;53;21053;Nord-est;Trentino-Alto Adige/S¸dtirol;Bolzano/Bozen;2;21053;21053;21053;ITH;ITH1;ITH10;ITH;ITH1;ITH10;
Moso in Passiria;F766;4;21;21;54;21054;Nord-est;Trentino-Alto Adige/S¸dtirol;Bolzano/Bozen;2;21054;21054;21054;ITH;ITH1;ITH10;ITH;ITH1;ITH10;
Nalles;F836;4;21;21;55;21055;Nord-est;Trentino-Alto Adige/S¸dtirol;Bolzano/Bozen;2;21055;21055;21055;ITH;ITH1;ITH10;ITH;ITH1;ITH10;
Naturno;F849;4;21;21;56;21056;Nord-est;Trentino-Alto Adige/S¸dtirol;Bolzano/Bozen;2;21056;21056;21056;ITH;ITH1;ITH10;ITH;ITH1;ITH10;
Naz-Sciaves;F856;4;21;21;57;21057;Nord-est;Trentino-Alto Adige/S¸dtirol;Bolzano/Bozen;2;21057;21057;21057;ITH;ITH1;ITH10;ITH;ITH1;ITH10;
Nova Levante;F949;4;21;21;58;21058;Nord-est;Trentino-Alto Adige/S¸dtirol;Bolzano/Bozen;2;21058;21058;21058;ITH;ITH1;ITH10;ITH;ITH1;ITH10;
Nova Ponente;F950;4;21;21;59;21059;Nord-est;Trentino-Alto Adige/S¸dtirol;Bolzano/Bozen;2;21059;21059;21059;ITH;ITH1;ITH10;ITH;ITH1;ITH10;
Ora;G083;4;21;21;60;21060;Nord-est;Trentino-Alto Adige/S¸dtirol;Bolzano/Bozen;2;21060;21060;21060;ITH;ITH1;ITH10;ITH;ITH1;ITH10;
Ortisei;G140;4;21;21;61;21061;Nord-est;Trentino-Alto Adige/S¸dtirol;Bolzano/Bozen;2;21061;21061;21061;ITH;ITH1;ITH10;ITH;ITH1;ITH10;
Parcines;G328;4;21;21;62;21062;Nord-est;Trentino-Alto Adige/S¸dtirol;Bolzano/Bozen;2;21062;21062;21062;ITH;ITH1;ITH10;ITH;ITH1;ITH10;
Perca;G443;4;21;21;63;21063;Nord-est;Trentino-Alto Adige/S¸dtirol;Bolzano/Bozen;2;21063;21063;21063;ITH;ITH1;ITH10;ITH;ITH1;ITH10;
Plaus;G299;4;21;21;64;21064;Nord-est;Trentino-Alto Adige/S¸dtirol;Bolzano/Bozen;2;21064;21064;21064;ITH;ITH1;ITH10;ITH;ITH1;ITH10;
Ponte Gardena;G830;4;21;21;65;21065;Nord-est;Trentino-Alto Adige/S¸dtirol;Bolzano/Bozen;2;21065;21065;21065;ITH;ITH1;ITH10;ITH;ITH1;ITH10;
Postal;G936;4;21;21;66;21066;Nord-est;Trentino-Alto Adige/S¸dtirol;Bolzano/Bozen;2;21066;21066;21066;ITH;ITH1;ITH10;ITH;ITH1;ITH10;
Prato allo Stelvio;H004;4;21;21;67;21067;Nord-est;Trentino-Alto Adige/S¸dtirol;Bolzano/Bozen;2;21067;21067;21067;ITH;ITH1;ITH10;ITH;ITH1;ITH10;
Predoi;H019;4;21;21;68;21068;Nord-est;Trentino-Alto Adige/S¸dtirol;Bolzano/Bozen;2;21068;21068;21068;ITH;ITH1;ITH10;ITH;ITH1;ITH10;
Proves;H081;4;21;21;69;21069;Nord-est;Trentino-Alto Adige/S¸dtirol;Bolzano/Bozen;2;21069;21069;21069;ITH;ITH1;ITH10;ITH;ITH1;ITH10;
Racines;H152;4;21;21;70;21070;Nord-est;Trentino-Alto Adige/S¸dtirol;Bolzano/Bozen;2;21070;21070;21070;ITH;ITH1;ITH10;ITH;ITH1;ITH10;
Rasun-Anterselva;H189;4;21;21;71;21071;Nord-est;Trentino-Alto Adige/S¸dtirol;Bolzano/Bozen;2;21071;21071;21071;ITH;ITH1;ITH10;ITH;ITH1;ITH10;
Renon;H236;4;21;21;72;21072;Nord-est;Trentino-Alto Adige/S¸dtirol;Bolzano/Bozen;2;21072;21072;21072;ITH;ITH1;ITH10;ITH;ITH1;ITH10;
Rifiano;H284;4;21;21;73;21073;Nord-est;Trentino-Alto Adige/S¸dtirol;Bolzano/Bozen;2;21073;21073;21073;ITH;ITH1;ITH10;ITH;ITH1;ITH10;
Rio di Pusteria;H299;4;21;21;74;21074;Nord-est;Trentino-Alto Adige/S¸dtirol;Bolzano/Bozen;2;21074;21074;21074;ITH;ITH1;ITH10;ITH;ITH1;ITH10;
Rodengo;H475;4;21;21;75;21075;Nord-est;Trentino-Alto Adige/S¸dtirol;Bolzano/Bozen;2;21075;21075;21075;ITH;ITH1;ITH10;ITH;ITH1;ITH10;
Salorno sulla strada del vino;H719;4;21;21;76;21076;Nord-est;Trentino-Alto Adige/S¸dtirol;Bolzano/Bozen;2;21076;21076;21076;ITH;ITH1;ITH10;ITH;ITH1;ITH10;
San Candido;H786;4;21;21;77;21077;Nord-est;Trentino-Alto Adige/S¸dtirol;Bolzano/Bozen;2;21077;21077;21077;ITH;ITH1;ITH10;ITH;ITH1;ITH10;
San Genesio Atesino;H858;4;21;21;79;21079;Nord-est;Trentino-Alto Adige/S¸dtirol;Bolzano/Bozen;2;21079;21079;21079;ITH;ITH1;ITH10;ITH;ITH1;ITH10;
San Leonardo in Passiria;H952;4;21;21;80;21080;Nord-est;Trentino-Alto Adige/S¸dtirol;Bolzano/Bozen;2;21080;21080;21080;ITH;ITH1;ITH10;ITH;ITH1;ITH10;
San Lorenzo di Sebato;H956;4;21;21;81;21081;Nord-est;Trentino-Alto Adige/S¸dtirol;Bolzano/Bozen;2;21081;21081;21081;ITH;ITH1;ITH10;ITH;ITH1;ITH10;
San Martino in Badia;H988;4;21;21;82;21082;Nord-est;Trentino-Alto Adige/S¸dtirol;Bolzano/Bozen;2;21082;21082;21082;ITH;ITH1;ITH10;ITH;ITH1;ITH10;
San Martino in Passiria;H989;4;21;21;83;21083;Nord-est;Trentino-Alto Adige/S¸dtirol;Bolzano/Bozen;2;21083;21083;21083;ITH;ITH1;ITH10;ITH;ITH1;ITH10;
San Pancrazio;I065;4;21;21;84;21084;Nord-est;Trentino-Alto Adige/S¸dtirol;Bolzano/Bozen;2;21084;21084;21084;ITH;ITH1;ITH10;ITH;ITH1;ITH10;
Santa Cristina Valgardena;I173;4;21;21;85;21085;Nord-est;Trentino-Alto Adige/S¸dtirol;Bolzano/Bozen;2;21085;21085;21085;ITH;ITH1;ITH10;ITH;ITH1;ITH10;
Sarentino;I431;4;21;21;86;21086;Nord-est;Trentino-Alto Adige/S¸dtirol;Bolzano/Bozen;2;21086;21086;21086;ITH;ITH1;ITH10;ITH;ITH1;ITH10;
Scena;I519;4;21;21;87;21087;Nord-est;Trentino-Alto Adige/S¸dtirol;Bolzano/Bozen;2;21087;21087;21087;ITH;ITH1;ITH10;ITH;ITH1;ITH10;
Selva dei Molini;I593;4;21;21;88;21088;Nord-est;Trentino-Alto Adige/S¸dtirol;Bolzano/Bozen;2;21088;21088;21088;ITH;ITH1;ITH10;ITH;ITH1;ITH10;
Selva di Val Gardena;I591;4;21;21;89;21089;Nord-est;Trentino-Alto Adige/S¸dtirol;Bolzano/Bozen;2;21089;21089;21089;ITH;ITH1;ITH10;ITH;ITH1;ITH10;
Senales;I604;4;21;21;91;21091;Nord-est;Trentino-Alto Adige/S¸dtirol;Bolzano/Bozen;2;21091;21091;21091;ITH;ITH1;ITH10;ITH;ITH1;ITH10;
Sesto;I687;4;21;21;92;21092;Nord-est;Trentino-Alto Adige/S¸dtirol;Bolzano/Bozen;2;21092;21092;21092;ITH;ITH1;ITH10;ITH;ITH1;ITH10;
Silandro;I729;4;21;21;93;21093;Nord-est;Trentino-Alto Adige/S¸dtirol;Bolzano/Bozen;2;21093;21093;21093;ITH;ITH1;ITH10;ITH;ITH1;ITH10;
Sluderno;I771;4;21;21;94;21094;Nord-est;Trentino-Alto Adige/S¸dtirol;Bolzano/Bozen;2;21094;21094;21094;ITH;ITH1;ITH10;ITH;ITH1;ITH10;
Stelvio;I948;4;21;21;95;21095;Nord-est;Trentino-Alto Adige/S¸dtirol;Bolzano/Bozen;2;21095;21095;21095;ITH;ITH1;ITH10;ITH;ITH1;ITH10;
Terento;L106;4;21;21;96;21096;Nord-est;Trentino-Alto Adige/S¸dtirol;Bolzano/Bozen;2;21096;21096;21096;ITH;ITH1;ITH10;ITH;ITH1;ITH10;
Terlano;L108;4;21;21;97;21097;Nord-est;Trentino-Alto Adige/S¸dtirol;Bolzano/Bozen;2;21097;21097;21097;ITH;ITH1;ITH10;ITH;ITH1;ITH10;
Termeno sulla strada del vino;L111;4;21;21;98;21098;Nord-est;Trentino-Alto Adige/S¸dtirol;Bolzano/Bozen;2;21098;21098;21098;ITH;ITH1;ITH10;ITH;ITH1;ITH10;
Tesimo;L149;4;21;21;99;21099;Nord-est;Trentino-Alto Adige/S¸dtirol;Bolzano/Bozen;2;21099;21099;21099;ITH;ITH1;ITH10;ITH;ITH1;ITH10;
Tires;L176;4;21;21;100;21100;Nord-est;Trentino-Alto Adige/S¸dtirol;Bolzano/Bozen;2;21100;21100;21100;ITH;ITH1;ITH10;ITH;ITH1;ITH10;
Tirolo;L178;4;21;21;101;21101;Nord-est;Trentino-Alto Adige/S¸dtirol;Bolzano/Bozen;2;21101;21101;21101;ITH;ITH1;ITH10;ITH;ITH1;ITH10;
Trodena nel parco naturale;L444;4;21;21;102;21102;Nord-est;Trentino-Alto Adige/S¸dtirol;Bolzano/Bozen;2;21102;21102;21102;ITH;ITH1;ITH10;ITH;ITH1;ITH10;
Tubre;L455;4;21;21;103;21103;Nord-est;Trentino-Alto Adige/S¸dtirol;Bolzano/Bozen;2;21103;21103;21103;ITH;ITH1;ITH10;ITH;ITH1;ITH10;
Ultimo;L490;4;21;21;104;21104;Nord-est;Trentino-Alto Adige/S¸dtirol;Bolzano/Bozen;2;21104;21104;21104;ITH;ITH1;ITH10;ITH;ITH1;ITH10;
Vadena;L527;4;21;21;105;21105;Nord-est;Trentino-Alto Adige/S¸dtirol;Bolzano/Bozen;2;21105;21105;21105;ITH;ITH1;ITH10;ITH;ITH1;ITH10;
Valdaora;L552;4;21;21;106;21106;Nord-est;Trentino-Alto Adige/S¸dtirol;Bolzano/Bozen;2;21106;21106;21106;ITH;ITH1;ITH10;ITH;ITH1;ITH10;
Val di Vizze;L564;4;21;21;107;21107;Nord-est;Trentino-Alto Adige/S¸dtirol;Bolzano/Bozen;2;21107;21107;21107;ITH;ITH1;ITH10;ITH;ITH1;ITH10;
Valle Aurina;L595;4;21;21;108;21108;Nord-est;Trentino-Alto Adige/S¸dtirol;Bolzano/Bozen;2;21108;21108;21108;ITH;ITH1;ITH10;ITH;ITH1;ITH10;
Valle di Casies;L601;4;21;21;109;21109;Nord-est;Trentino-Alto Adige/S¸dtirol;Bolzano/Bozen;2;21109;21109;21109;ITH;ITH1;ITH10;ITH;ITH1;ITH10;
Vandoies;L660;4;21;21;110;21110;Nord-est;Trentino-Alto Adige/S¸dtirol;Bolzano/Bozen;2;21110;21110;21110;ITH;ITH1;ITH10;ITH;ITH1;ITH10;
Varna;L687;4;21;21;111;21111;Nord-est;Trentino-Alto Adige/S¸dtirol;Bolzano/Bozen;2;21111;21111;21111;ITH;ITH1;ITH10;ITH;ITH1;ITH10;
Verano;L745;4;21;21;112;21112;Nord-est;Trentino-Alto Adige/S¸dtirol;Bolzano/Bozen;2;21112;21112;21112;ITH;ITH1;ITH10;ITH;ITH1;ITH10;
Villabassa;L915;4;21;21;113;21113;Nord-est;Trentino-Alto Adige/S¸dtirol;Bolzano/Bozen;2;21113;21113;21113;ITH;ITH1;ITH10;ITH;ITH1;ITH10;
Villandro;L971;4;21;21;114;21114;Nord-est;Trentino-Alto Adige/S¸dtirol;Bolzano/Bozen;2;21114;21114;21114;ITH;ITH1;ITH10;ITH;ITH1;ITH10;
Vipiteno;M067;4;21;21;115;21115;Nord-est;Trentino-Alto Adige/S¸dtirol;Bolzano/Bozen;2;21115;21115;21115;ITH;ITH1;ITH10;ITH;ITH1;ITH10;
Velturno;L724;4;21;21;116;21116;Nord-est;Trentino-Alto Adige/S¸dtirol;Bolzano/Bozen;2;21116;21116;21116;ITH;ITH1;ITH10;ITH;ITH1;ITH10;
La Valle;E491;4;21;21;117;21117;Nord-est;Trentino-Alto Adige/S¸dtirol;Bolzano/Bozen;2;21117;21117;21117;ITH;ITH1;ITH10;ITH;ITH1;ITH10;
Senale-San Felice;I603;4;21;21;118;21118;Nord-est;Trentino-Alto Adige/S¸dtirol;Bolzano/Bozen;2;21118;21118;21118;ITH;ITH1;ITH10;ITH;ITH1;ITH10;
Ala;A116;4;22;22;1;22001;Nord-est;Trentino-Alto Adige/S¸dtirol;Trento;2;22001;22001;22001;ITH;ITH2;ITH20;ITH;ITH2;ITH20;
Albiano;A158;4;22;22;2;22002;Nord-est;Trentino-Alto Adige/S¸dtirol;Trento;2;22002;22002;22002;ITH;ITH2;ITH20;ITH;ITH2;ITH20;
Aldeno;A178;4;22;22;3;22003;Nord-est;Trentino-Alto Adige/S¸dtirol;Trento;2;22003;22003;22003;ITH;ITH2;ITH20;ITH;ITH2;ITH20;
Andalo;A274;4;22;22;5;22005;Nord-est;Trentino-Alto Adige/S¸dtirol;Trento;2;22005;22005;22005;ITH;ITH2;ITH20;ITH;ITH2;ITH20;
Arco;A372;4;22;22;6;22006;Nord-est;Trentino-Alto Adige/S¸dtirol;Trento;2;22006;22006;22006;ITH;ITH2;ITH20;ITH;ITH2;ITH20;
Avio;A520;4;22;22;7;22007;Nord-est;Trentino-Alto Adige/S¸dtirol;Trento;2;22007;22007;22007;ITH;ITH2;ITH20;ITH;ITH2;ITH20;
Baselga di PinË;A694;4;22;22;9;22009;Nord-est;Trentino-Alto Adige/S¸dtirol;Trento;2;22009;22009;22009;ITH;ITH2;ITH20;ITH;ITH2;ITH20;
Bedollo;A730;4;22;22;11;22011;Nord-est;Trentino-Alto Adige/S¸dtirol;Trento;2;22011;22011;22011;ITH;ITH2;ITH20;ITH;ITH2;ITH20;
Besenello;A821;4;22;22;13;22013;Nord-est;Trentino-Alto Adige/S¸dtirol;Trento;2;22013;22013;22013;ITH;ITH2;ITH20;ITH;ITH2;ITH20;
Bieno;A863;4;22;22;15;22015;Nord-est;Trentino-Alto Adige/S¸dtirol;Trento;2;22015;22015;22015;ITH;ITH2;ITH20;ITH;ITH2;ITH20;
Bleggio Superiore;A902;4;22;22;17;22017;Nord-est;Trentino-Alto Adige/S¸dtirol;Trento;2;22017;22017;22017;ITH;ITH2;ITH20;ITH;ITH2;ITH20;
Bocenago;A916;4;22;22;18;22018;Nord-est;Trentino-Alto Adige/S¸dtirol;Trento;2;22018;22018;22018;ITH;ITH2;ITH20;ITH;ITH2;ITH20;
Bondone;A968;4;22;22;21;22021;Nord-est;Trentino-Alto Adige/S¸dtirol;Trento;2;22021;22021;22021;ITH;ITH2;ITH20;ITH;ITH2;ITH20;
Borgo Valsugana;B006;4;22;22;22;22022;Nord-est;Trentino-Alto Adige/S¸dtirol;Trento;2;22022;22022;22022;ITH;ITH2;ITH20;ITH;ITH2;ITH20;
Brentonico;B153;4;22;22;25;22025;Nord-est;Trentino-Alto Adige/S¸dtirol;Trento;2;22025;22025;22025;ITH;ITH2;ITH20;ITH;ITH2;ITH20;
Bresimo;B158;4;22;22;26;22026;Nord-est;Trentino-Alto Adige/S¸dtirol;Trento;2;22026;22026;22026;ITH;ITH2;ITH20;ITH;ITH2;ITH20;
Caderzone Terme;B335;4;22;22;29;22029;Nord-est;Trentino-Alto Adige/S¸dtirol;Trento;2;22029;22029;22029;ITH;ITH2;ITH20;ITH;ITH2;ITH20;
Calceranica al Lago;B389;4;22;22;32;22032;Nord-est;Trentino-Alto Adige/S¸dtirol;Trento;2;22032;22032;22032;ITH;ITH2;ITH20;ITH;ITH2;ITH20;
Caldes;B400;4;22;22;33;22033;Nord-est;Trentino-Alto Adige/S¸dtirol;Trento;2;22033;22033;22033;ITH;ITH2;ITH20;ITH;ITH2;ITH20;
Caldonazzo;B404;4;22;22;34;22034;Nord-est;Trentino-Alto Adige/S¸dtirol;Trento;2;22034;22034;22034;ITH;ITH2;ITH20;ITH;ITH2;ITH20;
Calliano;B419;4;22;22;35;22035;Nord-est;Trentino-Alto Adige/S¸dtirol;Trento;2;22035;22035;22035;ITH;ITH2;ITH20;ITH;ITH2;ITH20;
Campitello di Fassa;B514;4;22;22;36;22036;Nord-est;Trentino-Alto Adige/S¸dtirol;Trento;2;22036;22036;22036;ITH;ITH2;ITH20;ITH;ITH2;ITH20;
Campodenno;B525;4;22;22;37;22037;Nord-est;Trentino-Alto Adige/S¸dtirol;Trento;2;22037;22037;22037;ITH;ITH2;ITH20;ITH;ITH2;ITH20;
Canal San Bovo;B577;4;22;22;38;22038;Nord-est;Trentino-Alto Adige/S¸dtirol;Trento;2;22038;22038;22038;ITH;ITH2;ITH20;ITH;ITH2;ITH20;
Canazei;B579;4;22;22;39;22039;Nord-est;Trentino-Alto Adige/S¸dtirol;Trento;2;22039;22039;22039;ITH;ITH2;ITH20;ITH;ITH2;ITH20;
Capriana;B697;4;22;22;40;22040;Nord-est;Trentino-Alto Adige/S¸dtirol;Trento;2;22040;22040;22040;ITH;ITH2;ITH20;ITH;ITH2;ITH20;
Carisolo;B783;4;22;22;42;22042;Nord-est;Trentino-Alto Adige/S¸dtirol;Trento;2;22042;22042;22042;ITH;ITH2;ITH20;ITH;ITH2;ITH20;
Carzano;B856;4;22;22;43;22043;Nord-est;Trentino-Alto Adige/S¸dtirol;Trento;2;22043;22043;22043;ITH;ITH2;ITH20;ITH;ITH2;ITH20;
Castel Condino;C183;4;22;22;45;22045;Nord-est;Trentino-Alto Adige/S¸dtirol;Trento;2;22045;22045;22045;ITH;ITH2;ITH20;ITH;ITH2;ITH20;
Castello-Molina di Fiemme;C189;4;22;22;47;22047;Nord-est;Trentino-Alto Adige/S¸dtirol;Trento;2;22047;22047;22047;ITH;ITH2;ITH20;ITH;ITH2;ITH20;
Castello Tesino;C194;4;22;22;48;22048;Nord-est;Trentino-Alto Adige/S¸dtirol;Trento;2;22048;22048;22048;ITH;ITH2;ITH20;ITH;ITH2;ITH20;
Castelnuovo;C216;4;22;22;49;22049;Nord-est;Trentino-Alto Adige/S¸dtirol;Trento;2;22049;22049;22049;ITH;ITH2;ITH20;ITH;ITH2;ITH20;
Cavalese;C372;4;22;22;50;22050;Nord-est;Trentino-Alto Adige/S¸dtirol;Trento;2;22050;22050;22050;ITH;ITH2;ITH20;ITH;ITH2;ITH20;
Cavareno;C380;4;22;22;51;22051;Nord-est;Trentino-Alto Adige/S¸dtirol;Trento;2;22051;22051;22051;ITH;ITH2;ITH20;ITH;ITH2;ITH20;
Cavedago;C392;4;22;22;52;22052;Nord-est;Trentino-Alto Adige/S¸dtirol;Trento;2;22052;22052;22052;ITH;ITH2;ITH20;ITH;ITH2;ITH20;
Cavedine;C393;4;22;22;53;22053;Nord-est;Trentino-Alto Adige/S¸dtirol;Trento;2;22053;22053;22053;ITH;ITH2;ITH20;ITH;ITH2;ITH20;
Cavizzana;C400;4;22;22;54;22054;Nord-est;Trentino-Alto Adige/S¸dtirol;Trento;2;22054;22054;22054;ITH;ITH2;ITH20;ITH;ITH2;ITH20;
Cimone;C700;4;22;22;58;22058;Nord-est;Trentino-Alto Adige/S¸dtirol;Trento;2;22058;22058;22058;ITH;ITH2;ITH20;ITH;ITH2;ITH20;
Cinte Tesino;C712;4;22;22;59;22059;Nord-est;Trentino-Alto Adige/S¸dtirol;Trento;2;22059;22059;22059;ITH;ITH2;ITH20;ITH;ITH2;ITH20;
Cis;C727;4;22;22;60;22060;Nord-est;Trentino-Alto Adige/S¸dtirol;Trento;2;22060;22060;22060;ITH;ITH2;ITH20;ITH;ITH2;ITH20;
Civezzano;C756;4;22;22;61;22061;Nord-est;Trentino-Alto Adige/S¸dtirol;Trento;2;22061;22061;22061;ITH;ITH2;ITH20;ITH;ITH2;ITH20;
Cles;C794;4;22;22;62;22062;Nord-est;Trentino-Alto Adige/S¸dtirol;Trento;2;22062;22062;22062;ITH;ITH2;ITH20;ITH;ITH2;ITH20;
Commezzadura;C931;4;22;22;64;22064;Nord-est;Trentino-Alto Adige/S¸dtirol;Trento;2;22064;22064;22064;ITH;ITH2;ITH20;ITH;ITH2;ITH20;
Croviana;D188;4;22;22;68;22068;Nord-est;Trentino-Alto Adige/S¸dtirol;Trento;2;22068;22068;22068;ITH;ITH2;ITH20;ITH;ITH2;ITH20;
Dambel;D246;4;22;22;71;22071;Nord-est;Trentino-Alto Adige/S¸dtirol;Trento;2;22071;22071;22071;ITH;ITH2;ITH20;ITH;ITH2;ITH20;
Denno;D273;4;22;22;74;22074;Nord-est;Trentino-Alto Adige/S¸dtirol;Trento;2;22074;22074;22074;ITH;ITH2;ITH20;ITH;ITH2;ITH20;
Drena;D365;4;22;22;78;22078;Nord-est;Trentino-Alto Adige/S¸dtirol;Trento;2;22078;22078;22078;ITH;ITH2;ITH20;ITH;ITH2;ITH20;
Dro;D371;4;22;22;79;22079;Nord-est;Trentino-Alto Adige/S¸dtirol;Trento;2;22079;22079;22079;ITH;ITH2;ITH20;ITH;ITH2;ITH20;
Fai della Paganella;D468;4;22;22;81;22081;Nord-est;Trentino-Alto Adige/S¸dtirol;Trento;2;22081;22081;22081;ITH;ITH2;ITH20;ITH;ITH2;ITH20;
FiavË;D565;4;22;22;83;22083;Nord-est;Trentino-Alto Adige/S¸dtirol;Trento;2;22083;22083;22083;ITH;ITH2;ITH20;ITH;ITH2;ITH20;
Fierozzo;D573;4;22;22;85;22085;Nord-est;Trentino-Alto Adige/S¸dtirol;Trento;2;22085;22085;22085;ITH;ITH2;ITH20;ITH;ITH2;ITH20;
Folgaria;D651;4;22;22;87;22087;Nord-est;Trentino-Alto Adige/S¸dtirol;Trento;2;22087;22087;22087;ITH;ITH2;ITH20;ITH;ITH2;ITH20;
Fornace;D714;4;22;22;89;22089;Nord-est;Trentino-Alto Adige/S¸dtirol;Trento;2;22089;22089;22089;ITH;ITH2;ITH20;ITH;ITH2;ITH20;
Frassilongo;D775;4;22;22;90;22090;Nord-est;Trentino-Alto Adige/S¸dtirol;Trento;2;22090;22090;22090;ITH;ITH2;ITH20;ITH;ITH2;ITH20;
Garniga Terme;D928;4;22;22;91;22091;Nord-est;Trentino-Alto Adige/S¸dtirol;Trento;2;22091;22091;22091;ITH;ITH2;ITH20;ITH;ITH2;ITH20;
Giovo;E048;4;22;22;92;22092;Nord-est;Trentino-Alto Adige/S¸dtirol;Trento;2;22092;22092;22092;ITH;ITH2;ITH20;ITH;ITH2;ITH20;
Giustino;E065;4;22;22;93;22093;Nord-est;Trentino-Alto Adige/S¸dtirol;Trento;2;22093;22093;22093;ITH;ITH2;ITH20;ITH;ITH2;ITH20;
Grigno;E178;4;22;22;95;22095;Nord-est;Trentino-Alto Adige/S¸dtirol;Trento;2;22095;22095;22095;ITH;ITH2;ITH20;ITH;ITH2;ITH20;
Imer;E288;4;22;22;97;22097;Nord-est;Trentino-Alto Adige/S¸dtirol;Trento;2;22097;22097;22097;ITH;ITH2;ITH20;ITH;ITH2;ITH20;
Isera;E334;4;22;22;98;22098;Nord-est;Trentino-Alto Adige/S¸dtirol;Trento;2;22098;22098;22098;ITH;ITH2;ITH20;ITH;ITH2;ITH20;
Lavarone;E492;4;22;22;102;22102;Nord-est;Trentino-Alto Adige/S¸dtirol;Trento;2;22102;22102;22102;ITH;ITH2;ITH20;ITH;ITH2;ITH20;
Lavis;E500;4;22;22;103;22103;Nord-est;Trentino-Alto Adige/S¸dtirol;Trento;2;22103;22103;22103;ITH;ITH2;ITH20;ITH;ITH2;ITH20;
Levico Terme;E565;4;22;22;104;22104;Nord-est;Trentino-Alto Adige/S¸dtirol;Trento;2;22104;22104;22104;ITH;ITH2;ITH20;ITH;ITH2;ITH20;
Livo;E624;4;22;22;106;22106;Nord-est;Trentino-Alto Adige/S¸dtirol;Trento;2;22106;22106;22106;ITH;ITH2;ITH20;ITH;ITH2;ITH20;
Lona-Lases;E664;4;22;22;108;22108;Nord-est;Trentino-Alto Adige/S¸dtirol;Trento;2;22108;22108;22108;ITH;ITH2;ITH20;ITH;ITH2;ITH20;
Luserna;E757;4;22;22;109;22109;Nord-est;Trentino-Alto Adige/S¸dtirol;Trento;2;22109;22109;22109;ITH;ITH2;ITH20;ITH;ITH2;ITH20;
MalÈ;E850;4;22;22;110;22110;Nord-est;Trentino-Alto Adige/S¸dtirol;Trento;2;22110;22110;22110;ITH;ITH2;ITH20;ITH;ITH2;ITH20;
Massimeno;F045;4;22;22;112;22112;Nord-est;Trentino-Alto Adige/S¸dtirol;Trento;2;22112;22112;22112;ITH;ITH2;ITH20;ITH;ITH2;ITH20;
Mazzin;F068;4;22;22;113;22113;Nord-est;Trentino-Alto Adige/S¸dtirol;Trento;2;22113;22113;22113;ITH;ITH2;ITH20;ITH;ITH2;ITH20;
Mezzana;F168;4;22;22;114;22114;Nord-est;Trentino-Alto Adige/S¸dtirol;Trento;2;22114;22114;22114;ITH;ITH2;ITH20;ITH;ITH2;ITH20;
Mezzano;F176;4;22;22;115;22115;Nord-est;Trentino-Alto Adige/S¸dtirol;Trento;2;22115;22115;22115;ITH;ITH2;ITH20;ITH;ITH2;ITH20;
Mezzocorona;F183;4;22;22;116;22116;Nord-est;Trentino-Alto Adige/S¸dtirol;Trento;2;22116;22116;22116;ITH;ITH2;ITH20;ITH;ITH2;ITH20;
Mezzolombardo;F187;4;22;22;117;22117;Nord-est;Trentino-Alto Adige/S¸dtirol;Trento;2;22117;22117;22117;ITH;ITH2;ITH20;ITH;ITH2;ITH20;
Moena;F263;4;22;22;118;22118;Nord-est;Trentino-Alto Adige/S¸dtirol;Trento;2;22118;22118;22118;ITH;ITH2;ITH20;ITH;ITH2;ITH20;
Molveno;F307;4;22;22;120;22120;Nord-est;Trentino-Alto Adige/S¸dtirol;Trento;2;22120;22120;22120;ITH;ITH2;ITH20;ITH;ITH2;ITH20;
Mori;F728;4;22;22;123;22123;Nord-est;Trentino-Alto Adige/S¸dtirol;Trento;2;22123;22123;22123;ITH;ITH2;ITH20;ITH;ITH2;ITH20;
Nago-Torbole;F835;4;22;22;124;22124;Nord-est;Trentino-Alto Adige/S¸dtirol;Trento;2;22124;22124;22124;ITH;ITH2;ITH20;ITH;ITH2;ITH20;
Nogaredo;F920;4;22;22;127;22127;Nord-est;Trentino-Alto Adige/S¸dtirol;Trento;2;22127;22127;22127;ITH;ITH2;ITH20;ITH;ITH2;ITH20;
Nomi;F929;4;22;22;128;22128;Nord-est;Trentino-Alto Adige/S¸dtirol;Trento;2;22128;22128;22128;ITH;ITH2;ITH20;ITH;ITH2;ITH20;
Novaledo;F947;4;22;22;129;22129;Nord-est;Trentino-Alto Adige/S¸dtirol;Trento;2;22129;22129;22129;ITH;ITH2;ITH20;ITH;ITH2;ITH20;
Ospedaletto;G168;4;22;22;130;22130;Nord-est;Trentino-Alto Adige/S¸dtirol;Trento;2;22130;22130;22130;ITH;ITH2;ITH20;ITH;ITH2;ITH20;
Ossana;G173;4;22;22;131;22131;Nord-est;Trentino-Alto Adige/S¸dtirol;Trento;2;22131;22131;22131;ITH;ITH2;ITH20;ITH;ITH2;ITH20;
Pal˘ del Fersina;G296;4;22;22;133;22133;Nord-est;Trentino-Alto Adige/S¸dtirol;Trento;2;22133;22133;22133;ITH;ITH2;ITH20;ITH;ITH2;ITH20;
Panchi‡;G305;4;22;22;134;22134;Nord-est;Trentino-Alto Adige/S¸dtirol;Trento;2;22134;22134;22134;ITH;ITH2;ITH20;ITH;ITH2;ITH20;
Ronzo-Chienis;M303;4;22;22;135;22135;Nord-est;Trentino-Alto Adige/S¸dtirol;Trento;2;22135;22135;22135;ITH;ITH2;ITH20;ITH;ITH2;ITH20;
Peio;G419;4;22;22;136;22136;Nord-est;Trentino-Alto Adige/S¸dtirol;Trento;2;22136;22136;22136;ITH;ITH2;ITH20;ITH;ITH2;ITH20;
Pellizzano;G428;4;22;22;137;22137;Nord-est;Trentino-Alto Adige/S¸dtirol;Trento;2;22137;22137;22137;ITH;ITH2;ITH20;ITH;ITH2;ITH20;
Pelugo;G429;4;22;22;138;22138;Nord-est;Trentino-Alto Adige/S¸dtirol;Trento;2;22138;22138;22138;ITH;ITH2;ITH20;ITH;ITH2;ITH20;
Pergine Valsugana;G452;4;22;22;139;22139;Nord-est;Trentino-Alto Adige/S¸dtirol;Trento;2;22139;22139;22139;ITH;ITH2;ITH20;ITH;ITH2;ITH20;
Pieve Tesino;G656;4;22;22;142;22142;Nord-est;Trentino-Alto Adige/S¸dtirol;Trento;2;22142;22142;22142;ITH;ITH2;ITH20;ITH;ITH2;ITH20;
Pinzolo;G681;4;22;22;143;22143;Nord-est;Trentino-Alto Adige/S¸dtirol;Trento;2;22143;22143;22143;ITH;ITH2;ITH20;ITH;ITH2;ITH20;
Pomarolo;G808;4;22;22;144;22144;Nord-est;Trentino-Alto Adige/S¸dtirol;Trento;2;22144;22144;22144;ITH;ITH2;ITH20;ITH;ITH2;ITH20;
Predazzo;H018;4;22;22;147;22147;Nord-est;Trentino-Alto Adige/S¸dtirol;Trento;2;22147;22147;22147;ITH;ITH2;ITH20;ITH;ITH2;ITH20;
Rabbi;H146;4;22;22;150;22150;Nord-est;Trentino-Alto Adige/S¸dtirol;Trento;2;22150;22150;22150;ITH;ITH2;ITH20;ITH;ITH2;ITH20;
Riva del Garda;H330;4;22;22;153;22153;Nord-est;Trentino-Alto Adige/S¸dtirol;Trento;2;22153;22153;22153;ITH;ITH2;ITH20;ITH;ITH2;ITH20;
Romeno;H517;4;22;22;155;22155;Nord-est;Trentino-Alto Adige/S¸dtirol;Trento;2;22155;22155;22155;ITH;ITH2;ITH20;ITH;ITH2;ITH20;
Roncegno Terme;H528;4;22;22;156;22156;Nord-est;Trentino-Alto Adige/S¸dtirol;Trento;2;22156;22156;22156;ITH;ITH2;ITH20;ITH;ITH2;ITH20;
Ronchi Valsugana;H532;4;22;22;157;22157;Nord-est;Trentino-Alto Adige/S¸dtirol;Trento;2;22157;22157;22157;ITH;ITH2;ITH20;ITH;ITH2;ITH20;
Ronzone;H552;4;22;22;159;22159;Nord-est;Trentino-Alto Adige/S¸dtirol;Trento;2;22159;22159;22159;ITH;ITH2;ITH20;ITH;ITH2;ITH20;
RoverË della Luna;H607;4;22;22;160;22160;Nord-est;Trentino-Alto Adige/S¸dtirol;Trento;2;22160;22160;22160;ITH;ITH2;ITH20;ITH;ITH2;ITH20;
Rovereto;H612;4;22;22;161;22161;Nord-est;Trentino-Alto Adige/S¸dtirol;Trento;2;22161;22161;22161;ITH;ITH2;ITH20;ITH;ITH2;ITH20;
RuffrË-Mendola;H634;4;22;22;162;22162;Nord-est;Trentino-Alto Adige/S¸dtirol;Trento;2;22162;22162;22162;ITH;ITH2;ITH20;ITH;ITH2;ITH20;
Rumo;H639;4;22;22;163;22163;Nord-est;Trentino-Alto Adige/S¸dtirol;Trento;2;22163;22163;22163;ITH;ITH2;ITH20;ITH;ITH2;ITH20;
Sagron Mis;H666;4;22;22;164;22164;Nord-est;Trentino-Alto Adige/S¸dtirol;Trento;2;22164;22164;22164;ITH;ITH2;ITH20;ITH;ITH2;ITH20;
Samone;H754;4;22;22;165;22165;Nord-est;Trentino-Alto Adige/S¸dtirol;Trento;2;22165;22165;22165;ITH;ITH2;ITH20;ITH;ITH2;ITH20;
San Michele all'Adige;I042;4;22;22;167;22167;Nord-est;Trentino-Alto Adige/S¸dtirol;Trento;2;22167;22167;22167;ITH;ITH2;ITH20;ITH;ITH2;ITH20;
Sant'Orsola Terme;I354;4;22;22;168;22168;Nord-est;Trentino-Alto Adige/S¸dtirol;Trento;2;22168;22168;22168;ITH;ITH2;ITH20;ITH;ITH2;ITH20;
Sanzeno;I411;4;22;22;169;22169;Nord-est;Trentino-Alto Adige/S¸dtirol;Trento;2;22169;22169;22169;ITH;ITH2;ITH20;ITH;ITH2;ITH20;
Sarnonico;I439;4;22;22;170;22170;Nord-est;Trentino-Alto Adige/S¸dtirol;Trento;2;22170;22170;22170;ITH;ITH2;ITH20;ITH;ITH2;ITH20;
Scurelle;I554;4;22;22;171;22171;Nord-est;Trentino-Alto Adige/S¸dtirol;Trento;2;22171;22171;22171;ITH;ITH2;ITH20;ITH;ITH2;ITH20;
Segonzano;I576;4;22;22;172;22172;Nord-est;Trentino-Alto Adige/S¸dtirol;Trento;2;22172;22172;22172;ITH;ITH2;ITH20;ITH;ITH2;ITH20;
Sfruz;I714;4;22;22;173;22173;Nord-est;Trentino-Alto Adige/S¸dtirol;Trento;2;22173;22173;22173;ITH;ITH2;ITH20;ITH;ITH2;ITH20;
Soraga di Fassa;I839;4;22;22;176;22176;Nord-est;Trentino-Alto Adige/S¸dtirol;Trento;2;22176;22176;22176;ITH;ITH2;ITH20;ITH;ITH2;ITH20;
Sover;I871;4;22;22;177;22177;Nord-est;Trentino-Alto Adige/S¸dtirol;Trento;2;22177;22177;22177;ITH;ITH2;ITH20;ITH;ITH2;ITH20;
Spiazzo;I899;4;22;22;179;22179;Nord-est;Trentino-Alto Adige/S¸dtirol;Trento;2;22179;22179;22179;ITH;ITH2;ITH20;ITH;ITH2;ITH20;
Spormaggiore;I924;4;22;22;180;22180;Nord-est;Trentino-Alto Adige/S¸dtirol;Trento;2;22180;22180;22180;ITH;ITH2;ITH20;ITH;ITH2;ITH20;
Sporminore;I925;4;22;22;181;22181;Nord-est;Trentino-Alto Adige/S¸dtirol;Trento;2;22181;22181;22181;ITH;ITH2;ITH20;ITH;ITH2;ITH20;
Stenico;I949;4;22;22;182;22182;Nord-est;Trentino-Alto Adige/S¸dtirol;Trento;2;22182;22182;22182;ITH;ITH2;ITH20;ITH;ITH2;ITH20;
Storo;I964;4;22;22;183;22183;Nord-est;Trentino-Alto Adige/S¸dtirol;Trento;2;22183;22183;22183;ITH;ITH2;ITH20;ITH;ITH2;ITH20;
Strembo;I975;4;22;22;184;22184;Nord-est;Trentino-Alto Adige/S¸dtirol;Trento;2;22184;22184;22184;ITH;ITH2;ITH20;ITH;ITH2;ITH20;
Telve;L089;4;22;22;188;22188;Nord-est;Trentino-Alto Adige/S¸dtirol;Trento;2;22188;22188;22188;ITH;ITH2;ITH20;ITH;ITH2;ITH20;
Telve di Sopra;L090;4;22;22;189;22189;Nord-est;Trentino-Alto Adige/S¸dtirol;Trento;2;22189;22189;22189;ITH;ITH2;ITH20;ITH;ITH2;ITH20;
Tenna;L096;4;22;22;190;22190;Nord-est;Trentino-Alto Adige/S¸dtirol;Trento;2;22190;22190;22190;ITH;ITH2;ITH20;ITH;ITH2;ITH20;
Tenno;L097;4;22;22;191;22191;Nord-est;Trentino-Alto Adige/S¸dtirol;Trento;2;22191;22191;22191;ITH;ITH2;ITH20;ITH;ITH2;ITH20;
Terragnolo;L121;4;22;22;193;22193;Nord-est;Trentino-Alto Adige/S¸dtirol;Trento;2;22193;22193;22193;ITH;ITH2;ITH20;ITH;ITH2;ITH20;
Terzolas;L145;4;22;22;195;22195;Nord-est;Trentino-Alto Adige/S¸dtirol;Trento;2;22195;22195;22195;ITH;ITH2;ITH20;ITH;ITH2;ITH20;
Tesero;L147;4;22;22;196;22196;Nord-est;Trentino-Alto Adige/S¸dtirol;Trento;2;22196;22196;22196;ITH;ITH2;ITH20;ITH;ITH2;ITH20;
Tione di Trento;L174;4;22;22;199;22199;Nord-est;Trentino-Alto Adige/S¸dtirol;Trento;2;22199;22199;22199;ITH;ITH2;ITH20;ITH;ITH2;ITH20;
Ton;L200;4;22;22;200;22200;Nord-est;Trentino-Alto Adige/S¸dtirol;Trento;2;22200;22200;22200;ITH;ITH2;ITH20;ITH;ITH2;ITH20;
Torcegno;L211;4;22;22;202;22202;Nord-est;Trentino-Alto Adige/S¸dtirol;Trento;2;22202;22202;22202;ITH;ITH2;ITH20;ITH;ITH2;ITH20;
Trambileno;L322;4;22;22;203;22203;Nord-est;Trentino-Alto Adige/S¸dtirol;Trento;2;22203;22203;22203;ITH;ITH2;ITH20;ITH;ITH2;ITH20;
Trento;L378;4;22;22;205;22205;Nord-est;Trentino-Alto Adige/S¸dtirol;Trento;2;22205;22205;22205;ITH;ITH2;ITH20;ITH;ITH2;ITH20;
Valfloriana;L575;4;22;22;209;22209;Nord-est;Trentino-Alto Adige/S¸dtirol;Trento;2;22209;22209;22209;ITH;ITH2;ITH20;ITH;ITH2;ITH20;
Vallarsa;L588;4;22;22;210;22210;Nord-est;Trentino-Alto Adige/S¸dtirol;Trento;2;22210;22210;22210;ITH;ITH2;ITH20;ITH;ITH2;ITH20;
Vermiglio;L769;4;22;22;213;22213;Nord-est;Trentino-Alto Adige/S¸dtirol;Trento;2;22213;22213;22213;ITH;ITH2;ITH20;ITH;ITH2;ITH20;
Vignola-Falesina;L886;4;22;22;216;22216;Nord-est;Trentino-Alto Adige/S¸dtirol;Trento;2;22216;22216;22216;ITH;ITH2;ITH20;ITH;ITH2;ITH20;
Villa Lagarina;L957;4;22;22;222;22222;Nord-est;Trentino-Alto Adige/S¸dtirol;Trento;2;22222;22222;22222;ITH;ITH2;ITH20;ITH;ITH2;ITH20;
Volano;M113;4;22;22;224;22224;Nord-est;Trentino-Alto Adige/S¸dtirol;Trento;2;22224;22224;22224;ITH;ITH2;ITH20;ITH;ITH2;ITH20;
Ziano di Fiemme;M173;4;22;22;226;22226;Nord-est;Trentino-Alto Adige/S¸dtirol;Trento;2;22226;22226;22226;ITH;ITH2;ITH20;ITH;ITH2;ITH20;
Comano Terme;M314;4;22;22;228;22228;Nord-est;Trentino-Alto Adige/S¸dtirol;Trento;2;22228;22228;22228;ITH;ITH2;ITH20;ITH;ITH2;ITH20;
Ledro;M313;4;22;22;229;22229;Nord-est;Trentino-Alto Adige/S¸dtirol;Trento;2;22229;22229;22229;ITH;ITH2;ITH20;ITH;ITH2;ITH20;
Predaia;M344;4;22;22;230;22230;Nord-est;Trentino-Alto Adige/S¸dtirol;Trento;2;22230;22230;22230;ITH;ITH2;ITH20;ITH;ITH2;ITH20;
San Lorenzo Dorsino;M345;4;22;22;231;22231;Nord-est;Trentino-Alto Adige/S¸dtirol;Trento;2;22231;22231;22231;ITH;ITH2;ITH20;ITH;ITH2;ITH20;
Valdaone;M343;4;22;22;232;22232;Nord-est;Trentino-Alto Adige/S¸dtirol;Trento;2;22232;22232;22232;ITH;ITH2;ITH20;ITH;ITH2;ITH20;
Dimaro Folgarida;M366;4;22;22;233;22233;Nord-est;Trentino-Alto Adige/S¸dtirol;Trento;2;22233;22233;22233;ITH;ITH2;ITH20;ITH;ITH2;ITH20;
Pieve di Bono-Prezzo;M365;4;22;22;234;22234;Nord-est;Trentino-Alto Adige/S¸dtirol;Trento;2;22234;22234;22234;ITH;ITH2;ITH20;ITH;ITH2;ITH20;
Altavalle;M349;4;22;22;235;22235;Nord-est;Trentino-Alto Adige/S¸dtirol;Trento;2;22235;22235;22235;ITH;ITH2;ITH20;ITH;ITH2;ITH20;
Altopiano della Vigolana;M350;4;22;22;236;22236;Nord-est;Trentino-Alto Adige/S¸dtirol;Trento;2;22236;22236;22236;ITH;ITH2;ITH20;ITH;ITH2;ITH20;
Amblar-Don;M351;4;22;22;237;22237;Nord-est;Trentino-Alto Adige/S¸dtirol;Trento;2;22237;22237;22237;ITH;ITH2;ITH20;ITH;ITH2;ITH20;
Borgo Chiese;M352;4;22;22;238;22238;Nord-est;Trentino-Alto Adige/S¸dtirol;Trento;2;22238;22238;22238;ITH;ITH2;ITH20;ITH;ITH2;ITH20;
Borgo Lares;M353;4;22;22;239;22239;Nord-est;Trentino-Alto Adige/S¸dtirol;Trento;2;22239;22239;22239;ITH;ITH2;ITH20;ITH;ITH2;ITH20;
Castel Ivano;M354;4;22;22;240;22240;Nord-est;Trentino-Alto Adige/S¸dtirol;Trento;2;22240;22240;22240;ITH;ITH2;ITH20;ITH;ITH2;ITH20;
Cembra Lisignago;M355;4;22;22;241;22241;Nord-est;Trentino-Alto Adige/S¸dtirol;Trento;2;22241;22241;22241;ITH;ITH2;ITH20;ITH;ITH2;ITH20;
Cont‡;M356;4;22;22;242;22242;Nord-est;Trentino-Alto Adige/S¸dtirol;Trento;2;22242;22242;22242;ITH;ITH2;ITH20;ITH;ITH2;ITH20;
Madruzzo;M357;4;22;22;243;22243;Nord-est;Trentino-Alto Adige/S¸dtirol;Trento;2;22243;22243;22243;ITH;ITH2;ITH20;ITH;ITH2;ITH20;
Porte di Rendena;M358;4;22;22;244;22244;Nord-est;Trentino-Alto Adige/S¸dtirol;Trento;2;22244;22244;22244;ITH;ITH2;ITH20;ITH;ITH2;ITH20;
Primiero San Martino di Castrozza;M359;4;22;22;245;22245;Nord-est;Trentino-Alto Adige/S¸dtirol;Trento;2;22245;22245;22245;ITH;ITH2;ITH20;ITH;ITH2;ITH20;
Sella Giudicarie;M360;4;22;22;246;22246;Nord-est;Trentino-Alto Adige/S¸dtirol;Trento;2;22246;22246;22246;ITH;ITH2;ITH20;ITH;ITH2;ITH20;
Tre Ville;M361;4;22;22;247;22247;Nord-est;Trentino-Alto Adige/S¸dtirol;Trento;2;22247;22247;22247;ITH;ITH2;ITH20;ITH;ITH2;ITH20;
Vallelaghi;M362;4;22;22;248;22248;Nord-est;Trentino-Alto Adige/S¸dtirol;Trento;2;22248;22248;22248;ITH;ITH2;ITH20;ITH;ITH2;ITH20;
Ville d'Anaunia;M363;4;22;22;249;22249;Nord-est;Trentino-Alto Adige/S¸dtirol;Trento;2;22249;22249;22249;ITH;ITH2;ITH20;ITH;ITH2;ITH20;
San Giovanni di Fassa;M390;4;22;22;250;22250;Nord-est;Trentino-Alto Adige/S¸dtirol;Trento;2;22250;22250;22250;ITH;ITH2;ITH20;ITH;ITH2;ITH20;
Terre d'Adige;M407;4;22;22;251;22251;Nord-est;Trentino-Alto Adige/S¸dtirol;Trento;2;22251;22251;22251;ITH;ITH2;ITH20;ITH;ITH2;ITH20;
Borgo d'Anaunia;M429;4;22;22;252;22252;Nord-est;Trentino-Alto Adige/S¸dtirol;Trento;2;22252;22252;22252;ITH;ITH2;ITH20;ITH;ITH2;ITH20;
Novella;M430;4;22;22;253;22253;Nord-est;Trentino-Alto Adige/S¸dtirol;Trento;2;22253;22253;22253;ITH;ITH2;ITH20;ITH;ITH2;ITH20;
Ville di Fiemme;M431;4;22;22;254;22254;Nord-est;Trentino-Alto Adige/S¸dtirol;Trento;2;22254;22254;22254;ITH;ITH2;ITH20;ITH;ITH2;ITH20;
Affi;A061;5;23;23;1;23001;Nord-est;Veneto;Verona;1;23001;23001;23001;ITH;ITH3;ITH31;ITH;ITH3;ITH31;
Albaredo d'Adige;A137;5;23;23;2;23002;Nord-est;Veneto;Verona;1;23002;23002;23002;ITH;ITH3;ITH31;ITH;ITH3;ITH31;
Angiari;A292;5;23;23;3;23003;Nord-est;Veneto;Verona;1;23003;23003;23003;ITH;ITH3;ITH31;ITH;ITH3;ITH31;
Arcole;A374;5;23;23;4;23004;Nord-est;Veneto;Verona;1;23004;23004;23004;ITH;ITH3;ITH31;ITH;ITH3;ITH31;
Badia Calavena;A540;5;23;23;5;23005;Nord-est;Veneto;Verona;1;23005;23005;23005;ITH;ITH3;ITH31;ITH;ITH3;ITH31;
Bardolino;A650;5;23;23;6;23006;Nord-est;Veneto;Verona;1;23006;23006;23006;ITH;ITH3;ITH31;ITH;ITH3;ITH31;
Belfiore;A737;5;23;23;7;23007;Nord-est;Veneto;Verona;1;23007;23007;23007;ITH;ITH3;ITH31;ITH;ITH3;ITH31;
Bevilacqua;A837;5;23;23;8;23008;Nord-est;Veneto;Verona;1;23008;23008;23008;ITH;ITH3;ITH31;ITH;ITH3;ITH31;
Bonavigo;A964;5;23;23;9;23009;Nord-est;Veneto;Verona;1;23009;23009;23009;ITH;ITH3;ITH31;ITH;ITH3;ITH31;
Boschi Sant'Anna;B070;5;23;23;10;23010;Nord-est;Veneto;Verona;1;23010;23010;23010;ITH;ITH3;ITH31;ITH;ITH3;ITH31;
Bosco Chiesanuova;B073;5;23;23;11;23011;Nord-est;Veneto;Verona;1;23011;23011;23011;ITH;ITH3;ITH31;ITH;ITH3;ITH31;
Bovolone;B107;5;23;23;12;23012;Nord-est;Veneto;Verona;1;23012;23012;23012;ITH;ITH3;ITH31;ITH;ITH3;ITH31;
Brentino Belluno;B152;5;23;23;13;23013;Nord-est;Veneto;Verona;1;23013;23013;23013;ITH;ITH3;ITH31;ITH;ITH3;ITH31;
Brenzone sul Garda;B154;5;23;23;14;23014;Nord-est;Veneto;Verona;1;23014;23014;23014;ITH;ITH3;ITH31;ITH;ITH3;ITH31;
Bussolengo;B296;5;23;23;15;23015;Nord-est;Veneto;Verona;1;23015;23015;23015;ITH;ITH3;ITH31;ITH;ITH3;ITH31;
Buttapietra;B304;5;23;23;16;23016;Nord-est;Veneto;Verona;1;23016;23016;23016;ITH;ITH3;ITH31;ITH;ITH3;ITH31;
Caldiero;B402;5;23;23;17;23017;Nord-est;Veneto;Verona;1;23017;23017;23017;ITH;ITH3;ITH31;ITH;ITH3;ITH31;
Caprino Veronese;B709;5;23;23;18;23018;Nord-est;Veneto;Verona;1;23018;23018;23018;ITH;ITH3;ITH31;ITH;ITH3;ITH31;
Casaleone;B886;5;23;23;19;23019;Nord-est;Veneto;Verona;1;23019;23019;23019;ITH;ITH3;ITH31;ITH;ITH3;ITH31;
Castagnaro;C041;5;23;23;20;23020;Nord-est;Veneto;Verona;1;23020;23020;23020;ITH;ITH3;ITH31;ITH;ITH3;ITH31;
Castel d'Azzano;C078;5;23;23;21;23021;Nord-est;Veneto;Verona;1;23021;23021;23021;ITH;ITH3;ITH31;ITH;ITH3;ITH31;
Castelnuovo del Garda;C225;5;23;23;22;23022;Nord-est;Veneto;Verona;1;23022;23022;23022;ITH;ITH3;ITH31;ITH;ITH3;ITH31;
Cavaion Veronese;C370;5;23;23;23;23023;Nord-est;Veneto;Verona;1;23023;23023;23023;ITH;ITH3;ITH31;ITH;ITH3;ITH31;
Cazzano di Tramigna;C412;5;23;23;24;23024;Nord-est;Veneto;Verona;1;23024;23024;23024;ITH;ITH3;ITH31;ITH;ITH3;ITH31;
Cerea;C498;5;23;23;25;23025;Nord-est;Veneto;Verona;1;23025;23025;23025;ITH;ITH3;ITH31;ITH;ITH3;ITH31;
Cerro Veronese;C538;5;23;23;26;23026;Nord-est;Veneto;Verona;1;23026;23026;23026;ITH;ITH3;ITH31;ITH;ITH3;ITH31;
Cologna Veneta;C890;5;23;23;27;23027;Nord-est;Veneto;Verona;1;23027;23027;23027;ITH;ITH3;ITH31;ITH;ITH3;ITH31;
Colognola ai Colli;C897;5;23;23;28;23028;Nord-est;Veneto;Verona;1;23028;23028;23028;ITH;ITH3;ITH31;ITH;ITH3;ITH31;
Concamarise;C943;5;23;23;29;23029;Nord-est;Veneto;Verona;1;23029;23029;23029;ITH;ITH3;ITH31;ITH;ITH3;ITH31;
Costermano sul Garda;D118;5;23;23;30;23030;Nord-est;Veneto;Verona;1;23030;23030;23030;ITH;ITH3;ITH31;ITH;ITH3;ITH31;
DolcË;D317;5;23;23;31;23031;Nord-est;Veneto;Verona;1;23031;23031;23031;ITH;ITH3;ITH31;ITH;ITH3;ITH31;
ErbË;D419;5;23;23;32;23032;Nord-est;Veneto;Verona;1;23032;23032;23032;ITH;ITH3;ITH31;ITH;ITH3;ITH31;
Erbezzo;D420;5;23;23;33;23033;Nord-est;Veneto;Verona;1;23033;23033;23033;ITH;ITH3;ITH31;ITH;ITH3;ITH31;
Ferrara di Monte Baldo;D549;5;23;23;34;23034;Nord-est;Veneto;Verona;1;23034;23034;23034;ITH;ITH3;ITH31;ITH;ITH3;ITH31;
Fumane;D818;5;23;23;35;23035;Nord-est;Veneto;Verona;1;23035;23035;23035;ITH;ITH3;ITH31;ITH;ITH3;ITH31;
Garda;D915;5;23;23;36;23036;Nord-est;Veneto;Verona;1;23036;23036;23036;ITH;ITH3;ITH31;ITH;ITH3;ITH31;
Gazzo Veronese;D957;5;23;23;37;23037;Nord-est;Veneto;Verona;1;23037;23037;23037;ITH;ITH3;ITH31;ITH;ITH3;ITH31;
Grezzana;E171;5;23;23;38;23038;Nord-est;Veneto;Verona;1;23038;23038;23038;ITH;ITH3;ITH31;ITH;ITH3;ITH31;
Illasi;E284;5;23;23;39;23039;Nord-est;Veneto;Verona;1;23039;23039;23039;ITH;ITH3;ITH31;ITH;ITH3;ITH31;
Isola della Scala;E349;5;23;23;40;23040;Nord-est;Veneto;Verona;1;23040;23040;23040;ITH;ITH3;ITH31;ITH;ITH3;ITH31;
Isola Rizza;E358;5;23;23;41;23041;Nord-est;Veneto;Verona;1;23041;23041;23041;ITH;ITH3;ITH31;ITH;ITH3;ITH31;
Lavagno;E489;5;23;23;42;23042;Nord-est;Veneto;Verona;1;23042;23042;23042;ITH;ITH3;ITH31;ITH;ITH3;ITH31;
Lazise;E502;5;23;23;43;23043;Nord-est;Veneto;Verona;1;23043;23043;23043;ITH;ITH3;ITH31;ITH;ITH3;ITH31;
Legnago;E512;5;23;23;44;23044;Nord-est;Veneto;Verona;1;23044;23044;23044;ITH;ITH3;ITH31;ITH;ITH3;ITH31;
Malcesine;E848;5;23;23;45;23045;Nord-est;Veneto;Verona;1;23045;23045;23045;ITH;ITH3;ITH31;ITH;ITH3;ITH31;
Marano di Valpolicella;E911;5;23;23;46;23046;Nord-est;Veneto;Verona;1;23046;23046;23046;ITH;ITH3;ITH31;ITH;ITH3;ITH31;
Mezzane di Sotto;F172;5;23;23;47;23047;Nord-est;Veneto;Verona;1;23047;23047;23047;ITH;ITH3;ITH31;ITH;ITH3;ITH31;
Minerbe;F218;5;23;23;48;23048;Nord-est;Veneto;Verona;1;23048;23048;23048;ITH;ITH3;ITH31;ITH;ITH3;ITH31;
Montecchia di Crosara;F461;5;23;23;49;23049;Nord-est;Veneto;Verona;1;23049;23049;23049;ITH;ITH3;ITH31;ITH;ITH3;ITH31;
Monteforte d'Alpone;F508;5;23;23;50;23050;Nord-est;Veneto;Verona;1;23050;23050;23050;ITH;ITH3;ITH31;ITH;ITH3;ITH31;
Mozzecane;F789;5;23;23;51;23051;Nord-est;Veneto;Verona;1;23051;23051;23051;ITH;ITH3;ITH31;ITH;ITH3;ITH31;
Negrar di Valpolicella;F861;5;23;23;52;23052;Nord-est;Veneto;Verona;1;23052;23052;23052;ITH;ITH3;ITH31;ITH;ITH3;ITH31;
Nogara;F918;5;23;23;53;23053;Nord-est;Veneto;Verona;1;23053;23053;23053;ITH;ITH3;ITH31;ITH;ITH3;ITH31;
Nogarole Rocca;F921;5;23;23;54;23054;Nord-est;Veneto;Verona;1;23054;23054;23054;ITH;ITH3;ITH31;ITH;ITH3;ITH31;
Oppeano;G080;5;23;23;55;23055;Nord-est;Veneto;Verona;1;23055;23055;23055;ITH;ITH3;ITH31;ITH;ITH3;ITH31;
Pal˘;G297;5;23;23;56;23056;Nord-est;Veneto;Verona;1;23056;23056;23056;ITH;ITH3;ITH31;ITH;ITH3;ITH31;
Pastrengo;G365;5;23;23;57;23057;Nord-est;Veneto;Verona;1;23057;23057;23057;ITH;ITH3;ITH31;ITH;ITH3;ITH31;
Pescantina;G481;5;23;23;58;23058;Nord-est;Veneto;Verona;1;23058;23058;23058;ITH;ITH3;ITH31;ITH;ITH3;ITH31;
Peschiera del Garda;G489;5;23;23;59;23059;Nord-est;Veneto;Verona;1;23059;23059;23059;ITH;ITH3;ITH31;ITH;ITH3;ITH31;
Povegliano Veronese;G945;5;23;23;60;23060;Nord-est;Veneto;Verona;1;23060;23060;23060;ITH;ITH3;ITH31;ITH;ITH3;ITH31;
Pressana;H048;5;23;23;61;23061;Nord-est;Veneto;Verona;1;23061;23061;23061;ITH;ITH3;ITH31;ITH;ITH3;ITH31;
Rivoli Veronese;H356;5;23;23;62;23062;Nord-est;Veneto;Verona;1;23062;23062;23062;ITH;ITH3;ITH31;ITH;ITH3;ITH31;
Ronc‡;H522;5;23;23;63;23063;Nord-est;Veneto;Verona;1;23063;23063;23063;ITH;ITH3;ITH31;ITH;ITH3;ITH31;
Ronco all'Adige;H540;5;23;23;64;23064;Nord-est;Veneto;Verona;1;23064;23064;23064;ITH;ITH3;ITH31;ITH;ITH3;ITH31;
Roverchiara;H606;5;23;23;65;23065;Nord-est;Veneto;Verona;1;23065;23065;23065;ITH;ITH3;ITH31;ITH;ITH3;ITH31;
Roveredo di Gu‡;H610;5;23;23;66;23066;Nord-est;Veneto;Verona;1;23066;23066;23066;ITH;ITH3;ITH31;ITH;ITH3;ITH31;
RoverË Veronese;H608;5;23;23;67;23067;Nord-est;Veneto;Verona;1;23067;23067;23067;ITH;ITH3;ITH31;ITH;ITH3;ITH31;
Salizzole;H714;5;23;23;68;23068;Nord-est;Veneto;Verona;1;23068;23068;23068;ITH;ITH3;ITH31;ITH;ITH3;ITH31;
San Bonifacio;H783;5;23;23;69;23069;Nord-est;Veneto;Verona;1;23069;23069;23069;ITH;ITH3;ITH31;ITH;ITH3;ITH31;
San Giovanni Ilarione;H916;5;23;23;70;23070;Nord-est;Veneto;Verona;1;23070;23070;23070;ITH;ITH3;ITH31;ITH;ITH3;ITH31;
San Giovanni Lupatoto;H924;5;23;23;71;23071;Nord-est;Veneto;Verona;1;23071;23071;23071;ITH;ITH3;ITH31;ITH;ITH3;ITH31;
Sanguinetto;H944;5;23;23;72;23072;Nord-est;Veneto;Verona;1;23072;23072;23072;ITH;ITH3;ITH31;ITH;ITH3;ITH31;
San Martino Buon Albergo;I003;5;23;23;73;23073;Nord-est;Veneto;Verona;1;23073;23073;23073;ITH;ITH3;ITH31;ITH;ITH3;ITH31;
San Mauro di Saline;H712;5;23;23;74;23074;Nord-est;Veneto;Verona;1;23074;23074;23074;ITH;ITH3;ITH31;ITH;ITH3;ITH31;
San Pietro di Morubio;I105;5;23;23;75;23075;Nord-est;Veneto;Verona;1;23075;23075;23075;ITH;ITH3;ITH31;ITH;ITH3;ITH31;
San Pietro in Cariano;I109;5;23;23;76;23076;Nord-est;Veneto;Verona;1;23076;23076;23076;ITH;ITH3;ITH31;ITH;ITH3;ITH31;
Sant'Ambrogio di Valpolicella;I259;5;23;23;77;23077;Nord-est;Veneto;Verona;1;23077;23077;23077;ITH;ITH3;ITH31;ITH;ITH3;ITH31;
Sant'Anna d'Alfaedo;I292;5;23;23;78;23078;Nord-est;Veneto;Verona;1;23078;23078;23078;ITH;ITH3;ITH31;ITH;ITH3;ITH31;
San Zeno di Montagna;I414;5;23;23;79;23079;Nord-est;Veneto;Verona;1;23079;23079;23079;ITH;ITH3;ITH31;ITH;ITH3;ITH31;
Selva di Progno;I594;5;23;23;80;23080;Nord-est;Veneto;Verona;1;23080;23080;23080;ITH;ITH3;ITH31;ITH;ITH3;ITH31;
Soave;I775;5;23;23;81;23081;Nord-est;Veneto;Verona;1;23081;23081;23081;ITH;ITH3;ITH31;ITH;ITH3;ITH31;
Sommacampagna;I821;5;23;23;82;23082;Nord-est;Veneto;Verona;1;23082;23082;23082;ITH;ITH3;ITH31;ITH;ITH3;ITH31;
Sona;I826;5;23;23;83;23083;Nord-est;Veneto;Verona;1;23083;23083;23083;ITH;ITH3;ITH31;ITH;ITH3;ITH31;
Sorg‡;I850;5;23;23;84;23084;Nord-est;Veneto;Verona;1;23084;23084;23084;ITH;ITH3;ITH31;ITH;ITH3;ITH31;
Terrazzo;L136;5;23;23;85;23085;Nord-est;Veneto;Verona;1;23085;23085;23085;ITH;ITH3;ITH31;ITH;ITH3;ITH31;
Torri del Benaco;L287;5;23;23;86;23086;Nord-est;Veneto;Verona;1;23086;23086;23086;ITH;ITH3;ITH31;ITH;ITH3;ITH31;
Tregnago;L364;5;23;23;87;23087;Nord-est;Veneto;Verona;1;23087;23087;23087;ITH;ITH3;ITH31;ITH;ITH3;ITH31;
Trevenzuolo;L396;5;23;23;88;23088;Nord-est;Veneto;Verona;1;23088;23088;23088;ITH;ITH3;ITH31;ITH;ITH3;ITH31;
Valeggio sul Mincio;L567;5;23;23;89;23089;Nord-est;Veneto;Verona;1;23089;23089;23089;ITH;ITH3;ITH31;ITH;ITH3;ITH31;
Velo Veronese;L722;5;23;23;90;23090;Nord-est;Veneto;Verona;1;23090;23090;23090;ITH;ITH3;ITH31;ITH;ITH3;ITH31;
Verona;L781;5;23;23;91;23091;Nord-est;Veneto;Verona;1;23091;23091;23091;ITH;ITH3;ITH31;ITH;ITH3;ITH31;
Veronella;D193;5;23;23;92;23092;Nord-est;Veneto;Verona;1;23092;23092;23092;ITH;ITH3;ITH31;ITH;ITH3;ITH31;
Vestenanova;L810;5;23;23;93;23093;Nord-est;Veneto;Verona;1;23093;23093;23093;ITH;ITH3;ITH31;ITH;ITH3;ITH31;
Vigasio;L869;5;23;23;94;23094;Nord-est;Veneto;Verona;1;23094;23094;23094;ITH;ITH3;ITH31;ITH;ITH3;ITH31;
Villa Bartolomea;L912;5;23;23;95;23095;Nord-est;Veneto;Verona;1;23095;23095;23095;ITH;ITH3;ITH31;ITH;ITH3;ITH31;
Villafranca di Verona;L949;5;23;23;96;23096;Nord-est;Veneto;Verona;1;23096;23096;23096;ITH;ITH3;ITH31;ITH;ITH3;ITH31;
Zevio;M172;5;23;23;97;23097;Nord-est;Veneto;Verona;1;23097;23097;23097;ITH;ITH3;ITH31;ITH;ITH3;ITH31;
Zimella;M178;5;23;23;98;23098;Nord-est;Veneto;Verona;1;23098;23098;23098;ITH;ITH3;ITH31;ITH;ITH3;ITH31;
Agugliaro;A093;5;24;24;1;24001;Nord-est;Veneto;Vicenza;1;24001;24001;24001;ITH;ITH3;ITH32;ITH;ITH3;ITH32;
Albettone;A154;5;24;24;2;24002;Nord-est;Veneto;Vicenza;1;24002;24002;24002;ITH;ITH3;ITH32;ITH;ITH3;ITH32;
Alonte;A220;5;24;24;3;24003;Nord-est;Veneto;Vicenza;1;24003;24003;24003;ITH;ITH3;ITH32;ITH;ITH3;ITH32;
Altavilla Vicentina;A231;5;24;24;4;24004;Nord-est;Veneto;Vicenza;1;24004;24004;24004;ITH;ITH3;ITH32;ITH;ITH3;ITH32;
Altissimo;A236;5;24;24;5;24005;Nord-est;Veneto;Vicenza;1;24005;24005;24005;ITH;ITH3;ITH32;ITH;ITH3;ITH32;
Arcugnano;A377;5;24;24;6;24006;Nord-est;Veneto;Vicenza;1;24006;24006;24006;ITH;ITH3;ITH32;ITH;ITH3;ITH32;
Arsiero;A444;5;24;24;7;24007;Nord-est;Veneto;Vicenza;1;24007;24007;24007;ITH;ITH3;ITH32;ITH;ITH3;ITH32;
Arzignano;A459;5;24;24;8;24008;Nord-est;Veneto;Vicenza;1;24008;24008;24008;ITH;ITH3;ITH32;ITH;ITH3;ITH32;
Asiago;A465;5;24;24;9;24009;Nord-est;Veneto;Vicenza;1;24009;24009;24009;ITH;ITH3;ITH32;ITH;ITH3;ITH32;
Asigliano Veneto;A467;5;24;24;10;24010;Nord-est;Veneto;Vicenza;1;24010;24010;24010;ITH;ITH3;ITH32;ITH;ITH3;ITH32;
Bassano del Grappa;A703;5;24;24;12;24012;Nord-est;Veneto;Vicenza;1;24012;24012;24012;ITH;ITH3;ITH32;ITH;ITH3;ITH32;
Bolzano Vicentino;A954;5;24;24;13;24013;Nord-est;Veneto;Vicenza;1;24013;24013;24013;ITH;ITH3;ITH32;ITH;ITH3;ITH32;
Breganze;B132;5;24;24;14;24014;Nord-est;Veneto;Vicenza;1;24014;24014;24014;ITH;ITH3;ITH32;ITH;ITH3;ITH32;
Brendola;B143;5;24;24;15;24015;Nord-est;Veneto;Vicenza;1;24015;24015;24015;ITH;ITH3;ITH32;ITH;ITH3;ITH32;
Bressanvido;B161;5;24;24;16;24016;Nord-est;Veneto;Vicenza;1;24016;24016;24016;ITH;ITH3;ITH32;ITH;ITH3;ITH32;
Brogliano;B196;5;24;24;17;24017;Nord-est;Veneto;Vicenza;1;24017;24017;24017;ITH;ITH3;ITH32;ITH;ITH3;ITH32;
Caldogno;B403;5;24;24;18;24018;Nord-est;Veneto;Vicenza;1;24018;24018;24018;ITH;ITH3;ITH32;ITH;ITH3;ITH32;
Caltrano;B433;5;24;24;19;24019;Nord-est;Veneto;Vicenza;1;24019;24019;24019;ITH;ITH3;ITH32;ITH;ITH3;ITH32;
Calvene;B441;5;24;24;20;24020;Nord-est;Veneto;Vicenza;1;24020;24020;24020;ITH;ITH3;ITH32;ITH;ITH3;ITH32;
Camisano Vicentino;B485;5;24;24;21;24021;Nord-est;Veneto;Vicenza;1;24021;24021;24021;ITH;ITH3;ITH32;ITH;ITH3;ITH32;
Campiglia dei Berici;B511;5;24;24;22;24022;Nord-est;Veneto;Vicenza;1;24022;24022;24022;ITH;ITH3;ITH32;ITH;ITH3;ITH32;
CarrË;B835;5;24;24;24;24024;Nord-est;Veneto;Vicenza;1;24024;24024;24024;ITH;ITH3;ITH32;ITH;ITH3;ITH32;
Cartigliano;B844;5;24;24;25;24025;Nord-est;Veneto;Vicenza;1;24025;24025;24025;ITH;ITH3;ITH32;ITH;ITH3;ITH32;
Cassola;C037;5;24;24;26;24026;Nord-est;Veneto;Vicenza;1;24026;24026;24026;ITH;ITH3;ITH32;ITH;ITH3;ITH32;
Castegnero;C056;5;24;24;27;24027;Nord-est;Veneto;Vicenza;1;24027;24027;24027;ITH;ITH3;ITH32;ITH;ITH3;ITH32;
Castelgomberto;C119;5;24;24;28;24028;Nord-est;Veneto;Vicenza;1;24028;24028;24028;ITH;ITH3;ITH32;ITH;ITH3;ITH32;
Chiampo;C605;5;24;24;29;24029;Nord-est;Veneto;Vicenza;1;24029;24029;24029;ITH;ITH3;ITH32;ITH;ITH3;ITH32;
Chiuppano;C650;5;24;24;30;24030;Nord-est;Veneto;Vicenza;1;24030;24030;24030;ITH;ITH3;ITH32;ITH;ITH3;ITH32;
Cogollo del Cengio;C824;5;24;24;32;24032;Nord-est;Veneto;Vicenza;1;24032;24032;24032;ITH;ITH3;ITH32;ITH;ITH3;ITH32;
Cornedo Vicentino;D020;5;24;24;34;24034;Nord-est;Veneto;Vicenza;1;24034;24034;24034;ITH;ITH3;ITH32;ITH;ITH3;ITH32;
Costabissara;D107;5;24;24;35;24035;Nord-est;Veneto;Vicenza;1;24035;24035;24035;ITH;ITH3;ITH32;ITH;ITH3;ITH32;
Creazzo;D136;5;24;24;36;24036;Nord-est;Veneto;Vicenza;1;24036;24036;24036;ITH;ITH3;ITH32;ITH;ITH3;ITH32;
Crespadoro;D156;5;24;24;37;24037;Nord-est;Veneto;Vicenza;1;24037;24037;24037;ITH;ITH3;ITH32;ITH;ITH3;ITH32;
Dueville;D379;5;24;24;38;24038;Nord-est;Veneto;Vicenza;1;24038;24038;24038;ITH;ITH3;ITH32;ITH;ITH3;ITH32;
Enego;D407;5;24;24;39;24039;Nord-est;Veneto;Vicenza;1;24039;24039;24039;ITH;ITH3;ITH32;ITH;ITH3;ITH32;
Fara Vicentino;D496;5;24;24;40;24040;Nord-est;Veneto;Vicenza;1;24040;24040;24040;ITH;ITH3;ITH32;ITH;ITH3;ITH32;
Foza;D750;5;24;24;41;24041;Nord-est;Veneto;Vicenza;1;24041;24041;24041;ITH;ITH3;ITH32;ITH;ITH3;ITH32;
Gallio;D882;5;24;24;42;24042;Nord-est;Veneto;Vicenza;1;24042;24042;24042;ITH;ITH3;ITH32;ITH;ITH3;ITH32;
Gambellara;D897;5;24;24;43;24043;Nord-est;Veneto;Vicenza;1;24043;24043;24043;ITH;ITH3;ITH32;ITH;ITH3;ITH32;
Grisignano di Zocco;E184;5;24;24;46;24046;Nord-est;Veneto;Vicenza;1;24046;24046;24046;ITH;ITH3;ITH32;ITH;ITH3;ITH32;
Grumolo delle Abbadesse;E226;5;24;24;47;24047;Nord-est;Veneto;Vicenza;1;24047;24047;24047;ITH;ITH3;ITH32;ITH;ITH3;ITH32;
Isola Vicentina;E354;5;24;24;48;24048;Nord-est;Veneto;Vicenza;1;24048;24048;24048;ITH;ITH3;ITH32;ITH;ITH3;ITH32;
Laghi;E403;5;24;24;49;24049;Nord-est;Veneto;Vicenza;1;24049;24049;24049;ITH;ITH3;ITH32;ITH;ITH3;ITH32;
Lastebasse;E465;5;24;24;50;24050;Nord-est;Veneto;Vicenza;1;24050;24050;24050;ITH;ITH3;ITH32;ITH;ITH3;ITH32;
Longare;E671;5;24;24;51;24051;Nord-est;Veneto;Vicenza;1;24051;24051;24051;ITH;ITH3;ITH32;ITH;ITH3;ITH32;
Lonigo;E682;5;24;24;52;24052;Nord-est;Veneto;Vicenza;1;24052;24052;24052;ITH;ITH3;ITH32;ITH;ITH3;ITH32;
Lugo di Vicenza;E731;5;24;24;53;24053;Nord-est;Veneto;Vicenza;1;24053;24053;24053;ITH;ITH3;ITH32;ITH;ITH3;ITH32;
Malo;E864;5;24;24;55;24055;Nord-est;Veneto;Vicenza;1;24055;24055;24055;ITH;ITH3;ITH32;ITH;ITH3;ITH32;
Marano Vicentino;E912;5;24;24;56;24056;Nord-est;Veneto;Vicenza;1;24056;24056;24056;ITH;ITH3;ITH32;ITH;ITH3;ITH32;
Marostica;E970;5;24;24;57;24057;Nord-est;Veneto;Vicenza;1;24057;24057;24057;ITH;ITH3;ITH32;ITH;ITH3;ITH32;
Montebello Vicentino;F442;5;24;24;60;24060;Nord-est;Veneto;Vicenza;1;24060;24060;24060;ITH;ITH3;ITH32;ITH;ITH3;ITH32;
Montecchio Maggiore;F464;5;24;24;61;24061;Nord-est;Veneto;Vicenza;1;24061;24061;24061;ITH;ITH3;ITH32;ITH;ITH3;ITH32;
Montecchio Precalcino;F465;5;24;24;62;24062;Nord-est;Veneto;Vicenza;1;24062;24062;24062;ITH;ITH3;ITH32;ITH;ITH3;ITH32;
Monte di Malo;F486;5;24;24;63;24063;Nord-est;Veneto;Vicenza;1;24063;24063;24063;ITH;ITH3;ITH32;ITH;ITH3;ITH32;
Montegalda;F514;5;24;24;64;24064;Nord-est;Veneto;Vicenza;1;24064;24064;24064;ITH;ITH3;ITH32;ITH;ITH3;ITH32;
Montegaldella;F515;5;24;24;65;24065;Nord-est;Veneto;Vicenza;1;24065;24065;24065;ITH;ITH3;ITH32;ITH;ITH3;ITH32;
Monteviale;F662;5;24;24;66;24066;Nord-est;Veneto;Vicenza;1;24066;24066;24066;ITH;ITH3;ITH32;ITH;ITH3;ITH32;
Monticello Conte Otto;F675;5;24;24;67;24067;Nord-est;Veneto;Vicenza;1;24067;24067;24067;ITH;ITH3;ITH32;ITH;ITH3;ITH32;
Montorso Vicentino;F696;5;24;24;68;24068;Nord-est;Veneto;Vicenza;1;24068;24068;24068;ITH;ITH3;ITH32;ITH;ITH3;ITH32;
Mussolente;F829;5;24;24;70;24070;Nord-est;Veneto;Vicenza;1;24070;24070;24070;ITH;ITH3;ITH32;ITH;ITH3;ITH32;
Nanto;F838;5;24;24;71;24071;Nord-est;Veneto;Vicenza;1;24071;24071;24071;ITH;ITH3;ITH32;ITH;ITH3;ITH32;
Nogarole Vicentino;F922;5;24;24;72;24072;Nord-est;Veneto;Vicenza;1;24072;24072;24072;ITH;ITH3;ITH32;ITH;ITH3;ITH32;
Nove;F957;5;24;24;73;24073;Nord-est;Veneto;Vicenza;1;24073;24073;24073;ITH;ITH3;ITH32;ITH;ITH3;ITH32;
Noventa Vicentina;F964;5;24;24;74;24074;Nord-est;Veneto;Vicenza;1;24074;24074;24074;ITH;ITH3;ITH32;ITH;ITH3;ITH32;
Orgiano;G095;5;24;24;75;24075;Nord-est;Veneto;Vicenza;1;24075;24075;24075;ITH;ITH3;ITH32;ITH;ITH3;ITH32;
Pedemonte;G406;5;24;24;76;24076;Nord-est;Veneto;Vicenza;1;24076;24076;24076;ITH;ITH3;ITH32;ITH;ITH3;ITH32;
Pianezze;G560;5;24;24;77;24077;Nord-est;Veneto;Vicenza;1;24077;24077;24077;ITH;ITH3;ITH32;ITH;ITH3;ITH32;
Piovene Rocchette;G694;5;24;24;78;24078;Nord-est;Veneto;Vicenza;1;24078;24078;24078;ITH;ITH3;ITH32;ITH;ITH3;ITH32;
Pojana Maggiore;G776;5;24;24;79;24079;Nord-est;Veneto;Vicenza;1;24079;24079;24079;ITH;ITH3;ITH32;ITH;ITH3;ITH32;
Posina;G931;5;24;24;80;24080;Nord-est;Veneto;Vicenza;1;24080;24080;24080;ITH;ITH3;ITH32;ITH;ITH3;ITH32;
Pove del Grappa;G943;5;24;24;81;24081;Nord-est;Veneto;Vicenza;1;24081;24081;24081;ITH;ITH3;ITH32;ITH;ITH3;ITH32;
Pozzoleone;G957;5;24;24;82;24082;Nord-est;Veneto;Vicenza;1;24082;24082;24082;ITH;ITH3;ITH32;ITH;ITH3;ITH32;
Quinto Vicentino;H134;5;24;24;83;24083;Nord-est;Veneto;Vicenza;1;24083;24083;24083;ITH;ITH3;ITH32;ITH;ITH3;ITH32;
Recoaro Terme;H214;5;24;24;84;24084;Nord-est;Veneto;Vicenza;1;24084;24084;24084;ITH;ITH3;ITH32;ITH;ITH3;ITH32;
Roana;H361;5;24;24;85;24085;Nord-est;Veneto;Vicenza;1;24085;24085;24085;ITH;ITH3;ITH32;ITH;ITH3;ITH32;
Romano d'Ezzelino;H512;5;24;24;86;24086;Nord-est;Veneto;Vicenza;1;24086;24086;24086;ITH;ITH3;ITH32;ITH;ITH3;ITH32;
Ros‡;H556;5;24;24;87;24087;Nord-est;Veneto;Vicenza;1;24087;24087;24087;ITH;ITH3;ITH32;ITH;ITH3;ITH32;
Rossano Veneto;H580;5;24;24;88;24088;Nord-est;Veneto;Vicenza;1;24088;24088;24088;ITH;ITH3;ITH32;ITH;ITH3;ITH32;
Rotzo;H594;5;24;24;89;24089;Nord-est;Veneto;Vicenza;1;24089;24089;24089;ITH;ITH3;ITH32;ITH;ITH3;ITH32;
Salcedo;F810;5;24;24;90;24090;Nord-est;Veneto;Vicenza;1;24090;24090;24090;ITH;ITH3;ITH32;ITH;ITH3;ITH32;
Sandrigo;H829;5;24;24;91;24091;Nord-est;Veneto;Vicenza;1;24091;24091;24091;ITH;ITH3;ITH32;ITH;ITH3;ITH32;
San Pietro Mussolino;I117;5;24;24;94;24094;Nord-est;Veneto;Vicenza;1;24094;24094;24094;ITH;ITH3;ITH32;ITH;ITH3;ITH32;
Santorso;I353;5;24;24;95;24095;Nord-est;Veneto;Vicenza;1;24095;24095;24095;ITH;ITH3;ITH32;ITH;ITH3;ITH32;
San Vito di Leguzzano;I401;5;24;24;96;24096;Nord-est;Veneto;Vicenza;1;24096;24096;24096;ITH;ITH3;ITH32;ITH;ITH3;ITH32;
Sarcedo;I425;5;24;24;97;24097;Nord-est;Veneto;Vicenza;1;24097;24097;24097;ITH;ITH3;ITH32;ITH;ITH3;ITH32;
Sarego;I430;5;24;24;98;24098;Nord-est;Veneto;Vicenza;1;24098;24098;24098;ITH;ITH3;ITH32;ITH;ITH3;ITH32;
Schiavon;I527;5;24;24;99;24099;Nord-est;Veneto;Vicenza;1;24099;24099;24099;ITH;ITH3;ITH32;ITH;ITH3;ITH32;
Schio;I531;5;24;24;100;24100;Nord-est;Veneto;Vicenza;1;24100;24100;24100;ITH;ITH3;ITH32;ITH;ITH3;ITH32;
Solagna;I783;5;24;24;101;24101;Nord-est;Veneto;Vicenza;1;24101;24101;24101;ITH;ITH3;ITH32;ITH;ITH3;ITH32;
Sossano;I867;5;24;24;102;24102;Nord-est;Veneto;Vicenza;1;24102;24102;24102;ITH;ITH3;ITH32;ITH;ITH3;ITH32;
Tezze sul Brenta;L156;5;24;24;104;24104;Nord-est;Veneto;Vicenza;1;24104;24104;24104;ITH;ITH3;ITH32;ITH;ITH3;ITH32;
Thiene;L157;5;24;24;105;24105;Nord-est;Veneto;Vicenza;1;24105;24105;24105;ITH;ITH3;ITH32;ITH;ITH3;ITH32;
Tonezza del Cimone;D717;5;24;24;106;24106;Nord-est;Veneto;Vicenza;1;24106;24106;24106;ITH;ITH3;ITH32;ITH;ITH3;ITH32;
Torrebelvicino;L248;5;24;24;107;24107;Nord-est;Veneto;Vicenza;1;24107;24107;24107;ITH;ITH3;ITH32;ITH;ITH3;ITH32;
Torri di Quartesolo;L297;5;24;24;108;24108;Nord-est;Veneto;Vicenza;1;24108;24108;24108;ITH;ITH3;ITH32;ITH;ITH3;ITH32;
Trissino;L433;5;24;24;110;24110;Nord-est;Veneto;Vicenza;1;24110;24110;24110;ITH;ITH3;ITH32;ITH;ITH3;ITH32;
Valdagno;L551;5;24;24;111;24111;Nord-est;Veneto;Vicenza;1;24111;24111;24111;ITH;ITH3;ITH32;ITH;ITH3;ITH32;
Valdastico;L554;5;24;24;112;24112;Nord-est;Veneto;Vicenza;1;24112;24112;24112;ITH;ITH3;ITH32;ITH;ITH3;ITH32;
Valli del Pasubio;L624;5;24;24;113;24113;Nord-est;Veneto;Vicenza;1;24113;24113;24113;ITH;ITH3;ITH32;ITH;ITH3;ITH32;
Velo d'Astico;L723;5;24;24;115;24115;Nord-est;Veneto;Vicenza;1;24115;24115;24115;ITH;ITH3;ITH32;ITH;ITH3;ITH32;
Vicenza;L840;5;24;24;116;24116;Nord-est;Veneto;Vicenza;1;24116;24116;24116;ITH;ITH3;ITH32;ITH;ITH3;ITH32;
Villaga;L952;5;24;24;117;24117;Nord-est;Veneto;Vicenza;1;24117;24117;24117;ITH;ITH3;ITH32;ITH;ITH3;ITH32;
Villaverla;M032;5;24;24;118;24118;Nord-est;Veneto;Vicenza;1;24118;24118;24118;ITH;ITH3;ITH32;ITH;ITH3;ITH32;
ZanË;M145;5;24;24;119;24119;Nord-est;Veneto;Vicenza;1;24119;24119;24119;ITH;ITH3;ITH32;ITH;ITH3;ITH32;
Zermeghedo;M170;5;24;24;120;24120;Nord-est;Veneto;Vicenza;1;24120;24120;24120;ITH;ITH3;ITH32;ITH;ITH3;ITH32;
Zovencedo;M194;5;24;24;121;24121;Nord-est;Veneto;Vicenza;1;24121;24121;24121;ITH;ITH3;ITH32;ITH;ITH3;ITH32;
Zugliano;M199;5;24;24;122;24122;Nord-est;Veneto;Vicenza;1;24122;24122;24122;ITH;ITH3;ITH32;ITH;ITH3;ITH32;
Val Liona;M384;5;24;24;123;24123;Nord-est;Veneto;Vicenza;1;24123;24123;24123;ITH;ITH3;ITH32;ITH;ITH3;ITH32;
Barbarano Mossano;M401;5;24;24;124;24124;Nord-est;Veneto;Vicenza;1;24124;24124;24124;ITH;ITH3;ITH32;ITH;ITH3;ITH32;
Valbrenta;M423;5;24;24;125;24125;Nord-est;Veneto;Vicenza;1;24125;24125;24125;ITH;ITH3;ITH32;ITH;ITH3;ITH32;
Colceresa;M426;5;24;24;126;24126;Nord-est;Veneto;Vicenza;1;24126;24126;24126;ITH;ITH3;ITH32;ITH;ITH3;ITH32;
Lusiana Conco;M427;5;24;24;127;24127;Nord-est;Veneto;Vicenza;1;24127;24127;24127;ITH;ITH3;ITH32;ITH;ITH3;ITH32;
Sovizzo;M436;5;24;24;128;24128;Nord-est;Veneto;Vicenza;1;24128;24128;24128;ITH;ITH3;ITH32;ITH;ITH3;ITH32;
Agordo;A083;5;25;25;1;25001;Nord-est;Veneto;Belluno;1;25001;25001;25001;ITH;ITH3;ITH33;ITH;ITH3;ITH33;
Alleghe;A206;5;25;25;3;25003;Nord-est;Veneto;Belluno;1;25003;25003;25003;ITH;ITH3;ITH33;ITH;ITH3;ITH33;
ArsiË;A443;5;25;25;4;25004;Nord-est;Veneto;Belluno;1;25004;25004;25004;ITH;ITH3;ITH33;ITH;ITH3;ITH33;
Auronzo di Cadore;A501;5;25;25;5;25005;Nord-est;Veneto;Belluno;1;25005;25005;25005;ITH;ITH3;ITH33;ITH;ITH3;ITH33;
Belluno;A757;5;25;25;6;25006;Nord-est;Veneto;Belluno;1;25006;25006;25006;ITH;ITH3;ITH33;ITH;ITH3;ITH33;
Borca di Cadore;A982;5;25;25;7;25007;Nord-est;Veneto;Belluno;1;25007;25007;25007;ITH;ITH3;ITH33;ITH;ITH3;ITH33;
Calalzo di Cadore;B375;5;25;25;8;25008;Nord-est;Veneto;Belluno;1;25008;25008;25008;ITH;ITH3;ITH33;ITH;ITH3;ITH33;
Cencenighe Agordino;C458;5;25;25;10;25010;Nord-est;Veneto;Belluno;1;25010;25010;25010;ITH;ITH3;ITH33;ITH;ITH3;ITH33;
Cesiomaggiore;C577;5;25;25;11;25011;Nord-est;Veneto;Belluno;1;25011;25011;25011;ITH;ITH3;ITH33;ITH;ITH3;ITH33;
Chies d'Alpago;C630;5;25;25;12;25012;Nord-est;Veneto;Belluno;1;25012;25012;25012;ITH;ITH3;ITH33;ITH;ITH3;ITH33;
Cibiana di Cadore;C672;5;25;25;13;25013;Nord-est;Veneto;Belluno;1;25013;25013;25013;ITH;ITH3;ITH33;ITH;ITH3;ITH33;
Colle Santa Lucia;C872;5;25;25;14;25014;Nord-est;Veneto;Belluno;1;25014;25014;25014;ITH;ITH3;ITH33;ITH;ITH3;ITH33;
Comelico Superiore;C920;5;25;25;15;25015;Nord-est;Veneto;Belluno;1;25015;25015;25015;ITH;ITH3;ITH33;ITH;ITH3;ITH33;
Cortina d'Ampezzo;A266;5;25;25;16;25016;Nord-est;Veneto;Belluno;1;25016;25016;25016;ITH;ITH3;ITH33;ITH;ITH3;ITH33;
Danta di Cadore;D247;5;25;25;17;25017;Nord-est;Veneto;Belluno;1;25017;25017;25017;ITH;ITH3;ITH33;ITH;ITH3;ITH33;
Domegge di Cadore;D330;5;25;25;18;25018;Nord-est;Veneto;Belluno;1;25018;25018;25018;ITH;ITH3;ITH33;ITH;ITH3;ITH33;
Falcade;D470;5;25;25;19;25019;Nord-est;Veneto;Belluno;1;25019;25019;25019;ITH;ITH3;ITH33;ITH;ITH3;ITH33;
Feltre;D530;5;25;25;21;25021;Nord-est;Veneto;Belluno;1;25021;25021;25021;ITH;ITH3;ITH33;ITH;ITH3;ITH33;
Fonzaso;D686;5;25;25;22;25022;Nord-est;Veneto;Belluno;1;25022;25022;25022;ITH;ITH3;ITH33;ITH;ITH3;ITH33;
Canale d'Agordo;B574;5;25;25;23;25023;Nord-est;Veneto;Belluno;1;25023;25023;25023;ITH;ITH3;ITH33;ITH;ITH3;ITH33;
Gosaldo;E113;5;25;25;25;25025;Nord-est;Veneto;Belluno;1;25025;25025;25025;ITH;ITH3;ITH33;ITH;ITH3;ITH33;
Lamon;E429;5;25;25;26;25026;Nord-est;Veneto;Belluno;1;25026;25026;25026;ITH;ITH3;ITH33;ITH;ITH3;ITH33;
La Valle Agordina;E490;5;25;25;27;25027;Nord-est;Veneto;Belluno;1;25027;25027;25027;ITH;ITH3;ITH33;ITH;ITH3;ITH33;
Limana;E588;5;25;25;29;25029;Nord-est;Veneto;Belluno;1;25029;25029;25029;ITH;ITH3;ITH33;ITH;ITH3;ITH33;
Livinallongo del Col di Lana;E622;5;25;25;30;25030;Nord-est;Veneto;Belluno;1;25030;25030;25030;ITH;ITH3;ITH33;ITH;ITH3;ITH33;
Lorenzago di Cadore;E687;5;25;25;32;25032;Nord-est;Veneto;Belluno;1;25032;25032;25032;ITH;ITH3;ITH33;ITH;ITH3;ITH33;
Lozzo di Cadore;E708;5;25;25;33;25033;Nord-est;Veneto;Belluno;1;25033;25033;25033;ITH;ITH3;ITH33;ITH;ITH3;ITH33;
Ospitale di Cadore;G169;5;25;25;35;25035;Nord-est;Veneto;Belluno;1;25035;25035;25035;ITH;ITH3;ITH33;ITH;ITH3;ITH33;
Pedavena;G404;5;25;25;36;25036;Nord-est;Veneto;Belluno;1;25036;25036;25036;ITH;ITH3;ITH33;ITH;ITH3;ITH33;
Perarolo di Cadore;G442;5;25;25;37;25037;Nord-est;Veneto;Belluno;1;25037;25037;25037;ITH;ITH3;ITH33;ITH;ITH3;ITH33;
Pieve di Cadore;G642;5;25;25;39;25039;Nord-est;Veneto;Belluno;1;25039;25039;25039;ITH;ITH3;ITH33;ITH;ITH3;ITH33;
Ponte nelle Alpi;B662;5;25;25;40;25040;Nord-est;Veneto;Belluno;1;25040;25040;25040;ITH;ITH3;ITH33;ITH;ITH3;ITH33;
Rivamonte Agordino;H327;5;25;25;43;25043;Nord-est;Veneto;Belluno;1;25043;25043;25043;ITH;ITH3;ITH33;ITH;ITH3;ITH33;
Rocca Pietore;H379;5;25;25;44;25044;Nord-est;Veneto;Belluno;1;25044;25044;25044;ITH;ITH3;ITH33;ITH;ITH3;ITH33;
San Gregorio nelle Alpi;H938;5;25;25;45;25045;Nord-est;Veneto;Belluno;1;25045;25045;25045;ITH;ITH3;ITH33;ITH;ITH3;ITH33;
San NicolÚ di Comelico;I063;5;25;25;46;25046;Nord-est;Veneto;Belluno;1;25046;25046;25046;ITH;ITH3;ITH33;ITH;ITH3;ITH33;
San Pietro di Cadore;I088;5;25;25;47;25047;Nord-est;Veneto;Belluno;1;25047;25047;25047;ITH;ITH3;ITH33;ITH;ITH3;ITH33;
Santa Giustina;I206;5;25;25;48;25048;Nord-est;Veneto;Belluno;1;25048;25048;25048;ITH;ITH3;ITH33;ITH;ITH3;ITH33;
San Tomaso Agordino;I347;5;25;25;49;25049;Nord-est;Veneto;Belluno;1;25049;25049;25049;ITH;ITH3;ITH33;ITH;ITH3;ITH33;
Santo Stefano di Cadore;C919;5;25;25;50;25050;Nord-est;Veneto;Belluno;1;25050;25050;25050;ITH;ITH3;ITH33;ITH;ITH3;ITH33;
San Vito di Cadore;I392;5;25;25;51;25051;Nord-est;Veneto;Belluno;1;25051;25051;25051;ITH;ITH3;ITH33;ITH;ITH3;ITH33;
Sedico;I563;5;25;25;53;25053;Nord-est;Veneto;Belluno;1;25053;25053;25053;ITH;ITH3;ITH33;ITH;ITH3;ITH33;
Selva di Cadore;I592;5;25;25;54;25054;Nord-est;Veneto;Belluno;1;25054;25054;25054;ITH;ITH3;ITH33;ITH;ITH3;ITH33;
Seren del Grappa;I626;5;25;25;55;25055;Nord-est;Veneto;Belluno;1;25055;25055;25055;ITH;ITH3;ITH33;ITH;ITH3;ITH33;
Sospirolo;I866;5;25;25;56;25056;Nord-est;Veneto;Belluno;1;25056;25056;25056;ITH;ITH3;ITH33;ITH;ITH3;ITH33;
Soverzene;I876;5;25;25;57;25057;Nord-est;Veneto;Belluno;1;25057;25057;25057;ITH;ITH3;ITH33;ITH;ITH3;ITH33;
Sovramonte;I673;5;25;25;58;25058;Nord-est;Veneto;Belluno;1;25058;25058;25058;ITH;ITH3;ITH33;ITH;ITH3;ITH33;
Taibon Agordino;L030;5;25;25;59;25059;Nord-est;Veneto;Belluno;1;25059;25059;25059;ITH;ITH3;ITH33;ITH;ITH3;ITH33;
Tambre;L040;5;25;25;60;25060;Nord-est;Veneto;Belluno;1;25060;25060;25060;ITH;ITH3;ITH33;ITH;ITH3;ITH33;
Vallada Agordina;L584;5;25;25;62;25062;Nord-est;Veneto;Belluno;1;25062;25062;25062;ITH;ITH3;ITH33;ITH;ITH3;ITH33;
Valle di Cadore;L590;5;25;25;63;25063;Nord-est;Veneto;Belluno;1;25063;25063;25063;ITH;ITH3;ITH33;ITH;ITH3;ITH33;
Vigo di Cadore;L890;5;25;25;65;25065;Nord-est;Veneto;Belluno;1;25065;25065;25065;ITH;ITH3;ITH33;ITH;ITH3;ITH33;
Vodo Cadore;M108;5;25;25;66;25066;Nord-est;Veneto;Belluno;1;25066;25066;25066;ITH;ITH3;ITH33;ITH;ITH3;ITH33;
Voltago Agordino;M124;5;25;25;67;25067;Nord-est;Veneto;Belluno;1;25067;25067;25067;ITH;ITH3;ITH33;ITH;ITH3;ITH33;
ZoppË di Cadore;M189;5;25;25;69;25069;Nord-est;Veneto;Belluno;1;25069;25069;25069;ITH;ITH3;ITH33;ITH;ITH3;ITH33;
Longarone;M342;5;25;25;71;25071;Nord-est;Veneto;Belluno;1;25071;25071;25071;ITH;ITH3;ITH33;ITH;ITH3;ITH33;
Alpago;M375;5;25;25;72;25072;Nord-est;Veneto;Belluno;1;25072;25072;25072;ITH;ITH3;ITH33;ITH;ITH3;ITH33;
Val di Zoldo;M374;5;25;25;73;25073;Nord-est;Veneto;Belluno;1;25073;25073;25073;ITH;ITH3;ITH33;ITH;ITH3;ITH33;
Borgo Valbelluna;M421;5;25;25;74;25074;Nord-est;Veneto;Belluno;1;25074;25074;25074;ITH;ITH3;ITH33;ITH;ITH3;ITH33;
Setteville;M437;5;25;25;75;25075;Nord-est;Veneto;Belluno;1;25075;25075;25075;ITH;ITH3;ITH33;ITH;ITH3;ITH33;
Altivole;A237;5;26;26;1;26001;Nord-est;Veneto;Treviso;1;26001;26001;26001;ITH;ITH3;ITH34;ITH;ITH3;ITH34;
Arcade;A360;5;26;26;2;26002;Nord-est;Veneto;Treviso;1;26002;26002;26002;ITH;ITH3;ITH34;ITH;ITH3;ITH34;
Asolo;A471;5;26;26;3;26003;Nord-est;Veneto;Treviso;1;26003;26003;26003;ITH;ITH3;ITH34;ITH;ITH3;ITH34;
Borso del Grappa;B061;5;26;26;4;26004;Nord-est;Veneto;Treviso;1;26004;26004;26004;ITH;ITH3;ITH34;ITH;ITH3;ITH34;
Breda di Piave;B128;5;26;26;5;26005;Nord-est;Veneto;Treviso;1;26005;26005;26005;ITH;ITH3;ITH34;ITH;ITH3;ITH34;
Caerano di San Marco;B349;5;26;26;6;26006;Nord-est;Veneto;Treviso;1;26006;26006;26006;ITH;ITH3;ITH34;ITH;ITH3;ITH34;
Cappella Maggiore;B678;5;26;26;7;26007;Nord-est;Veneto;Treviso;1;26007;26007;26007;ITH;ITH3;ITH34;ITH;ITH3;ITH34;
Carbonera;B744;5;26;26;8;26008;Nord-est;Veneto;Treviso;1;26008;26008;26008;ITH;ITH3;ITH34;ITH;ITH3;ITH34;
Casale sul Sile;B879;5;26;26;9;26009;Nord-est;Veneto;Treviso;1;26009;26009;26009;ITH;ITH3;ITH34;ITH;ITH3;ITH34;
Casier;B965;5;26;26;10;26010;Nord-est;Veneto;Treviso;1;26010;26010;26010;ITH;ITH3;ITH34;ITH;ITH3;ITH34;
Castelcucco;C073;5;26;26;11;26011;Nord-est;Veneto;Treviso;1;26011;26011;26011;ITH;ITH3;ITH34;ITH;ITH3;ITH34;
Castelfranco Veneto;C111;5;26;26;12;26012;Nord-est;Veneto;Treviso;1;26012;26012;26012;ITH;ITH3;ITH34;ITH;ITH3;ITH34;
Castello di Godego;C190;5;26;26;13;26013;Nord-est;Veneto;Treviso;1;26013;26013;26013;ITH;ITH3;ITH34;ITH;ITH3;ITH34;
Cavaso del Tomba;C384;5;26;26;14;26014;Nord-est;Veneto;Treviso;1;26014;26014;26014;ITH;ITH3;ITH34;ITH;ITH3;ITH34;
Cessalto;C580;5;26;26;15;26015;Nord-est;Veneto;Treviso;1;26015;26015;26015;ITH;ITH3;ITH34;ITH;ITH3;ITH34;
Chiarano;C614;5;26;26;16;26016;Nord-est;Veneto;Treviso;1;26016;26016;26016;ITH;ITH3;ITH34;ITH;ITH3;ITH34;
Cimadolmo;C689;5;26;26;17;26017;Nord-est;Veneto;Treviso;1;26017;26017;26017;ITH;ITH3;ITH34;ITH;ITH3;ITH34;
Cison di Valmarino;C735;5;26;26;18;26018;Nord-est;Veneto;Treviso;1;26018;26018;26018;ITH;ITH3;ITH34;ITH;ITH3;ITH34;
CodognË;C815;5;26;26;19;26019;Nord-est;Veneto;Treviso;1;26019;26019;26019;ITH;ITH3;ITH34;ITH;ITH3;ITH34;
Colle Umberto;C848;5;26;26;20;26020;Nord-est;Veneto;Treviso;1;26020;26020;26020;ITH;ITH3;ITH34;ITH;ITH3;ITH34;
Conegliano;C957;5;26;26;21;26021;Nord-est;Veneto;Treviso;1;26021;26021;26021;ITH;ITH3;ITH34;ITH;ITH3;ITH34;
Cordignano;C992;5;26;26;22;26022;Nord-est;Veneto;Treviso;1;26022;26022;26022;ITH;ITH3;ITH34;ITH;ITH3;ITH34;
Cornuda;D030;5;26;26;23;26023;Nord-est;Veneto;Treviso;1;26023;26023;26023;ITH;ITH3;ITH34;ITH;ITH3;ITH34;
Crocetta del Montello;C670;5;26;26;25;26025;Nord-est;Veneto;Treviso;1;26025;26025;26025;ITH;ITH3;ITH34;ITH;ITH3;ITH34;
Farra di Soligo;D505;5;26;26;26;26026;Nord-est;Veneto;Treviso;1;26026;26026;26026;ITH;ITH3;ITH34;ITH;ITH3;ITH34;
Follina;D654;5;26;26;27;26027;Nord-est;Veneto;Treviso;1;26027;26027;26027;ITH;ITH3;ITH34;ITH;ITH3;ITH34;
Fontanelle;D674;5;26;26;28;26028;Nord-est;Veneto;Treviso;1;26028;26028;26028;ITH;ITH3;ITH34;ITH;ITH3;ITH34;
Fonte;D680;5;26;26;29;26029;Nord-est;Veneto;Treviso;1;26029;26029;26029;ITH;ITH3;ITH34;ITH;ITH3;ITH34;
Fregona;D794;5;26;26;30;26030;Nord-est;Veneto;Treviso;1;26030;26030;26030;ITH;ITH3;ITH34;ITH;ITH3;ITH34;
Gaiarine;D854;5;26;26;31;26031;Nord-est;Veneto;Treviso;1;26031;26031;26031;ITH;ITH3;ITH34;ITH;ITH3;ITH34;
Giavera del Montello;E021;5;26;26;32;26032;Nord-est;Veneto;Treviso;1;26032;26032;26032;ITH;ITH3;ITH34;ITH;ITH3;ITH34;
Godega di Sant'Urbano;E071;5;26;26;33;26033;Nord-est;Veneto;Treviso;1;26033;26033;26033;ITH;ITH3;ITH34;ITH;ITH3;ITH34;
Gorgo al Monticano;E092;5;26;26;34;26034;Nord-est;Veneto;Treviso;1;26034;26034;26034;ITH;ITH3;ITH34;ITH;ITH3;ITH34;
Istrana;E373;5;26;26;35;26035;Nord-est;Veneto;Treviso;1;26035;26035;26035;ITH;ITH3;ITH34;ITH;ITH3;ITH34;
Loria;E692;5;26;26;36;26036;Nord-est;Veneto;Treviso;1;26036;26036;26036;ITH;ITH3;ITH34;ITH;ITH3;ITH34;
MansuË;E893;5;26;26;37;26037;Nord-est;Veneto;Treviso;1;26037;26037;26037;ITH;ITH3;ITH34;ITH;ITH3;ITH34;
Mareno di Piave;E940;5;26;26;38;26038;Nord-est;Veneto;Treviso;1;26038;26038;26038;ITH;ITH3;ITH34;ITH;ITH3;ITH34;
Maser;F009;5;26;26;39;26039;Nord-est;Veneto;Treviso;1;26039;26039;26039;ITH;ITH3;ITH34;ITH;ITH3;ITH34;
Maserada sul Piave;F012;5;26;26;40;26040;Nord-est;Veneto;Treviso;1;26040;26040;26040;ITH;ITH3;ITH34;ITH;ITH3;ITH34;
Meduna di Livenza;F088;5;26;26;41;26041;Nord-est;Veneto;Treviso;1;26041;26041;26041;ITH;ITH3;ITH34;ITH;ITH3;ITH34;
Miane;F190;5;26;26;42;26042;Nord-est;Veneto;Treviso;1;26042;26042;26042;ITH;ITH3;ITH34;ITH;ITH3;ITH34;
Mogliano Veneto;F269;5;26;26;43;26043;Nord-est;Veneto;Treviso;1;26043;26043;26043;ITH;ITH3;ITH34;ITH;ITH3;ITH34;
Monastier di Treviso;F332;5;26;26;44;26044;Nord-est;Veneto;Treviso;1;26044;26044;26044;ITH;ITH3;ITH34;ITH;ITH3;ITH34;
Monfumo;F360;5;26;26;45;26045;Nord-est;Veneto;Treviso;1;26045;26045;26045;ITH;ITH3;ITH34;ITH;ITH3;ITH34;
Montebelluna;F443;5;26;26;46;26046;Nord-est;Veneto;Treviso;1;26046;26046;26046;ITH;ITH3;ITH34;ITH;ITH3;ITH34;
Morgano;F725;5;26;26;47;26047;Nord-est;Veneto;Treviso;1;26047;26047;26047;ITH;ITH3;ITH34;ITH;ITH3;ITH34;
Moriago della Battaglia;F729;5;26;26;48;26048;Nord-est;Veneto;Treviso;1;26048;26048;26048;ITH;ITH3;ITH34;ITH;ITH3;ITH34;
Motta di Livenza;F770;5;26;26;49;26049;Nord-est;Veneto;Treviso;1;26049;26049;26049;ITH;ITH3;ITH34;ITH;ITH3;ITH34;
Nervesa della Battaglia;F872;5;26;26;50;26050;Nord-est;Veneto;Treviso;1;26050;26050;26050;ITH;ITH3;ITH34;ITH;ITH3;ITH34;
Oderzo;F999;5;26;26;51;26051;Nord-est;Veneto;Treviso;1;26051;26051;26051;ITH;ITH3;ITH34;ITH;ITH3;ITH34;
Ormelle;G115;5;26;26;52;26052;Nord-est;Veneto;Treviso;1;26052;26052;26052;ITH;ITH3;ITH34;ITH;ITH3;ITH34;
Orsago;G123;5;26;26;53;26053;Nord-est;Veneto;Treviso;1;26053;26053;26053;ITH;ITH3;ITH34;ITH;ITH3;ITH34;
Paese;G229;5;26;26;55;26055;Nord-est;Veneto;Treviso;1;26055;26055;26055;ITH;ITH3;ITH34;ITH;ITH3;ITH34;
Pederobba;G408;5;26;26;56;26056;Nord-est;Veneto;Treviso;1;26056;26056;26056;ITH;ITH3;ITH34;ITH;ITH3;ITH34;
Pieve di Soligo;G645;5;26;26;57;26057;Nord-est;Veneto;Treviso;1;26057;26057;26057;ITH;ITH3;ITH34;ITH;ITH3;ITH34;
Ponte di Piave;G846;5;26;26;58;26058;Nord-est;Veneto;Treviso;1;26058;26058;26058;ITH;ITH3;ITH34;ITH;ITH3;ITH34;
Ponzano Veneto;G875;5;26;26;59;26059;Nord-est;Veneto;Treviso;1;26059;26059;26059;ITH;ITH3;ITH34;ITH;ITH3;ITH34;
PortobuffolË;G909;5;26;26;60;26060;Nord-est;Veneto;Treviso;1;26060;26060;26060;ITH;ITH3;ITH34;ITH;ITH3;ITH34;
Possagno;G933;5;26;26;61;26061;Nord-est;Veneto;Treviso;1;26061;26061;26061;ITH;ITH3;ITH34;ITH;ITH3;ITH34;
Povegliano;G944;5;26;26;62;26062;Nord-est;Veneto;Treviso;1;26062;26062;26062;ITH;ITH3;ITH34;ITH;ITH3;ITH34;
Preganziol;H022;5;26;26;63;26063;Nord-est;Veneto;Treviso;1;26063;26063;26063;ITH;ITH3;ITH34;ITH;ITH3;ITH34;
Quinto di Treviso;H131;5;26;26;64;26064;Nord-est;Veneto;Treviso;1;26064;26064;26064;ITH;ITH3;ITH34;ITH;ITH3;ITH34;
Refrontolo;H220;5;26;26;65;26065;Nord-est;Veneto;Treviso;1;26065;26065;26065;ITH;ITH3;ITH34;ITH;ITH3;ITH34;
Resana;H238;5;26;26;66;26066;Nord-est;Veneto;Treviso;1;26066;26066;26066;ITH;ITH3;ITH34;ITH;ITH3;ITH34;
Revine Lago;H253;5;26;26;67;26067;Nord-est;Veneto;Treviso;1;26067;26067;26067;ITH;ITH3;ITH34;ITH;ITH3;ITH34;
Riese Pio X;H280;5;26;26;68;26068;Nord-est;Veneto;Treviso;1;26068;26068;26068;ITH;ITH3;ITH34;ITH;ITH3;ITH34;
Roncade;H523;5;26;26;69;26069;Nord-est;Veneto;Treviso;1;26069;26069;26069;ITH;ITH3;ITH34;ITH;ITH3;ITH34;
Salgareda;H706;5;26;26;70;26070;Nord-est;Veneto;Treviso;1;26070;26070;26070;ITH;ITH3;ITH34;ITH;ITH3;ITH34;
San Biagio di Callalta;H781;5;26;26;71;26071;Nord-est;Veneto;Treviso;1;26071;26071;26071;ITH;ITH3;ITH34;ITH;ITH3;ITH34;
San Fior;H843;5;26;26;72;26072;Nord-est;Veneto;Treviso;1;26072;26072;26072;ITH;ITH3;ITH34;ITH;ITH3;ITH34;
San Pietro di Feletto;I103;5;26;26;73;26073;Nord-est;Veneto;Treviso;1;26073;26073;26073;ITH;ITH3;ITH34;ITH;ITH3;ITH34;
San Polo di Piave;I124;5;26;26;74;26074;Nord-est;Veneto;Treviso;1;26074;26074;26074;ITH;ITH3;ITH34;ITH;ITH3;ITH34;
Santa Lucia di Piave;I221;5;26;26;75;26075;Nord-est;Veneto;Treviso;1;26075;26075;26075;ITH;ITH3;ITH34;ITH;ITH3;ITH34;
San Vendemiano;I382;5;26;26;76;26076;Nord-est;Veneto;Treviso;1;26076;26076;26076;ITH;ITH3;ITH34;ITH;ITH3;ITH34;
San Zenone degli Ezzelini;I417;5;26;26;77;26077;Nord-est;Veneto;Treviso;1;26077;26077;26077;ITH;ITH3;ITH34;ITH;ITH3;ITH34;
Sarmede;I435;5;26;26;78;26078;Nord-est;Veneto;Treviso;1;26078;26078;26078;ITH;ITH3;ITH34;ITH;ITH3;ITH34;
Segusino;I578;5;26;26;79;26079;Nord-est;Veneto;Treviso;1;26079;26079;26079;ITH;ITH3;ITH34;ITH;ITH3;ITH34;
Sernaglia della Battaglia;I635;5;26;26;80;26080;Nord-est;Veneto;Treviso;1;26080;26080;26080;ITH;ITH3;ITH34;ITH;ITH3;ITH34;
Silea;F116;5;26;26;81;26081;Nord-est;Veneto;Treviso;1;26081;26081;26081;ITH;ITH3;ITH34;ITH;ITH3;ITH34;
Spresiano;I927;5;26;26;82;26082;Nord-est;Veneto;Treviso;1;26082;26082;26082;ITH;ITH3;ITH34;ITH;ITH3;ITH34;
Susegana;L014;5;26;26;83;26083;Nord-est;Veneto;Treviso;1;26083;26083;26083;ITH;ITH3;ITH34;ITH;ITH3;ITH34;
Tarzo;L058;5;26;26;84;26084;Nord-est;Veneto;Treviso;1;26084;26084;26084;ITH;ITH3;ITH34;ITH;ITH3;ITH34;
Trevignano;L402;5;26;26;85;26085;Nord-est;Veneto;Treviso;1;26085;26085;26085;ITH;ITH3;ITH34;ITH;ITH3;ITH34;
Treviso;L407;5;26;26;86;26086;Nord-est;Veneto;Treviso;1;26086;26086;26086;ITH;ITH3;ITH34;ITH;ITH3;ITH34;
Valdobbiadene;L565;5;26;26;87;26087;Nord-est;Veneto;Treviso;1;26087;26087;26087;ITH;ITH3;ITH34;ITH;ITH3;ITH34;
Vazzola;L700;5;26;26;88;26088;Nord-est;Veneto;Treviso;1;26088;26088;26088;ITH;ITH3;ITH34;ITH;ITH3;ITH34;
Vedelago;L706;5;26;26;89;26089;Nord-est;Veneto;Treviso;1;26089;26089;26089;ITH;ITH3;ITH34;ITH;ITH3;ITH34;
Vidor;L856;5;26;26;90;26090;Nord-est;Veneto;Treviso;1;26090;26090;26090;ITH;ITH3;ITH34;ITH;ITH3;ITH34;
Villorba;M048;5;26;26;91;26091;Nord-est;Veneto;Treviso;1;26091;26091;26091;ITH;ITH3;ITH34;ITH;ITH3;ITH34;
Vittorio Veneto;M089;5;26;26;92;26092;Nord-est;Veneto;Treviso;1;26092;26092;26092;ITH;ITH3;ITH34;ITH;ITH3;ITH34;
Volpago del Montello;M118;5;26;26;93;26093;Nord-est;Veneto;Treviso;1;26093;26093;26093;ITH;ITH3;ITH34;ITH;ITH3;ITH34;
Zenson di Piave;M163;5;26;26;94;26094;Nord-est;Veneto;Treviso;1;26094;26094;26094;ITH;ITH3;ITH34;ITH;ITH3;ITH34;
Zero Branco;M171;5;26;26;95;26095;Nord-est;Veneto;Treviso;1;26095;26095;26095;ITH;ITH3;ITH34;ITH;ITH3;ITH34;
Pieve del Grappa;M422;5;26;26;96;26096;Nord-est;Veneto;Treviso;1;26096;26096;26096;ITH;ITH3;ITH34;ITH;ITH3;ITH34;
Annone Veneto;A302;5;227;27;1;27001;Nord-est;Veneto;Venezia;3;27001;27001;27001;ITH;ITH3;ITH35;ITH;ITH3;ITH35;
Campagna Lupia;B493;5;227;27;2;27002;Nord-est;Veneto;Venezia;3;27002;27002;27002;ITH;ITH3;ITH35;ITH;ITH3;ITH35;
Campolongo Maggiore;B546;5;227;27;3;27003;Nord-est;Veneto;Venezia;3;27003;27003;27003;ITH;ITH3;ITH35;ITH;ITH3;ITH35;
Camponogara;B554;5;227;27;4;27004;Nord-est;Veneto;Venezia;3;27004;27004;27004;ITH;ITH3;ITH35;ITH;ITH3;ITH35;
Caorle;B642;5;227;27;5;27005;Nord-est;Veneto;Venezia;3;27005;27005;27005;ITH;ITH3;ITH35;ITH;ITH3;ITH35;
Cavarzere;C383;5;227;27;6;27006;Nord-est;Veneto;Venezia;3;27006;27006;27006;ITH;ITH3;ITH35;ITH;ITH3;ITH35;
Ceggia;C422;5;227;27;7;27007;Nord-est;Veneto;Venezia;3;27007;27007;27007;ITH;ITH3;ITH35;ITH;ITH3;ITH35;
Chioggia;C638;5;227;27;8;27008;Nord-est;Veneto;Venezia;3;27008;27008;27008;ITH;ITH3;ITH35;ITH;ITH3;ITH35;
Cinto Caomaggiore;C714;5;227;27;9;27009;Nord-est;Veneto;Venezia;3;27009;27009;27009;ITH;ITH3;ITH35;ITH;ITH3;ITH35;
Cona;C938;5;227;27;10;27010;Nord-est;Veneto;Venezia;3;27010;27010;27010;ITH;ITH3;ITH35;ITH;ITH3;ITH35;
Concordia Sagittaria;C950;5;227;27;11;27011;Nord-est;Veneto;Venezia;3;27011;27011;27011;ITH;ITH3;ITH35;ITH;ITH3;ITH35;
Dolo;D325;5;227;27;12;27012;Nord-est;Veneto;Venezia;3;27012;27012;27012;ITH;ITH3;ITH35;ITH;ITH3;ITH35;
Eraclea;D415;5;227;27;13;27013;Nord-est;Veneto;Venezia;3;27013;27013;27013;ITH;ITH3;ITH35;ITH;ITH3;ITH35;
Fiesso d'Artico;D578;5;227;27;14;27014;Nord-est;Veneto;Venezia;3;27014;27014;27014;ITH;ITH3;ITH35;ITH;ITH3;ITH35;
Fossalta di Piave;D740;5;227;27;15;27015;Nord-est;Veneto;Venezia;3;27015;27015;27015;ITH;ITH3;ITH35;ITH;ITH3;ITH35;
Fossalta di Portogruaro;D741;5;227;27;16;27016;Nord-est;Veneto;Venezia;3;27016;27016;27016;ITH;ITH3;ITH35;ITH;ITH3;ITH35;
FossÚ;D748;5;227;27;17;27017;Nord-est;Veneto;Venezia;3;27017;27017;27017;ITH;ITH3;ITH35;ITH;ITH3;ITH35;
Gruaro;E215;5;227;27;18;27018;Nord-est;Veneto;Venezia;3;27018;27018;27018;ITH;ITH3;ITH35;ITH;ITH3;ITH35;
Jesolo;C388;5;227;27;19;27019;Nord-est;Veneto;Venezia;3;27019;27019;27019;ITH;ITH3;ITH35;ITH;ITH3;ITH35;
Marcon;E936;5;227;27;20;27020;Nord-est;Veneto;Venezia;3;27020;27020;27020;ITH;ITH3;ITH35;ITH;ITH3;ITH35;
Martellago;E980;5;227;27;21;27021;Nord-est;Veneto;Venezia;3;27021;27021;27021;ITH;ITH3;ITH35;ITH;ITH3;ITH35;
Meolo;F130;5;227;27;22;27022;Nord-est;Veneto;Venezia;3;27022;27022;27022;ITH;ITH3;ITH35;ITH;ITH3;ITH35;
Mira;F229;5;227;27;23;27023;Nord-est;Veneto;Venezia;3;27023;27023;27023;ITH;ITH3;ITH35;ITH;ITH3;ITH35;
Mirano;F241;5;227;27;24;27024;Nord-est;Veneto;Venezia;3;27024;27024;27024;ITH;ITH3;ITH35;ITH;ITH3;ITH35;
Musile di Piave;F826;5;227;27;25;27025;Nord-est;Veneto;Venezia;3;27025;27025;27025;ITH;ITH3;ITH35;ITH;ITH3;ITH35;
Noale;F904;5;227;27;26;27026;Nord-est;Veneto;Venezia;3;27026;27026;27026;ITH;ITH3;ITH35;ITH;ITH3;ITH35;
Noventa di Piave;F963;5;227;27;27;27027;Nord-est;Veneto;Venezia;3;27027;27027;27027;ITH;ITH3;ITH35;ITH;ITH3;ITH35;
Pianiga;G565;5;227;27;28;27028;Nord-est;Veneto;Venezia;3;27028;27028;27028;ITH;ITH3;ITH35;ITH;ITH3;ITH35;
Portogruaro;G914;5;227;27;29;27029;Nord-est;Veneto;Venezia;3;27029;27029;27029;ITH;ITH3;ITH35;ITH;ITH3;ITH35;
Pramaggiore;G981;5;227;27;30;27030;Nord-est;Veneto;Venezia;3;27030;27030;27030;ITH;ITH3;ITH35;ITH;ITH3;ITH35;
Quarto d'Altino;H117;5;227;27;31;27031;Nord-est;Veneto;Venezia;3;27031;27031;27031;ITH;ITH3;ITH35;ITH;ITH3;ITH35;
Salzano;H735;5;227;27;32;27032;Nord-est;Veneto;Venezia;3;27032;27032;27032;ITH;ITH3;ITH35;ITH;ITH3;ITH35;
San Don‡ di Piave;H823;5;227;27;33;27033;Nord-est;Veneto;Venezia;3;27033;27033;27033;ITH;ITH3;ITH35;ITH;ITH3;ITH35;
San Michele al Tagliamento;I040;5;227;27;34;27034;Nord-est;Veneto;Venezia;3;27034;27034;27034;ITH;ITH3;ITH35;ITH;ITH3;ITH35;
Santa Maria di Sala;I242;5;227;27;35;27035;Nord-est;Veneto;Venezia;3;27035;27035;27035;ITH;ITH3;ITH35;ITH;ITH3;ITH35;
San Stino di Livenza;I373;5;227;27;36;27036;Nord-est;Veneto;Venezia;3;27036;27036;27036;ITH;ITH3;ITH35;ITH;ITH3;ITH35;
ScorzË;I551;5;227;27;37;27037;Nord-est;Veneto;Venezia;3;27037;27037;27037;ITH;ITH3;ITH35;ITH;ITH3;ITH35;
Spinea;I908;5;227;27;38;27038;Nord-est;Veneto;Venezia;3;27038;27038;27038;ITH;ITH3;ITH35;ITH;ITH3;ITH35;
Stra;I965;5;227;27;39;27039;Nord-est;Veneto;Venezia;3;27039;27039;27039;ITH;ITH3;ITH35;ITH;ITH3;ITH35;
Teglio Veneto;L085;5;227;27;40;27040;Nord-est;Veneto;Venezia;3;27040;27040;27040;ITH;ITH3;ITH35;ITH;ITH3;ITH35;
Torre di Mosto;L267;5;227;27;41;27041;Nord-est;Veneto;Venezia;3;27041;27041;27041;ITH;ITH3;ITH35;ITH;ITH3;ITH35;
Venezia;L736;5;227;27;42;27042;Nord-est;Veneto;Venezia;3;27042;27042;27042;ITH;ITH3;ITH35;ITH;ITH3;ITH35;
Vigonovo;L899;5;227;27;43;27043;Nord-est;Veneto;Venezia;3;27043;27043;27043;ITH;ITH3;ITH35;ITH;ITH3;ITH35;
Cavallino-Treporti;M308;5;227;27;44;27044;Nord-est;Veneto;Venezia;3;27044;27044;27044;ITH;ITH3;ITH35;ITH;ITH3;ITH35;
Abano Terme;A001;5;28;28;1;28001;Nord-est;Veneto;Padova;1;28001;28001;28001;ITH;ITH3;ITH36;ITH;ITH3;ITH36;
Agna;A075;5;28;28;2;28002;Nord-est;Veneto;Padova;1;28002;28002;28002;ITH;ITH3;ITH36;ITH;ITH3;ITH36;
Albignasego;A161;5;28;28;3;28003;Nord-est;Veneto;Padova;1;28003;28003;28003;ITH;ITH3;ITH36;ITH;ITH3;ITH36;
Anguillara Veneta;A296;5;28;28;4;28004;Nord-est;Veneto;Padova;1;28004;28004;28004;ITH;ITH3;ITH36;ITH;ITH3;ITH36;
Arqu‡ Petrarca;A434;5;28;28;5;28005;Nord-est;Veneto;Padova;1;28005;28005;28005;ITH;ITH3;ITH36;ITH;ITH3;ITH36;
Arre;A438;5;28;28;6;28006;Nord-est;Veneto;Padova;1;28006;28006;28006;ITH;ITH3;ITH36;ITH;ITH3;ITH36;
Arzergrande;A458;5;28;28;7;28007;Nord-est;Veneto;Padova;1;28007;28007;28007;ITH;ITH3;ITH36;ITH;ITH3;ITH36;
Bagnoli di Sopra;A568;5;28;28;8;28008;Nord-est;Veneto;Padova;1;28008;28008;28008;ITH;ITH3;ITH36;ITH;ITH3;ITH36;
Baone;A613;5;28;28;9;28009;Nord-est;Veneto;Padova;1;28009;28009;28009;ITH;ITH3;ITH36;ITH;ITH3;ITH36;
Barbona;A637;5;28;28;10;28010;Nord-est;Veneto;Padova;1;28010;28010;28010;ITH;ITH3;ITH36;ITH;ITH3;ITH36;
Battaglia Terme;A714;5;28;28;11;28011;Nord-est;Veneto;Padova;1;28011;28011;28011;ITH;ITH3;ITH36;ITH;ITH3;ITH36;
Boara Pisani;A906;5;28;28;12;28012;Nord-est;Veneto;Padova;1;28012;28012;28012;ITH;ITH3;ITH36;ITH;ITH3;ITH36;
Borgoricco;B031;5;28;28;13;28013;Nord-est;Veneto;Padova;1;28013;28013;28013;ITH;ITH3;ITH36;ITH;ITH3;ITH36;
Bovolenta;B106;5;28;28;14;28014;Nord-est;Veneto;Padova;1;28014;28014;28014;ITH;ITH3;ITH36;ITH;ITH3;ITH36;
Brugine;B213;5;28;28;15;28015;Nord-est;Veneto;Padova;1;28015;28015;28015;ITH;ITH3;ITH36;ITH;ITH3;ITH36;
Cadoneghe;B345;5;28;28;16;28016;Nord-est;Veneto;Padova;1;28016;28016;28016;ITH;ITH3;ITH36;ITH;ITH3;ITH36;
Campodarsego;B524;5;28;28;17;28017;Nord-est;Veneto;Padova;1;28017;28017;28017;ITH;ITH3;ITH36;ITH;ITH3;ITH36;
Campodoro;B531;5;28;28;18;28018;Nord-est;Veneto;Padova;1;28018;28018;28018;ITH;ITH3;ITH36;ITH;ITH3;ITH36;
Camposampiero;B563;5;28;28;19;28019;Nord-est;Veneto;Padova;1;28019;28019;28019;ITH;ITH3;ITH36;ITH;ITH3;ITH36;
Campo San Martino;B564;5;28;28;20;28020;Nord-est;Veneto;Padova;1;28020;28020;28020;ITH;ITH3;ITH36;ITH;ITH3;ITH36;
Candiana;B589;5;28;28;21;28021;Nord-est;Veneto;Padova;1;28021;28021;28021;ITH;ITH3;ITH36;ITH;ITH3;ITH36;
Carmignano di Brenta;B795;5;28;28;23;28023;Nord-est;Veneto;Padova;1;28023;28023;28023;ITH;ITH3;ITH36;ITH;ITH3;ITH36;
Cartura;B848;5;28;28;26;28026;Nord-est;Veneto;Padova;1;28026;28026;28026;ITH;ITH3;ITH36;ITH;ITH3;ITH36;
Casale di Scodosia;B877;5;28;28;27;28027;Nord-est;Veneto;Padova;1;28027;28027;28027;ITH;ITH3;ITH36;ITH;ITH3;ITH36;
Casalserugo;B912;5;28;28;28;28028;Nord-est;Veneto;Padova;1;28028;28028;28028;ITH;ITH3;ITH36;ITH;ITH3;ITH36;
Castelbaldo;C057;5;28;28;29;28029;Nord-est;Veneto;Padova;1;28029;28029;28029;ITH;ITH3;ITH36;ITH;ITH3;ITH36;
Cervarese Santa Croce;C544;5;28;28;30;28030;Nord-est;Veneto;Padova;1;28030;28030;28030;ITH;ITH3;ITH36;ITH;ITH3;ITH36;
Cinto Euganeo;C713;5;28;28;31;28031;Nord-est;Veneto;Padova;1;28031;28031;28031;ITH;ITH3;ITH36;ITH;ITH3;ITH36;
Cittadella;C743;5;28;28;32;28032;Nord-est;Veneto;Padova;1;28032;28032;28032;ITH;ITH3;ITH36;ITH;ITH3;ITH36;
Codevigo;C812;5;28;28;33;28033;Nord-est;Veneto;Padova;1;28033;28033;28033;ITH;ITH3;ITH36;ITH;ITH3;ITH36;
Conselve;C964;5;28;28;34;28034;Nord-est;Veneto;Padova;1;28034;28034;28034;ITH;ITH3;ITH36;ITH;ITH3;ITH36;
Correzzola;D040;5;28;28;35;28035;Nord-est;Veneto;Padova;1;28035;28035;28035;ITH;ITH3;ITH36;ITH;ITH3;ITH36;
Curtarolo;D226;5;28;28;36;28036;Nord-est;Veneto;Padova;1;28036;28036;28036;ITH;ITH3;ITH36;ITH;ITH3;ITH36;
Este;D442;5;28;28;37;28037;Nord-est;Veneto;Padova;1;28037;28037;28037;ITH;ITH3;ITH36;ITH;ITH3;ITH36;
Fontaniva;D679;5;28;28;38;28038;Nord-est;Veneto;Padova;1;28038;28038;28038;ITH;ITH3;ITH36;ITH;ITH3;ITH36;
Galliera Veneta;D879;5;28;28;39;28039;Nord-est;Veneto;Padova;1;28039;28039;28039;ITH;ITH3;ITH36;ITH;ITH3;ITH36;
Galzignano Terme;D889;5;28;28;40;28040;Nord-est;Veneto;Padova;1;28040;28040;28040;ITH;ITH3;ITH36;ITH;ITH3;ITH36;
Gazzo;D956;5;28;28;41;28041;Nord-est;Veneto;Padova;1;28041;28041;28041;ITH;ITH3;ITH36;ITH;ITH3;ITH36;
Grantorto;E145;5;28;28;42;28042;Nord-est;Veneto;Padova;1;28042;28042;28042;ITH;ITH3;ITH36;ITH;ITH3;ITH36;
Granze;E146;5;28;28;43;28043;Nord-est;Veneto;Padova;1;28043;28043;28043;ITH;ITH3;ITH36;ITH;ITH3;ITH36;
Legnaro;E515;5;28;28;44;28044;Nord-est;Veneto;Padova;1;28044;28044;28044;ITH;ITH3;ITH36;ITH;ITH3;ITH36;
Limena;E592;5;28;28;45;28045;Nord-est;Veneto;Padova;1;28045;28045;28045;ITH;ITH3;ITH36;ITH;ITH3;ITH36;
Loreggia;E684;5;28;28;46;28046;Nord-est;Veneto;Padova;1;28046;28046;28046;ITH;ITH3;ITH36;ITH;ITH3;ITH36;
Lozzo Atestino;E709;5;28;28;47;28047;Nord-est;Veneto;Padova;1;28047;28047;28047;ITH;ITH3;ITH36;ITH;ITH3;ITH36;
Maser‡ di Padova;F011;5;28;28;48;28048;Nord-est;Veneto;Padova;1;28048;28048;28048;ITH;ITH3;ITH36;ITH;ITH3;ITH36;
Masi;F013;5;28;28;49;28049;Nord-est;Veneto;Padova;1;28049;28049;28049;ITH;ITH3;ITH36;ITH;ITH3;ITH36;
Massanzago;F033;5;28;28;50;28050;Nord-est;Veneto;Padova;1;28050;28050;28050;ITH;ITH3;ITH36;ITH;ITH3;ITH36;
Megliadino San Vitale;F092;5;28;28;52;28052;Nord-est;Veneto;Padova;1;28052;28052;28052;ITH;ITH3;ITH36;ITH;ITH3;ITH36;
Merlara;F148;5;28;28;53;28053;Nord-est;Veneto;Padova;1;28053;28053;28053;ITH;ITH3;ITH36;ITH;ITH3;ITH36;
Mestrino;F161;5;28;28;54;28054;Nord-est;Veneto;Padova;1;28054;28054;28054;ITH;ITH3;ITH36;ITH;ITH3;ITH36;
Monselice;F382;5;28;28;55;28055;Nord-est;Veneto;Padova;1;28055;28055;28055;ITH;ITH3;ITH36;ITH;ITH3;ITH36;
Montagnana;F394;5;28;28;56;28056;Nord-est;Veneto;Padova;1;28056;28056;28056;ITH;ITH3;ITH36;ITH;ITH3;ITH36;
Montegrotto Terme;F529;5;28;28;57;28057;Nord-est;Veneto;Padova;1;28057;28057;28057;ITH;ITH3;ITH36;ITH;ITH3;ITH36;
Noventa Padovana;F962;5;28;28;58;28058;Nord-est;Veneto;Padova;1;28058;28058;28058;ITH;ITH3;ITH36;ITH;ITH3;ITH36;
Ospedaletto Euganeo;G167;5;28;28;59;28059;Nord-est;Veneto;Padova;1;28059;28059;28059;ITH;ITH3;ITH36;ITH;ITH3;ITH36;
Padova;G224;5;28;28;60;28060;Nord-est;Veneto;Padova;1;28060;28060;28060;ITH;ITH3;ITH36;ITH;ITH3;ITH36;
Pernumia;G461;5;28;28;61;28061;Nord-est;Veneto;Padova;1;28061;28061;28061;ITH;ITH3;ITH36;ITH;ITH3;ITH36;
Piacenza d'Adige;G534;5;28;28;62;28062;Nord-est;Veneto;Padova;1;28062;28062;28062;ITH;ITH3;ITH36;ITH;ITH3;ITH36;
Piazzola sul Brenta;G587;5;28;28;63;28063;Nord-est;Veneto;Padova;1;28063;28063;28063;ITH;ITH3;ITH36;ITH;ITH3;ITH36;
Piombino Dese;G688;5;28;28;64;28064;Nord-est;Veneto;Padova;1;28064;28064;28064;ITH;ITH3;ITH36;ITH;ITH3;ITH36;
Piove di Sacco;G693;5;28;28;65;28065;Nord-est;Veneto;Padova;1;28065;28065;28065;ITH;ITH3;ITH36;ITH;ITH3;ITH36;
Polverara;G802;5;28;28;66;28066;Nord-est;Veneto;Padova;1;28066;28066;28066;ITH;ITH3;ITH36;ITH;ITH3;ITH36;
Ponso;G823;5;28;28;67;28067;Nord-est;Veneto;Padova;1;28067;28067;28067;ITH;ITH3;ITH36;ITH;ITH3;ITH36;
Pontelongo;G850;5;28;28;68;28068;Nord-est;Veneto;Padova;1;28068;28068;28068;ITH;ITH3;ITH36;ITH;ITH3;ITH36;
Ponte San NicolÚ;G855;5;28;28;69;28069;Nord-est;Veneto;Padova;1;28069;28069;28069;ITH;ITH3;ITH36;ITH;ITH3;ITH36;
Pozzonovo;G963;5;28;28;70;28070;Nord-est;Veneto;Padova;1;28070;28070;28070;ITH;ITH3;ITH36;ITH;ITH3;ITH36;
Rovolon;H622;5;28;28;71;28071;Nord-est;Veneto;Padova;1;28071;28071;28071;ITH;ITH3;ITH36;ITH;ITH3;ITH36;
Rubano;H625;5;28;28;72;28072;Nord-est;Veneto;Padova;1;28072;28072;28072;ITH;ITH3;ITH36;ITH;ITH3;ITH36;
Saccolongo;H655;5;28;28;73;28073;Nord-est;Veneto;Padova;1;28073;28073;28073;ITH;ITH3;ITH36;ITH;ITH3;ITH36;
San Giorgio delle Pertiche;H893;5;28;28;75;28075;Nord-est;Veneto;Padova;1;28075;28075;28075;ITH;ITH3;ITH36;ITH;ITH3;ITH36;
San Giorgio in Bosco;H897;5;28;28;76;28076;Nord-est;Veneto;Padova;1;28076;28076;28076;ITH;ITH3;ITH36;ITH;ITH3;ITH36;
San Martino di Lupari;I008;5;28;28;77;28077;Nord-est;Veneto;Padova;1;28077;28077;28077;ITH;ITH3;ITH36;ITH;ITH3;ITH36;
San Pietro in Gu;I107;5;28;28;78;28078;Nord-est;Veneto;Padova;1;28078;28078;28078;ITH;ITH3;ITH36;ITH;ITH3;ITH36;
San Pietro Viminario;I120;5;28;28;79;28079;Nord-est;Veneto;Padova;1;28079;28079;28079;ITH;ITH3;ITH36;ITH;ITH3;ITH36;
Santa Giustina in Colle;I207;5;28;28;80;28080;Nord-est;Veneto;Padova;1;28080;28080;28080;ITH;ITH3;ITH36;ITH;ITH3;ITH36;
Sant'Angelo di Piove di Sacco;I275;5;28;28;82;28082;Nord-est;Veneto;Padova;1;28082;28082;28082;ITH;ITH3;ITH36;ITH;ITH3;ITH36;
Sant'Elena;I319;5;28;28;83;28083;Nord-est;Veneto;Padova;1;28083;28083;28083;ITH;ITH3;ITH36;ITH;ITH3;ITH36;
Sant'Urbano;I375;5;28;28;84;28084;Nord-est;Veneto;Padova;1;28084;28084;28084;ITH;ITH3;ITH36;ITH;ITH3;ITH36;
Saonara;I418;5;28;28;85;28085;Nord-est;Veneto;Padova;1;28085;28085;28085;ITH;ITH3;ITH36;ITH;ITH3;ITH36;
Selvazzano Dentro;I595;5;28;28;86;28086;Nord-est;Veneto;Padova;1;28086;28086;28086;ITH;ITH3;ITH36;ITH;ITH3;ITH36;
Solesino;I799;5;28;28;87;28087;Nord-est;Veneto;Padova;1;28087;28087;28087;ITH;ITH3;ITH36;ITH;ITH3;ITH36;
Stanghella;I938;5;28;28;88;28088;Nord-est;Veneto;Padova;1;28088;28088;28088;ITH;ITH3;ITH36;ITH;ITH3;ITH36;
Teolo;L100;5;28;28;89;28089;Nord-est;Veneto;Padova;1;28089;28089;28089;ITH;ITH3;ITH36;ITH;ITH3;ITH36;
Terrassa Padovana;L132;5;28;28;90;28090;Nord-est;Veneto;Padova;1;28090;28090;28090;ITH;ITH3;ITH36;ITH;ITH3;ITH36;
Tombolo;L199;5;28;28;91;28091;Nord-est;Veneto;Padova;1;28091;28091;28091;ITH;ITH3;ITH36;ITH;ITH3;ITH36;
Torreglia;L270;5;28;28;92;28092;Nord-est;Veneto;Padova;1;28092;28092;28092;ITH;ITH3;ITH36;ITH;ITH3;ITH36;
Trebaseleghe;L349;5;28;28;93;28093;Nord-est;Veneto;Padova;1;28093;28093;28093;ITH;ITH3;ITH36;ITH;ITH3;ITH36;
Tribano;L414;5;28;28;94;28094;Nord-est;Veneto;Padova;1;28094;28094;28094;ITH;ITH3;ITH36;ITH;ITH3;ITH36;
Urbana;L497;5;28;28;95;28095;Nord-est;Veneto;Padova;1;28095;28095;28095;ITH;ITH3;ITH36;ITH;ITH3;ITH36;
Veggiano;L710;5;28;28;96;28096;Nord-est;Veneto;Padova;1;28096;28096;28096;ITH;ITH3;ITH36;ITH;ITH3;ITH36;
Vescovana;L805;5;28;28;97;28097;Nord-est;Veneto;Padova;1;28097;28097;28097;ITH;ITH3;ITH36;ITH;ITH3;ITH36;
Vigodarzere;L892;5;28;28;99;28099;Nord-est;Veneto;Padova;1;28099;28099;28099;ITH;ITH3;ITH36;ITH;ITH3;ITH36;
Vigonza;L900;5;28;28;100;28100;Nord-est;Veneto;Padova;1;28100;28100;28100;ITH;ITH3;ITH36;ITH;ITH3;ITH36;
Villa del Conte;L934;5;28;28;101;28101;Nord-est;Veneto;Padova;1;28101;28101;28101;ITH;ITH3;ITH36;ITH;ITH3;ITH36;
Villa Estense;L937;5;28;28;102;28102;Nord-est;Veneto;Padova;1;28102;28102;28102;ITH;ITH3;ITH36;ITH;ITH3;ITH36;
Villafranca Padovana;L947;5;28;28;103;28103;Nord-est;Veneto;Padova;1;28103;28103;28103;ITH;ITH3;ITH36;ITH;ITH3;ITH36;
Villanova di Camposampiero;L979;5;28;28;104;28104;Nord-est;Veneto;Padova;1;28104;28104;28104;ITH;ITH3;ITH36;ITH;ITH3;ITH36;
Vo';M103;5;28;28;105;28105;Nord-est;Veneto;Padova;1;28105;28105;28105;ITH;ITH3;ITH36;ITH;ITH3;ITH36;
Due Carrare;M300;5;28;28;106;28106;Nord-est;Veneto;Padova;1;28106;28106;28106;ITH;ITH3;ITH36;ITH;ITH3;ITH36;
Borgo Veneto;M402;5;28;28;107;28107;Nord-est;Veneto;Padova;1;28107;28107;28107;ITH;ITH3;ITH36;ITH;ITH3;ITH36;
Santa Caterina d'Este;M438;5;28;28;108;28108;Nord-est;Veneto;Padova;1;28108;28108;28108;ITH;ITH3;ITH36;ITH;ITH3;ITH36;
Adria;A059;5;29;29;1;29001;Nord-est;Veneto;Rovigo;1;29001;29001;29001;ITH;ITH3;ITH37;ITH;ITH3;ITH37;
Ariano nel Polesine;A400;5;29;29;2;29002;Nord-est;Veneto;Rovigo;1;29002;29002;29002;ITH;ITH3;ITH37;ITH;ITH3;ITH37;
Arqu‡ Polesine;A435;5;29;29;3;29003;Nord-est;Veneto;Rovigo;1;29003;29003;29003;ITH;ITH3;ITH37;ITH;ITH3;ITH37;
Badia Polesine;A539;5;29;29;4;29004;Nord-est;Veneto;Rovigo;1;29004;29004;29004;ITH;ITH3;ITH37;ITH;ITH3;ITH37;
Bagnolo di Po;A574;5;29;29;5;29005;Nord-est;Veneto;Rovigo;1;29005;29005;29005;ITH;ITH3;ITH37;ITH;ITH3;ITH37;
Bergantino;A795;5;29;29;6;29006;Nord-est;Veneto;Rovigo;1;29006;29006;29006;ITH;ITH3;ITH37;ITH;ITH3;ITH37;
Bosaro;B069;5;29;29;7;29007;Nord-est;Veneto;Rovigo;1;29007;29007;29007;ITH;ITH3;ITH37;ITH;ITH3;ITH37;
Calto;B432;5;29;29;8;29008;Nord-est;Veneto;Rovigo;1;29008;29008;29008;ITH;ITH3;ITH37;ITH;ITH3;ITH37;
Canaro;B578;5;29;29;9;29009;Nord-est;Veneto;Rovigo;1;29009;29009;29009;ITH;ITH3;ITH37;ITH;ITH3;ITH37;
Canda;B582;5;29;29;10;29010;Nord-est;Veneto;Rovigo;1;29010;29010;29010;ITH;ITH3;ITH37;ITH;ITH3;ITH37;
Castelguglielmo;C122;5;29;29;11;29011;Nord-est;Veneto;Rovigo;1;29011;29011;29011;ITH;ITH3;ITH37;ITH;ITH3;ITH37;
Castelmassa;C207;5;29;29;12;29012;Nord-est;Veneto;Rovigo;1;29012;29012;29012;ITH;ITH3;ITH37;ITH;ITH3;ITH37;
Castelnovo Bariano;C215;5;29;29;13;29013;Nord-est;Veneto;Rovigo;1;29013;29013;29013;ITH;ITH3;ITH37;ITH;ITH3;ITH37;
Ceneselli;C461;5;29;29;14;29014;Nord-est;Veneto;Rovigo;1;29014;29014;29014;ITH;ITH3;ITH37;ITH;ITH3;ITH37;
Ceregnano;C500;5;29;29;15;29015;Nord-est;Veneto;Rovigo;1;29015;29015;29015;ITH;ITH3;ITH37;ITH;ITH3;ITH37;
Corbola;C987;5;29;29;17;29017;Nord-est;Veneto;Rovigo;1;29017;29017;29017;ITH;ITH3;ITH37;ITH;ITH3;ITH37;
Costa di Rovigo;D105;5;29;29;18;29018;Nord-est;Veneto;Rovigo;1;29018;29018;29018;ITH;ITH3;ITH37;ITH;ITH3;ITH37;
Crespino;D161;5;29;29;19;29019;Nord-est;Veneto;Rovigo;1;29019;29019;29019;ITH;ITH3;ITH37;ITH;ITH3;ITH37;
Ficarolo;D568;5;29;29;21;29021;Nord-est;Veneto;Rovigo;1;29021;29021;29021;ITH;ITH3;ITH37;ITH;ITH3;ITH37;
Fiesso Umbertiano;D577;5;29;29;22;29022;Nord-est;Veneto;Rovigo;1;29022;29022;29022;ITH;ITH3;ITH37;ITH;ITH3;ITH37;
Frassinelle Polesine;D776;5;29;29;23;29023;Nord-est;Veneto;Rovigo;1;29023;29023;29023;ITH;ITH3;ITH37;ITH;ITH3;ITH37;
Fratta Polesine;D788;5;29;29;24;29024;Nord-est;Veneto;Rovigo;1;29024;29024;29024;ITH;ITH3;ITH37;ITH;ITH3;ITH37;
Gaiba;D855;5;29;29;25;29025;Nord-est;Veneto;Rovigo;1;29025;29025;29025;ITH;ITH3;ITH37;ITH;ITH3;ITH37;
Gavello;D942;5;29;29;26;29026;Nord-est;Veneto;Rovigo;1;29026;29026;29026;ITH;ITH3;ITH37;ITH;ITH3;ITH37;
Giacciano con Baruchella;E008;5;29;29;27;29027;Nord-est;Veneto;Rovigo;1;29027;29027;29027;ITH;ITH3;ITH37;ITH;ITH3;ITH37;
Guarda Veneta;E240;5;29;29;28;29028;Nord-est;Veneto;Rovigo;1;29028;29028;29028;ITH;ITH3;ITH37;ITH;ITH3;ITH37;
Lendinara;E522;5;29;29;29;29029;Nord-est;Veneto;Rovigo;1;29029;29029;29029;ITH;ITH3;ITH37;ITH;ITH3;ITH37;
Loreo;E689;5;29;29;30;29030;Nord-est;Veneto;Rovigo;1;29030;29030;29030;ITH;ITH3;ITH37;ITH;ITH3;ITH37;
Lusia;E761;5;29;29;31;29031;Nord-est;Veneto;Rovigo;1;29031;29031;29031;ITH;ITH3;ITH37;ITH;ITH3;ITH37;
Melara;F095;5;29;29;32;29032;Nord-est;Veneto;Rovigo;1;29032;29032;29032;ITH;ITH3;ITH37;ITH;ITH3;ITH37;
Occhiobello;F994;5;29;29;33;29033;Nord-est;Veneto;Rovigo;1;29033;29033;29033;ITH;ITH3;ITH37;ITH;ITH3;ITH37;
Papozze;G323;5;29;29;34;29034;Nord-est;Veneto;Rovigo;1;29034;29034;29034;ITH;ITH3;ITH37;ITH;ITH3;ITH37;
Pettorazza Grimani;G525;5;29;29;35;29035;Nord-est;Veneto;Rovigo;1;29035;29035;29035;ITH;ITH3;ITH37;ITH;ITH3;ITH37;
Pincara;G673;5;29;29;36;29036;Nord-est;Veneto;Rovigo;1;29036;29036;29036;ITH;ITH3;ITH37;ITH;ITH3;ITH37;
Polesella;G782;5;29;29;37;29037;Nord-est;Veneto;Rovigo;1;29037;29037;29037;ITH;ITH3;ITH37;ITH;ITH3;ITH37;
Pontecchio Polesine;G836;5;29;29;38;29038;Nord-est;Veneto;Rovigo;1;29038;29038;29038;ITH;ITH3;ITH37;ITH;ITH3;ITH37;
Porto Tolle;G923;5;29;29;39;29039;Nord-est;Veneto;Rovigo;1;29039;29039;29039;ITH;ITH3;ITH37;ITH;ITH3;ITH37;
Rosolina;H573;5;29;29;40;29040;Nord-est;Veneto;Rovigo;1;29040;29040;29040;ITH;ITH3;ITH37;ITH;ITH3;ITH37;
Rovigo;H620;5;29;29;41;29041;Nord-est;Veneto;Rovigo;1;29041;29041;29041;ITH;ITH3;ITH37;ITH;ITH3;ITH37;
Salara;H689;5;29;29;42;29042;Nord-est;Veneto;Rovigo;1;29042;29042;29042;ITH;ITH3;ITH37;ITH;ITH3;ITH37;
San Bellino;H768;5;29;29;43;29043;Nord-est;Veneto;Rovigo;1;29043;29043;29043;ITH;ITH3;ITH37;ITH;ITH3;ITH37;
San Martino di Venezze;H996;5;29;29;44;29044;Nord-est;Veneto;Rovigo;1;29044;29044;29044;ITH;ITH3;ITH37;ITH;ITH3;ITH37;
Stienta;I953;5;29;29;45;29045;Nord-est;Veneto;Rovigo;1;29045;29045;29045;ITH;ITH3;ITH37;ITH;ITH3;ITH37;
Taglio di Po;L026;5;29;29;46;29046;Nord-est;Veneto;Rovigo;1;29046;29046;29046;ITH;ITH3;ITH37;ITH;ITH3;ITH37;
Trecenta;L359;5;29;29;47;29047;Nord-est;Veneto;Rovigo;1;29047;29047;29047;ITH;ITH3;ITH37;ITH;ITH3;ITH37;
Villadose;L939;5;29;29;48;29048;Nord-est;Veneto;Rovigo;1;29048;29048;29048;ITH;ITH3;ITH37;ITH;ITH3;ITH37;
Villamarzana;L967;5;29;29;49;29049;Nord-est;Veneto;Rovigo;1;29049;29049;29049;ITH;ITH3;ITH37;ITH;ITH3;ITH37;
Villanova del Ghebbo;L985;5;29;29;50;29050;Nord-est;Veneto;Rovigo;1;29050;29050;29050;ITH;ITH3;ITH37;ITH;ITH3;ITH37;
Villanova Marchesana;L988;5;29;29;51;29051;Nord-est;Veneto;Rovigo;1;29051;29051;29051;ITH;ITH3;ITH37;ITH;ITH3;ITH37;
Porto Viro;G926;5;29;29;52;29052;Nord-est;Veneto;Rovigo;1;29052;29052;29052;ITH;ITH3;ITH37;ITH;ITH3;ITH37;
Aiello del Friuli;A103;6;30;30;1;30001;Nord-est;Friuli-Venezia Giulia;Udine;5;30001;30001;30001;ITH;ITH4;ITH42;ITH;ITH4;ITH42;
Amaro;A254;6;30;30;2;30002;Nord-est;Friuli-Venezia Giulia;Udine;5;30002;30002;30002;ITH;ITH4;ITH42;ITH;ITH4;ITH42;
Ampezzo;A267;6;30;30;3;30003;Nord-est;Friuli-Venezia Giulia;Udine;5;30003;30003;30003;ITH;ITH4;ITH42;ITH;ITH4;ITH42;
Aquileia;A346;6;30;30;4;30004;Nord-est;Friuli-Venezia Giulia;Udine;5;30004;30004;30004;ITH;ITH4;ITH42;ITH;ITH4;ITH42;
Arta Terme;A447;6;30;30;5;30005;Nord-est;Friuli-Venezia Giulia;Udine;5;30005;30005;30005;ITH;ITH4;ITH42;ITH;ITH4;ITH42;
Artegna;A448;6;30;30;6;30006;Nord-est;Friuli-Venezia Giulia;Udine;5;30006;30006;30006;ITH;ITH4;ITH42;ITH;ITH4;ITH42;
Attimis;A491;6;30;30;7;30007;Nord-est;Friuli-Venezia Giulia;Udine;5;30007;30007;30007;ITH;ITH4;ITH42;ITH;ITH4;ITH42;
Bagnaria Arsa;A553;6;30;30;8;30008;Nord-est;Friuli-Venezia Giulia;Udine;5;30008;30008;30008;ITH;ITH4;ITH42;ITH;ITH4;ITH42;
Basiliano;A700;6;30;30;9;30009;Nord-est;Friuli-Venezia Giulia;Udine;5;30009;30009;30009;ITH;ITH4;ITH42;ITH;ITH4;ITH42;
Bertiolo;A810;6;30;30;10;30010;Nord-est;Friuli-Venezia Giulia;Udine;5;30010;30010;30010;ITH;ITH4;ITH42;ITH;ITH4;ITH42;
Bicinicco;A855;6;30;30;11;30011;Nord-est;Friuli-Venezia Giulia;Udine;5;30011;30011;30011;ITH;ITH4;ITH42;ITH;ITH4;ITH42;
Bordano;A983;6;30;30;12;30012;Nord-est;Friuli-Venezia Giulia;Udine;5;30012;30012;30012;ITH;ITH4;ITH42;ITH;ITH4;ITH42;
Buja;B259;6;30;30;13;30013;Nord-est;Friuli-Venezia Giulia;Udine;5;30013;30013;30013;ITH;ITH4;ITH42;ITH;ITH4;ITH42;
Buttrio;B309;6;30;30;14;30014;Nord-est;Friuli-Venezia Giulia;Udine;5;30014;30014;30014;ITH;ITH4;ITH42;ITH;ITH4;ITH42;
Camino al Tagliamento;B483;6;30;30;15;30015;Nord-est;Friuli-Venezia Giulia;Udine;5;30015;30015;30015;ITH;ITH4;ITH42;ITH;ITH4;ITH42;
Campoformido;B536;6;30;30;16;30016;Nord-est;Friuli-Venezia Giulia;Udine;5;30016;30016;30016;ITH;ITH4;ITH42;ITH;ITH4;ITH42;
Carlino;B788;6;30;30;18;30018;Nord-est;Friuli-Venezia Giulia;Udine;5;30018;30018;30018;ITH;ITH4;ITH42;ITH;ITH4;ITH42;
Cassacco;B994;6;30;30;19;30019;Nord-est;Friuli-Venezia Giulia;Udine;5;30019;30019;30019;ITH;ITH4;ITH42;ITH;ITH4;ITH42;
Castions di Strada;C327;6;30;30;20;30020;Nord-est;Friuli-Venezia Giulia;Udine;5;30020;30020;30020;ITH;ITH4;ITH42;ITH;ITH4;ITH42;
Cavazzo Carnico;C389;6;30;30;21;30021;Nord-est;Friuli-Venezia Giulia;Udine;5;30021;30021;30021;ITH;ITH4;ITH42;ITH;ITH4;ITH42;
Cercivento;C494;6;30;30;22;30022;Nord-est;Friuli-Venezia Giulia;Udine;5;30022;30022;30022;ITH;ITH4;ITH42;ITH;ITH4;ITH42;
Cervignano del Friuli;C556;6;30;30;23;30023;Nord-est;Friuli-Venezia Giulia;Udine;5;30023;30023;30023;ITH;ITH4;ITH42;ITH;ITH4;ITH42;
Chiopris-Viscone;C641;6;30;30;24;30024;Nord-est;Friuli-Venezia Giulia;Udine;5;30024;30024;30024;ITH;ITH4;ITH42;ITH;ITH4;ITH42;
Chiusaforte;C656;6;30;30;25;30025;Nord-est;Friuli-Venezia Giulia;Udine;5;30025;30025;30025;ITH;ITH4;ITH42;ITH;ITH4;ITH42;
Cividale del Friuli;C758;6;30;30;26;30026;Nord-est;Friuli-Venezia Giulia;Udine;5;30026;30026;30026;ITH;ITH4;ITH42;ITH;ITH4;ITH42;
Codroipo;C817;6;30;30;27;30027;Nord-est;Friuli-Venezia Giulia;Udine;5;30027;30027;30027;ITH;ITH4;ITH42;ITH;ITH4;ITH42;
Colloredo di Monte Albano;C885;6;30;30;28;30028;Nord-est;Friuli-Venezia Giulia;Udine;5;30028;30028;30028;ITH;ITH4;ITH42;ITH;ITH4;ITH42;
Comeglians;C918;6;30;30;29;30029;Nord-est;Friuli-Venezia Giulia;Udine;5;30029;30029;30029;ITH;ITH4;ITH42;ITH;ITH4;ITH42;
Corno di Rosazzo;D027;6;30;30;30;30030;Nord-est;Friuli-Venezia Giulia;Udine;5;30030;30030;30030;ITH;ITH4;ITH42;ITH;ITH4;ITH42;
Coseano;D085;6;30;30;31;30031;Nord-est;Friuli-Venezia Giulia;Udine;5;30031;30031;30031;ITH;ITH4;ITH42;ITH;ITH4;ITH42;
Dignano;D300;6;30;30;32;30032;Nord-est;Friuli-Venezia Giulia;Udine;5;30032;30032;30032;ITH;ITH4;ITH42;ITH;ITH4;ITH42;
Dogna;D316;6;30;30;33;30033;Nord-est;Friuli-Venezia Giulia;Udine;5;30033;30033;30033;ITH;ITH4;ITH42;ITH;ITH4;ITH42;
Drenchia;D366;6;30;30;34;30034;Nord-est;Friuli-Venezia Giulia;Udine;5;30034;30034;30034;ITH;ITH4;ITH42;ITH;ITH4;ITH42;
Enemonzo;D408;6;30;30;35;30035;Nord-est;Friuli-Venezia Giulia;Udine;5;30035;30035;30035;ITH;ITH4;ITH42;ITH;ITH4;ITH42;
Faedis;D455;6;30;30;36;30036;Nord-est;Friuli-Venezia Giulia;Udine;5;30036;30036;30036;ITH;ITH4;ITH42;ITH;ITH4;ITH42;
Fagagna;D461;6;30;30;37;30037;Nord-est;Friuli-Venezia Giulia;Udine;5;30037;30037;30037;ITH;ITH4;ITH42;ITH;ITH4;ITH42;
Flaibano;D630;6;30;30;39;30039;Nord-est;Friuli-Venezia Giulia;Udine;5;30039;30039;30039;ITH;ITH4;ITH42;ITH;ITH4;ITH42;
Forni Avoltri;D718;6;30;30;40;30040;Nord-est;Friuli-Venezia Giulia;Udine;5;30040;30040;30040;ITH;ITH4;ITH42;ITH;ITH4;ITH42;
Forni di Sopra;D719;6;30;30;41;30041;Nord-est;Friuli-Venezia Giulia;Udine;5;30041;30041;30041;ITH;ITH4;ITH42;ITH;ITH4;ITH42;
Forni di Sotto;D720;6;30;30;42;30042;Nord-est;Friuli-Venezia Giulia;Udine;5;30042;30042;30042;ITH;ITH4;ITH42;ITH;ITH4;ITH42;
Gemona del Friuli;D962;6;30;30;43;30043;Nord-est;Friuli-Venezia Giulia;Udine;5;30043;30043;30043;ITH;ITH4;ITH42;ITH;ITH4;ITH42;
Gonars;E083;6;30;30;44;30044;Nord-est;Friuli-Venezia Giulia;Udine;5;30044;30044;30044;ITH;ITH4;ITH42;ITH;ITH4;ITH42;
Grimacco;E179;6;30;30;45;30045;Nord-est;Friuli-Venezia Giulia;Udine;5;30045;30045;30045;ITH;ITH4;ITH42;ITH;ITH4;ITH42;
Latisana;E473;6;30;30;46;30046;Nord-est;Friuli-Venezia Giulia;Udine;5;30046;30046;30046;ITH;ITH4;ITH42;ITH;ITH4;ITH42;
Lauco;E476;6;30;30;47;30047;Nord-est;Friuli-Venezia Giulia;Udine;5;30047;30047;30047;ITH;ITH4;ITH42;ITH;ITH4;ITH42;
Lestizza;E553;6;30;30;48;30048;Nord-est;Friuli-Venezia Giulia;Udine;5;30048;30048;30048;ITH;ITH4;ITH42;ITH;ITH4;ITH42;
Lignano Sabbiadoro;E584;6;30;30;49;30049;Nord-est;Friuli-Venezia Giulia;Udine;5;30049;30049;30049;ITH;ITH4;ITH42;ITH;ITH4;ITH42;
Lusevera;E760;6;30;30;51;30051;Nord-est;Friuli-Venezia Giulia;Udine;5;30051;30051;30051;ITH;ITH4;ITH42;ITH;ITH4;ITH42;
Magnano in Riviera;E820;6;30;30;52;30052;Nord-est;Friuli-Venezia Giulia;Udine;5;30052;30052;30052;ITH;ITH4;ITH42;ITH;ITH4;ITH42;
Majano;E833;6;30;30;53;30053;Nord-est;Friuli-Venezia Giulia;Udine;5;30053;30053;30053;ITH;ITH4;ITH42;ITH;ITH4;ITH42;
Malborghetto Valbruna;E847;6;30;30;54;30054;Nord-est;Friuli-Venezia Giulia;Udine;5;30054;30054;30054;ITH;ITH4;ITH42;ITH;ITH4;ITH42;
Manzano;E899;6;30;30;55;30055;Nord-est;Friuli-Venezia Giulia;Udine;5;30055;30055;30055;ITH;ITH4;ITH42;ITH;ITH4;ITH42;
Marano Lagunare;E910;6;30;30;56;30056;Nord-est;Friuli-Venezia Giulia;Udine;5;30056;30056;30056;ITH;ITH4;ITH42;ITH;ITH4;ITH42;
Martignacco;E982;6;30;30;57;30057;Nord-est;Friuli-Venezia Giulia;Udine;5;30057;30057;30057;ITH;ITH4;ITH42;ITH;ITH4;ITH42;
Mereto di Tomba;F144;6;30;30;58;30058;Nord-est;Friuli-Venezia Giulia;Udine;5;30058;30058;30058;ITH;ITH4;ITH42;ITH;ITH4;ITH42;
Moggio Udinese;F266;6;30;30;59;30059;Nord-est;Friuli-Venezia Giulia;Udine;5;30059;30059;30059;ITH;ITH4;ITH42;ITH;ITH4;ITH42;
Moimacco;F275;6;30;30;60;30060;Nord-est;Friuli-Venezia Giulia;Udine;5;30060;30060;30060;ITH;ITH4;ITH42;ITH;ITH4;ITH42;
Montenars;F574;6;30;30;61;30061;Nord-est;Friuli-Venezia Giulia;Udine;5;30061;30061;30061;ITH;ITH4;ITH42;ITH;ITH4;ITH42;
Mortegliano;F756;6;30;30;62;30062;Nord-est;Friuli-Venezia Giulia;Udine;5;30062;30062;30062;ITH;ITH4;ITH42;ITH;ITH4;ITH42;
Moruzzo;F760;6;30;30;63;30063;Nord-est;Friuli-Venezia Giulia;Udine;5;30063;30063;30063;ITH;ITH4;ITH42;ITH;ITH4;ITH42;
Muzzana del Turgnano;F832;6;30;30;64;30064;Nord-est;Friuli-Venezia Giulia;Udine;5;30064;30064;30064;ITH;ITH4;ITH42;ITH;ITH4;ITH42;
Nimis;F898;6;30;30;65;30065;Nord-est;Friuli-Venezia Giulia;Udine;5;30065;30065;30065;ITH;ITH4;ITH42;ITH;ITH4;ITH42;
Osoppo;G163;6;30;30;66;30066;Nord-est;Friuli-Venezia Giulia;Udine;5;30066;30066;30066;ITH;ITH4;ITH42;ITH;ITH4;ITH42;
Ovaro;G198;6;30;30;67;30067;Nord-est;Friuli-Venezia Giulia;Udine;5;30067;30067;30067;ITH;ITH4;ITH42;ITH;ITH4;ITH42;
Pagnacco;G238;6;30;30;68;30068;Nord-est;Friuli-Venezia Giulia;Udine;5;30068;30068;30068;ITH;ITH4;ITH42;ITH;ITH4;ITH42;
Palazzolo dello Stella;G268;6;30;30;69;30069;Nord-est;Friuli-Venezia Giulia;Udine;5;30069;30069;30069;ITH;ITH4;ITH42;ITH;ITH4;ITH42;
Palmanova;G284;6;30;30;70;30070;Nord-est;Friuli-Venezia Giulia;Udine;5;30070;30070;30070;ITH;ITH4;ITH42;ITH;ITH4;ITH42;
Paluzza;G300;6;30;30;71;30071;Nord-est;Friuli-Venezia Giulia;Udine;5;30071;30071;30071;ITH;ITH4;ITH42;ITH;ITH4;ITH42;
Pasian di Prato;G352;6;30;30;72;30072;Nord-est;Friuli-Venezia Giulia;Udine;5;30072;30072;30072;ITH;ITH4;ITH42;ITH;ITH4;ITH42;
Paularo;G381;6;30;30;73;30073;Nord-est;Friuli-Venezia Giulia;Udine;5;30073;30073;30073;ITH;ITH4;ITH42;ITH;ITH4;ITH42;
Pavia di Udine;G389;6;30;30;74;30074;Nord-est;Friuli-Venezia Giulia;Udine;5;30074;30074;30074;ITH;ITH4;ITH42;ITH;ITH4;ITH42;
Pocenia;G743;6;30;30;75;30075;Nord-est;Friuli-Venezia Giulia;Udine;5;30075;30075;30075;ITH;ITH4;ITH42;ITH;ITH4;ITH42;
Pontebba;G831;6;30;30;76;30076;Nord-est;Friuli-Venezia Giulia;Udine;5;30076;30076;30076;ITH;ITH4;ITH42;ITH;ITH4;ITH42;
Porpetto;G891;6;30;30;77;30077;Nord-est;Friuli-Venezia Giulia;Udine;5;30077;30077;30077;ITH;ITH4;ITH42;ITH;ITH4;ITH42;
Povoletto;G949;6;30;30;78;30078;Nord-est;Friuli-Venezia Giulia;Udine;5;30078;30078;30078;ITH;ITH4;ITH42;ITH;ITH4;ITH42;
Pozzuolo del Friuli;G966;6;30;30;79;30079;Nord-est;Friuli-Venezia Giulia;Udine;5;30079;30079;30079;ITH;ITH4;ITH42;ITH;ITH4;ITH42;
Pradamano;G969;6;30;30;80;30080;Nord-est;Friuli-Venezia Giulia;Udine;5;30080;30080;30080;ITH;ITH4;ITH42;ITH;ITH4;ITH42;
Prato Carnico;H002;6;30;30;81;30081;Nord-est;Friuli-Venezia Giulia;Udine;5;30081;30081;30081;ITH;ITH4;ITH42;ITH;ITH4;ITH42;
Precenicco;H014;6;30;30;82;30082;Nord-est;Friuli-Venezia Giulia;Udine;5;30082;30082;30082;ITH;ITH4;ITH42;ITH;ITH4;ITH42;
Premariacco;H029;6;30;30;83;30083;Nord-est;Friuli-Venezia Giulia;Udine;5;30083;30083;30083;ITH;ITH4;ITH42;ITH;ITH4;ITH42;
Preone;H038;6;30;30;84;30084;Nord-est;Friuli-Venezia Giulia;Udine;5;30084;30084;30084;ITH;ITH4;ITH42;ITH;ITH4;ITH42;
Prepotto;H040;6;30;30;85;30085;Nord-est;Friuli-Venezia Giulia;Udine;5;30085;30085;30085;ITH;ITH4;ITH42;ITH;ITH4;ITH42;
Pulfero;H089;6;30;30;86;30086;Nord-est;Friuli-Venezia Giulia;Udine;5;30086;30086;30086;ITH;ITH4;ITH42;ITH;ITH4;ITH42;
Ragogna;H161;6;30;30;87;30087;Nord-est;Friuli-Venezia Giulia;Udine;5;30087;30087;30087;ITH;ITH4;ITH42;ITH;ITH4;ITH42;
Ravascletto;H196;6;30;30;88;30088;Nord-est;Friuli-Venezia Giulia;Udine;5;30088;30088;30088;ITH;ITH4;ITH42;ITH;ITH4;ITH42;
Raveo;H200;6;30;30;89;30089;Nord-est;Friuli-Venezia Giulia;Udine;5;30089;30089;30089;ITH;ITH4;ITH42;ITH;ITH4;ITH42;
Reana del Rojale;H206;6;30;30;90;30090;Nord-est;Friuli-Venezia Giulia;Udine;5;30090;30090;30090;ITH;ITH4;ITH42;ITH;ITH4;ITH42;
Remanzacco;H229;6;30;30;91;30091;Nord-est;Friuli-Venezia Giulia;Udine;5;30091;30091;30091;ITH;ITH4;ITH42;ITH;ITH4;ITH42;
Resia;H242;6;30;30;92;30092;Nord-est;Friuli-Venezia Giulia;Udine;5;30092;30092;30092;ITH;ITH4;ITH42;ITH;ITH4;ITH42;
Resiutta;H244;6;30;30;93;30093;Nord-est;Friuli-Venezia Giulia;Udine;5;30093;30093;30093;ITH;ITH4;ITH42;ITH;ITH4;ITH42;
Rigolato;H289;6;30;30;94;30094;Nord-est;Friuli-Venezia Giulia;Udine;5;30094;30094;30094;ITH;ITH4;ITH42;ITH;ITH4;ITH42;
Rive d'Arcano;H347;6;30;30;95;30095;Nord-est;Friuli-Venezia Giulia;Udine;5;30095;30095;30095;ITH;ITH4;ITH42;ITH;ITH4;ITH42;
Ronchis;H533;6;30;30;97;30097;Nord-est;Friuli-Venezia Giulia;Udine;5;30097;30097;30097;ITH;ITH4;ITH42;ITH;ITH4;ITH42;
Ruda;H629;6;30;30;98;30098;Nord-est;Friuli-Venezia Giulia;Udine;5;30098;30098;30098;ITH;ITH4;ITH42;ITH;ITH4;ITH42;
San Daniele del Friuli;H816;6;30;30;99;30099;Nord-est;Friuli-Venezia Giulia;Udine;5;30099;30099;30099;ITH;ITH4;ITH42;ITH;ITH4;ITH42;
San Giorgio di Nogaro;H895;6;30;30;100;30100;Nord-est;Friuli-Venezia Giulia;Udine;5;30100;30100;30100;ITH;ITH4;ITH42;ITH;ITH4;ITH42;
San Giovanni al Natisone;H906;6;30;30;101;30101;Nord-est;Friuli-Venezia Giulia;Udine;5;30101;30101;30101;ITH;ITH4;ITH42;ITH;ITH4;ITH42;
San Leonardo;H951;6;30;30;102;30102;Nord-est;Friuli-Venezia Giulia;Udine;5;30102;30102;30102;ITH;ITH4;ITH42;ITH;ITH4;ITH42;
San Pietro al Natisone;I092;6;30;30;103;30103;Nord-est;Friuli-Venezia Giulia;Udine;5;30103;30103;30103;ITH;ITH4;ITH42;ITH;ITH4;ITH42;
Santa Maria la Longa;I248;6;30;30;104;30104;Nord-est;Friuli-Venezia Giulia;Udine;5;30104;30104;30104;ITH;ITH4;ITH42;ITH;ITH4;ITH42;
San Vito al Torre;I404;6;30;30;105;30105;Nord-est;Friuli-Venezia Giulia;Udine;5;30105;30105;30105;ITH;ITH4;ITH42;ITH;ITH4;ITH42;
San Vito di Fagagna;I405;6;30;30;106;30106;Nord-est;Friuli-Venezia Giulia;Udine;5;30106;30106;30106;ITH;ITH4;ITH42;ITH;ITH4;ITH42;
Sauris;I464;6;30;30;107;30107;Nord-est;Friuli-Venezia Giulia;Udine;5;30107;30107;30107;ITH;ITH4;ITH42;ITH;ITH4;ITH42;
Savogna;I478;6;30;30;108;30108;Nord-est;Friuli-Venezia Giulia;Udine;5;30108;30108;30108;ITH;ITH4;ITH42;ITH;ITH4;ITH42;
Sedegliano;I562;6;30;30;109;30109;Nord-est;Friuli-Venezia Giulia;Udine;5;30109;30109;30109;ITH;ITH4;ITH42;ITH;ITH4;ITH42;
Socchieve;I777;6;30;30;110;30110;Nord-est;Friuli-Venezia Giulia;Udine;5;30110;30110;30110;ITH;ITH4;ITH42;ITH;ITH4;ITH42;
Stregna;I974;6;30;30;111;30111;Nord-est;Friuli-Venezia Giulia;Udine;5;30111;30111;30111;ITH;ITH4;ITH42;ITH;ITH4;ITH42;
Sutrio;L018;6;30;30;112;30112;Nord-est;Friuli-Venezia Giulia;Udine;5;30112;30112;30112;ITH;ITH4;ITH42;ITH;ITH4;ITH42;
Taipana;G736;6;30;30;113;30113;Nord-est;Friuli-Venezia Giulia;Udine;5;30113;30113;30113;ITH;ITH4;ITH42;ITH;ITH4;ITH42;
Talmassons;L039;6;30;30;114;30114;Nord-est;Friuli-Venezia Giulia;Udine;5;30114;30114;30114;ITH;ITH4;ITH42;ITH;ITH4;ITH42;
Tarcento;L050;6;30;30;116;30116;Nord-est;Friuli-Venezia Giulia;Udine;5;30116;30116;30116;ITH;ITH4;ITH42;ITH;ITH4;ITH42;
Tarvisio;L057;6;30;30;117;30117;Nord-est;Friuli-Venezia Giulia;Udine;5;30117;30117;30117;ITH;ITH4;ITH42;ITH;ITH4;ITH42;
Tavagnacco;L065;6;30;30;118;30118;Nord-est;Friuli-Venezia Giulia;Udine;5;30118;30118;30118;ITH;ITH4;ITH42;ITH;ITH4;ITH42;
Terzo d'Aquileia;L144;6;30;30;120;30120;Nord-est;Friuli-Venezia Giulia;Udine;5;30120;30120;30120;ITH;ITH4;ITH42;ITH;ITH4;ITH42;
Tolmezzo;L195;6;30;30;121;30121;Nord-est;Friuli-Venezia Giulia;Udine;5;30121;30121;30121;ITH;ITH4;ITH42;ITH;ITH4;ITH42;
Torreano;L246;6;30;30;122;30122;Nord-est;Friuli-Venezia Giulia;Udine;5;30122;30122;30122;ITH;ITH4;ITH42;ITH;ITH4;ITH42;
Torviscosa;L309;6;30;30;123;30123;Nord-est;Friuli-Venezia Giulia;Udine;5;30123;30123;30123;ITH;ITH4;ITH42;ITH;ITH4;ITH42;
Trasaghis;L335;6;30;30;124;30124;Nord-est;Friuli-Venezia Giulia;Udine;5;30124;30124;30124;ITH;ITH4;ITH42;ITH;ITH4;ITH42;
Treppo Grande;L382;6;30;30;126;30126;Nord-est;Friuli-Venezia Giulia;Udine;5;30126;30126;30126;ITH;ITH4;ITH42;ITH;ITH4;ITH42;
Tricesimo;L421;6;30;30;127;30127;Nord-est;Friuli-Venezia Giulia;Udine;5;30127;30127;30127;ITH;ITH4;ITH42;ITH;ITH4;ITH42;
Trivignano Udinese;L438;6;30;30;128;30128;Nord-est;Friuli-Venezia Giulia;Udine;5;30128;30128;30128;ITH;ITH4;ITH42;ITH;ITH4;ITH42;
Udine;L483;6;30;30;129;30129;Nord-est;Friuli-Venezia Giulia;Udine;5;30129;30129;30129;ITH;ITH4;ITH42;ITH;ITH4;ITH42;
Varmo;L686;6;30;30;130;30130;Nord-est;Friuli-Venezia Giulia;Udine;5;30130;30130;30130;ITH;ITH4;ITH42;ITH;ITH4;ITH42;
Venzone;L743;6;30;30;131;30131;Nord-est;Friuli-Venezia Giulia;Udine;5;30131;30131;30131;ITH;ITH4;ITH42;ITH;ITH4;ITH42;
Verzegnis;L801;6;30;30;132;30132;Nord-est;Friuli-Venezia Giulia;Udine;5;30132;30132;30132;ITH;ITH4;ITH42;ITH;ITH4;ITH42;
Villa Santina;L909;6;30;30;133;30133;Nord-est;Friuli-Venezia Giulia;Udine;5;30133;30133;30133;ITH;ITH4;ITH42;ITH;ITH4;ITH42;
Visco;M073;6;30;30;135;30135;Nord-est;Friuli-Venezia Giulia;Udine;5;30135;30135;30135;ITH;ITH4;ITH42;ITH;ITH4;ITH42;
Zuglio;M200;6;30;30;136;30136;Nord-est;Friuli-Venezia Giulia;Udine;5;30136;30136;30136;ITH;ITH4;ITH42;ITH;ITH4;ITH42;
Forgaria nel Friuli;D700;6;30;30;137;30137;Nord-est;Friuli-Venezia Giulia;Udine;5;30137;30137;30137;ITH;ITH4;ITH42;ITH;ITH4;ITH42;
Campolongo Tapogliano;M311;6;30;30;138;30138;Nord-est;Friuli-Venezia Giulia;Udine;5;30138;30138;30138;ITH;ITH4;ITH42;ITH;ITH4;ITH42;
Rivignano Teor;M317;6;30;30;188;30188;Nord-est;Friuli-Venezia Giulia;Udine;5;30188;30188;30188;ITH;ITH4;ITH42;ITH;ITH4;ITH42;
Sappada;I421;6;30;30;189;30189;Nord-est;Friuli-Venezia Giulia;Udine;5;25052;25052;25052;ITH;ITH4;ITH42;ITH;ITH4;ITH42;
Fiumicello Villa Vicentina;M400;6;30;30;190;30190;Nord-est;Friuli-Venezia Giulia;Udine;5;30190;30190;30190;ITH;ITH4;ITH42;ITH;ITH4;ITH42;
Treppo Ligosullo;M399;6;30;30;191;30191;Nord-est;Friuli-Venezia Giulia;Udine;5;30191;30191;30191;ITH;ITH4;ITH42;ITH;ITH4;ITH42;
Capriva del Friuli;B712;6;31;31;1;31001;Nord-est;Friuli-Venezia Giulia;Gorizia;5;31001;31001;31001;ITH;ITH4;ITH43;ITH;ITH4;ITH43;
Cormons;D014;6;31;31;2;31002;Nord-est;Friuli-Venezia Giulia;Gorizia;5;31002;31002;31002;ITH;ITH4;ITH43;ITH;ITH4;ITH43;
DoberdÚ del Lago;D312;6;31;31;3;31003;Nord-est;Friuli-Venezia Giulia;Gorizia;5;31003;31003;31003;ITH;ITH4;ITH43;ITH;ITH4;ITH43;
Dolegna del Collio;D321;6;31;31;4;31004;Nord-est;Friuli-Venezia Giulia;Gorizia;5;31004;31004;31004;ITH;ITH4;ITH43;ITH;ITH4;ITH43;
Farra d'Isonzo;D504;6;31;31;5;31005;Nord-est;Friuli-Venezia Giulia;Gorizia;5;31005;31005;31005;ITH;ITH4;ITH43;ITH;ITH4;ITH43;
Fogliano Redipuglia;D645;6;31;31;6;31006;Nord-est;Friuli-Venezia Giulia;Gorizia;5;31006;31006;31006;ITH;ITH4;ITH43;ITH;ITH4;ITH43;
Gorizia;E098;6;31;31;7;31007;Nord-est;Friuli-Venezia Giulia;Gorizia;5;31007;31007;31007;ITH;ITH4;ITH43;ITH;ITH4;ITH43;
Gradisca d'Isonzo;E124;6;31;31;8;31008;Nord-est;Friuli-Venezia Giulia;Gorizia;5;31008;31008;31008;ITH;ITH4;ITH43;ITH;ITH4;ITH43;
Grado;E125;6;31;31;9;31009;Nord-est;Friuli-Venezia Giulia;Gorizia;5;31009;31009;31009;ITH;ITH4;ITH43;ITH;ITH4;ITH43;
Mariano del Friuli;E952;6;31;31;10;31010;Nord-est;Friuli-Venezia Giulia;Gorizia;5;31010;31010;31010;ITH;ITH4;ITH43;ITH;ITH4;ITH43;
Medea;F081;6;31;31;11;31011;Nord-est;Friuli-Venezia Giulia;Gorizia;5;31011;31011;31011;ITH;ITH4;ITH43;ITH;ITH4;ITH43;
Monfalcone;F356;6;31;31;12;31012;Nord-est;Friuli-Venezia Giulia;Gorizia;5;31012;31012;31012;ITH;ITH4;ITH43;ITH;ITH4;ITH43;
Moraro;F710;6;31;31;13;31013;Nord-est;Friuli-Venezia Giulia;Gorizia;5;31013;31013;31013;ITH;ITH4;ITH43;ITH;ITH4;ITH43;
Mossa;F767;6;31;31;14;31014;Nord-est;Friuli-Venezia Giulia;Gorizia;5;31014;31014;31014;ITH;ITH4;ITH43;ITH;ITH4;ITH43;
Romans d'Isonzo;H514;6;31;31;15;31015;Nord-est;Friuli-Venezia Giulia;Gorizia;5;31015;31015;31015;ITH;ITH4;ITH43;ITH;ITH4;ITH43;
Ronchi dei Legionari;H531;6;31;31;16;31016;Nord-est;Friuli-Venezia Giulia;Gorizia;5;31016;31016;31016;ITH;ITH4;ITH43;ITH;ITH4;ITH43;
Sagrado;H665;6;31;31;17;31017;Nord-est;Friuli-Venezia Giulia;Gorizia;5;31017;31017;31017;ITH;ITH4;ITH43;ITH;ITH4;ITH43;
San Canzian d'Isonzo;H787;6;31;31;18;31018;Nord-est;Friuli-Venezia Giulia;Gorizia;5;31018;31018;31018;ITH;ITH4;ITH43;ITH;ITH4;ITH43;
San Floriano del Collio;H845;6;31;31;19;31019;Nord-est;Friuli-Venezia Giulia;Gorizia;5;31019;31019;31019;ITH;ITH4;ITH43;ITH;ITH4;ITH43;
San Lorenzo Isontino;H964;6;31;31;20;31020;Nord-est;Friuli-Venezia Giulia;Gorizia;5;31020;31020;31020;ITH;ITH4;ITH43;ITH;ITH4;ITH43;
San Pier d'Isonzo;I082;6;31;31;21;31021;Nord-est;Friuli-Venezia Giulia;Gorizia;5;31021;31021;31021;ITH;ITH4;ITH43;ITH;ITH4;ITH43;
Savogna d'Isonzo;I479;6;31;31;22;31022;Nord-est;Friuli-Venezia Giulia;Gorizia;5;31022;31022;31022;ITH;ITH4;ITH43;ITH;ITH4;ITH43;
Staranzano;I939;6;31;31;23;31023;Nord-est;Friuli-Venezia Giulia;Gorizia;5;31023;31023;31023;ITH;ITH4;ITH43;ITH;ITH4;ITH43;
Turriaco;L474;6;31;31;24;31024;Nord-est;Friuli-Venezia Giulia;Gorizia;5;31024;31024;31024;ITH;ITH4;ITH43;ITH;ITH4;ITH43;
Villesse;M043;6;31;31;25;31025;Nord-est;Friuli-Venezia Giulia;Gorizia;5;31025;31025;31025;ITH;ITH4;ITH43;ITH;ITH4;ITH43;
Duino Aurisina;D383;6;32;32;1;32001;Nord-est;Friuli-Venezia Giulia;Trieste;5;32001;32001;32001;ITH;ITH4;ITH44;ITH;ITH4;ITH44;
Monrupino;F378;6;32;32;2;32002;Nord-est;Friuli-Venezia Giulia;Trieste;5;32002;32002;32002;ITH;ITH4;ITH44;ITH;ITH4;ITH44;
Muggia;F795;6;32;32;3;32003;Nord-est;Friuli-Venezia Giulia;Trieste;5;32003;32003;32003;ITH;ITH4;ITH44;ITH;ITH4;ITH44;
San Dorligo della Valle;D324;6;32;32;4;32004;Nord-est;Friuli-Venezia Giulia;Trieste;5;32004;32004;32004;ITH;ITH4;ITH44;ITH;ITH4;ITH44;
Sgonico;I715;6;32;32;5;32005;Nord-est;Friuli-Venezia Giulia;Trieste;5;32005;32005;32005;ITH;ITH4;ITH44;ITH;ITH4;ITH44;
Trieste;L424;6;32;32;6;32006;Nord-est;Friuli-Venezia Giulia;Trieste;5;32006;32006;32006;ITH;ITH4;ITH44;ITH;ITH4;ITH44;
Andreis;A283;6;93;93;1;93001;Nord-est;Friuli-Venezia Giulia;Pordenone;5;93001;93001;93001;ITH;ITH4;ITH41;ITH;ITH4;ITH41;
Arba;A354;6;93;93;2;93002;Nord-est;Friuli-Venezia Giulia;Pordenone;5;93002;93002;93002;ITH;ITH4;ITH41;ITH;ITH4;ITH41;
Aviano;A516;6;93;93;4;93004;Nord-est;Friuli-Venezia Giulia;Pordenone;5;93004;93004;93004;ITH;ITH4;ITH41;ITH;ITH4;ITH41;
Azzano Decimo;A530;6;93;93;5;93005;Nord-est;Friuli-Venezia Giulia;Pordenone;5;93005;93005;93005;ITH;ITH4;ITH41;ITH;ITH4;ITH41;
Barcis;A640;6;93;93;6;93006;Nord-est;Friuli-Venezia Giulia;Pordenone;5;93006;93006;93006;ITH;ITH4;ITH41;ITH;ITH4;ITH41;
Brugnera;B215;6;93;93;7;93007;Nord-est;Friuli-Venezia Giulia;Pordenone;5;93007;93007;93007;ITH;ITH4;ITH41;ITH;ITH4;ITH41;
Budoia;B247;6;93;93;8;93008;Nord-est;Friuli-Venezia Giulia;Pordenone;5;93008;93008;93008;ITH;ITH4;ITH41;ITH;ITH4;ITH41;
Caneva;B598;6;93;93;9;93009;Nord-est;Friuli-Venezia Giulia;Pordenone;5;93009;93009;93009;ITH;ITH4;ITH41;ITH;ITH4;ITH41;
Casarsa della Delizia;B940;6;93;93;10;93010;Nord-est;Friuli-Venezia Giulia;Pordenone;5;93010;93010;93010;ITH;ITH4;ITH41;ITH;ITH4;ITH41;
Castelnovo del Friuli;C217;6;93;93;11;93011;Nord-est;Friuli-Venezia Giulia;Pordenone;5;93011;93011;93011;ITH;ITH4;ITH41;ITH;ITH4;ITH41;
Cavasso Nuovo;C385;6;93;93;12;93012;Nord-est;Friuli-Venezia Giulia;Pordenone;5;93012;93012;93012;ITH;ITH4;ITH41;ITH;ITH4;ITH41;
Chions;C640;6;93;93;13;93013;Nord-est;Friuli-Venezia Giulia;Pordenone;5;93013;93013;93013;ITH;ITH4;ITH41;ITH;ITH4;ITH41;
Cimolais;C699;6;93;93;14;93014;Nord-est;Friuli-Venezia Giulia;Pordenone;5;93014;93014;93014;ITH;ITH4;ITH41;ITH;ITH4;ITH41;
Claut;C790;6;93;93;15;93015;Nord-est;Friuli-Venezia Giulia;Pordenone;5;93015;93015;93015;ITH;ITH4;ITH41;ITH;ITH4;ITH41;
Clauzetto;C791;6;93;93;16;93016;Nord-est;Friuli-Venezia Giulia;Pordenone;5;93016;93016;93016;ITH;ITH4;ITH41;ITH;ITH4;ITH41;
Cordenons;C991;6;93;93;17;93017;Nord-est;Friuli-Venezia Giulia;Pordenone;5;93017;93017;93017;ITH;ITH4;ITH41;ITH;ITH4;ITH41;
Cordovado;C993;6;93;93;18;93018;Nord-est;Friuli-Venezia Giulia;Pordenone;5;93018;93018;93018;ITH;ITH4;ITH41;ITH;ITH4;ITH41;
Erto e Casso;D426;6;93;93;19;93019;Nord-est;Friuli-Venezia Giulia;Pordenone;5;93019;93019;93019;ITH;ITH4;ITH41;ITH;ITH4;ITH41;
Fanna;D487;6;93;93;20;93020;Nord-est;Friuli-Venezia Giulia;Pordenone;5;93020;93020;93020;ITH;ITH4;ITH41;ITH;ITH4;ITH41;
Fiume Veneto;D621;6;93;93;21;93021;Nord-est;Friuli-Venezia Giulia;Pordenone;5;93021;93021;93021;ITH;ITH4;ITH41;ITH;ITH4;ITH41;
Fontanafredda;D670;6;93;93;22;93022;Nord-est;Friuli-Venezia Giulia;Pordenone;5;93022;93022;93022;ITH;ITH4;ITH41;ITH;ITH4;ITH41;
Frisanco;D804;6;93;93;24;93024;Nord-est;Friuli-Venezia Giulia;Pordenone;5;93024;93024;93024;ITH;ITH4;ITH41;ITH;ITH4;ITH41;
Maniago;E889;6;93;93;25;93025;Nord-est;Friuli-Venezia Giulia;Pordenone;5;93025;93025;93025;ITH;ITH4;ITH41;ITH;ITH4;ITH41;
Meduno;F089;6;93;93;26;93026;Nord-est;Friuli-Venezia Giulia;Pordenone;5;93026;93026;93026;ITH;ITH4;ITH41;ITH;ITH4;ITH41;
Montereale Valcellina;F596;6;93;93;27;93027;Nord-est;Friuli-Venezia Giulia;Pordenone;5;93027;93027;93027;ITH;ITH4;ITH41;ITH;ITH4;ITH41;
Morsano al Tagliamento;F750;6;93;93;28;93028;Nord-est;Friuli-Venezia Giulia;Pordenone;5;93028;93028;93028;ITH;ITH4;ITH41;ITH;ITH4;ITH41;
Pasiano di Pordenone;G353;6;93;93;29;93029;Nord-est;Friuli-Venezia Giulia;Pordenone;5;93029;93029;93029;ITH;ITH4;ITH41;ITH;ITH4;ITH41;
Pinzano al Tagliamento;G680;6;93;93;30;93030;Nord-est;Friuli-Venezia Giulia;Pordenone;5;93030;93030;93030;ITH;ITH4;ITH41;ITH;ITH4;ITH41;
Polcenigo;G780;6;93;93;31;93031;Nord-est;Friuli-Venezia Giulia;Pordenone;5;93031;93031;93031;ITH;ITH4;ITH41;ITH;ITH4;ITH41;
Porcia;G886;6;93;93;32;93032;Nord-est;Friuli-Venezia Giulia;Pordenone;5;93032;93032;93032;ITH;ITH4;ITH41;ITH;ITH4;ITH41;
Pordenone;G888;6;93;93;33;93033;Nord-est;Friuli-Venezia Giulia;Pordenone;5;93033;93033;93033;ITH;ITH4;ITH41;ITH;ITH4;ITH41;
Prata di Pordenone;G994;6;93;93;34;93034;Nord-est;Friuli-Venezia Giulia;Pordenone;5;93034;93034;93034;ITH;ITH4;ITH41;ITH;ITH4;ITH41;
Pravisdomini;H010;6;93;93;35;93035;Nord-est;Friuli-Venezia Giulia;Pordenone;5;93035;93035;93035;ITH;ITH4;ITH41;ITH;ITH4;ITH41;
Roveredo in Piano;H609;6;93;93;36;93036;Nord-est;Friuli-Venezia Giulia;Pordenone;5;93036;93036;93036;ITH;ITH4;ITH41;ITH;ITH4;ITH41;
Sacile;H657;6;93;93;37;93037;Nord-est;Friuli-Venezia Giulia;Pordenone;5;93037;93037;93037;ITH;ITH4;ITH41;ITH;ITH4;ITH41;
San Giorgio della Richinvelda;H891;6;93;93;38;93038;Nord-est;Friuli-Venezia Giulia;Pordenone;5;93038;93038;93038;ITH;ITH4;ITH41;ITH;ITH4;ITH41;
San Martino al Tagliamento;H999;6;93;93;39;93039;Nord-est;Friuli-Venezia Giulia;Pordenone;5;93039;93039;93039;ITH;ITH4;ITH41;ITH;ITH4;ITH41;
San Quirino;I136;6;93;93;40;93040;Nord-est;Friuli-Venezia Giulia;Pordenone;5;93040;93040;93040;ITH;ITH4;ITH41;ITH;ITH4;ITH41;
San Vito al Tagliamento;I403;6;93;93;41;93041;Nord-est;Friuli-Venezia Giulia;Pordenone;5;93041;93041;93041;ITH;ITH4;ITH41;ITH;ITH4;ITH41;
Sequals;I621;6;93;93;42;93042;Nord-est;Friuli-Venezia Giulia;Pordenone;5;93042;93042;93042;ITH;ITH4;ITH41;ITH;ITH4;ITH41;
Sesto al Reghena;I686;6;93;93;43;93043;Nord-est;Friuli-Venezia Giulia;Pordenone;5;93043;93043;93043;ITH;ITH4;ITH41;ITH;ITH4;ITH41;
Spilimbergo;I904;6;93;93;44;93044;Nord-est;Friuli-Venezia Giulia;Pordenone;5;93044;93044;93044;ITH;ITH4;ITH41;ITH;ITH4;ITH41;
Tramonti di Sopra;L324;6;93;93;45;93045;Nord-est;Friuli-Venezia Giulia;Pordenone;5;93045;93045;93045;ITH;ITH4;ITH41;ITH;ITH4;ITH41;
Tramonti di Sotto;L325;6;93;93;46;93046;Nord-est;Friuli-Venezia Giulia;Pordenone;5;93046;93046;93046;ITH;ITH4;ITH41;ITH;ITH4;ITH41;
Travesio;L347;6;93;93;47;93047;Nord-est;Friuli-Venezia Giulia;Pordenone;5;93047;93047;93047;ITH;ITH4;ITH41;ITH;ITH4;ITH41;
Vito d'Asio;M085;6;93;93;49;93049;Nord-est;Friuli-Venezia Giulia;Pordenone;5;93049;93049;93049;ITH;ITH4;ITH41;ITH;ITH4;ITH41;
Vivaro;M096;6;93;93;50;93050;Nord-est;Friuli-Venezia Giulia;Pordenone;5;93050;93050;93050;ITH;ITH4;ITH41;ITH;ITH4;ITH41;
Zoppola;M190;6;93;93;51;93051;Nord-est;Friuli-Venezia Giulia;Pordenone;5;93051;93051;93051;ITH;ITH4;ITH41;ITH;ITH4;ITH41;
Vajont;M265;6;93;93;52;93052;Nord-est;Friuli-Venezia Giulia;Pordenone;5;93052;93052;93052;ITH;ITH4;ITH41;ITH;ITH4;ITH41;
Valvasone Arzene;M346;6;93;93;53;93053;Nord-est;Friuli-Venezia Giulia;Pordenone;5;93053;93053;93053;ITH;ITH4;ITH41;ITH;ITH4;ITH41;
Airole;A111;7;8;8;1;8001;Nord-ovest;Liguria;Imperia;1;8001;8001;8001;ITC;ITC3;ITC31;ITC;ITC3;ITC31;
Apricale;A338;7;8;8;2;8002;Nord-ovest;Liguria;Imperia;1;8002;8002;8002;ITC;ITC3;ITC31;ITC;ITC3;ITC31;
Aquila d'Arroscia;A344;7;8;8;3;8003;Nord-ovest;Liguria;Imperia;1;8003;8003;8003;ITC;ITC3;ITC31;ITC;ITC3;ITC31;
Armo;A418;7;8;8;4;8004;Nord-ovest;Liguria;Imperia;1;8004;8004;8004;ITC;ITC3;ITC31;ITC;ITC3;ITC31;
Aurigo;A499;7;8;8;5;8005;Nord-ovest;Liguria;Imperia;1;8005;8005;8005;ITC;ITC3;ITC31;ITC;ITC3;ITC31;
Badalucco;A536;7;8;8;6;8006;Nord-ovest;Liguria;Imperia;1;8006;8006;8006;ITC;ITC3;ITC31;ITC;ITC3;ITC31;
Bajardo;A581;7;8;8;7;8007;Nord-ovest;Liguria;Imperia;1;8007;8007;8007;ITC;ITC3;ITC31;ITC;ITC3;ITC31;
Bordighera;A984;7;8;8;8;8008;Nord-ovest;Liguria;Imperia;1;8008;8008;8008;ITC;ITC3;ITC31;ITC;ITC3;ITC31;
Borghetto d'Arroscia;A993;7;8;8;9;8009;Nord-ovest;Liguria;Imperia;1;8009;8009;8009;ITC;ITC3;ITC31;ITC;ITC3;ITC31;
Borgomaro;B020;7;8;8;10;8010;Nord-ovest;Liguria;Imperia;1;8010;8010;8010;ITC;ITC3;ITC31;ITC;ITC3;ITC31;
Camporosso;B559;7;8;8;11;8011;Nord-ovest;Liguria;Imperia;1;8011;8011;8011;ITC;ITC3;ITC31;ITC;ITC3;ITC31;
Caravonica;B734;7;8;8;12;8012;Nord-ovest;Liguria;Imperia;1;8012;8012;8012;ITC;ITC3;ITC31;ITC;ITC3;ITC31;
Castellaro;C143;7;8;8;14;8014;Nord-ovest;Liguria;Imperia;1;8014;8014;8014;ITC;ITC3;ITC31;ITC;ITC3;ITC31;
Castel Vittorio;C110;7;8;8;15;8015;Nord-ovest;Liguria;Imperia;1;8015;8015;8015;ITC;ITC3;ITC31;ITC;ITC3;ITC31;
Ceriana;C511;7;8;8;16;8016;Nord-ovest;Liguria;Imperia;1;8016;8016;8016;ITC;ITC3;ITC31;ITC;ITC3;ITC31;
Cervo;C559;7;8;8;17;8017;Nord-ovest;Liguria;Imperia;1;8017;8017;8017;ITC;ITC3;ITC31;ITC;ITC3;ITC31;
Cesio;C578;7;8;8;18;8018;Nord-ovest;Liguria;Imperia;1;8018;8018;8018;ITC;ITC3;ITC31;ITC;ITC3;ITC31;
Chiusanico;C657;7;8;8;19;8019;Nord-ovest;Liguria;Imperia;1;8019;8019;8019;ITC;ITC3;ITC31;ITC;ITC3;ITC31;
Chiusavecchia;C660;7;8;8;20;8020;Nord-ovest;Liguria;Imperia;1;8020;8020;8020;ITC;ITC3;ITC31;ITC;ITC3;ITC31;
Cipressa;C718;7;8;8;21;8021;Nord-ovest;Liguria;Imperia;1;8021;8021;8021;ITC;ITC3;ITC31;ITC;ITC3;ITC31;
Civezza;C755;7;8;8;22;8022;Nord-ovest;Liguria;Imperia;1;8022;8022;8022;ITC;ITC3;ITC31;ITC;ITC3;ITC31;
Cosio d'Arroscia;D087;7;8;8;23;8023;Nord-ovest;Liguria;Imperia;1;8023;8023;8023;ITC;ITC3;ITC31;ITC;ITC3;ITC31;
Costarainera;D114;7;8;8;24;8024;Nord-ovest;Liguria;Imperia;1;8024;8024;8024;ITC;ITC3;ITC31;ITC;ITC3;ITC31;
Diano Arentino;D293;7;8;8;25;8025;Nord-ovest;Liguria;Imperia;1;8025;8025;8025;ITC;ITC3;ITC31;ITC;ITC3;ITC31;
Diano Castello;D296;7;8;8;26;8026;Nord-ovest;Liguria;Imperia;1;8026;8026;8026;ITC;ITC3;ITC31;ITC;ITC3;ITC31;
Diano Marina;D297;7;8;8;27;8027;Nord-ovest;Liguria;Imperia;1;8027;8027;8027;ITC;ITC3;ITC31;ITC;ITC3;ITC31;
Diano San Pietro;D298;7;8;8;28;8028;Nord-ovest;Liguria;Imperia;1;8028;8028;8028;ITC;ITC3;ITC31;ITC;ITC3;ITC31;
Dolceacqua;D318;7;8;8;29;8029;Nord-ovest;Liguria;Imperia;1;8029;8029;8029;ITC;ITC3;ITC31;ITC;ITC3;ITC31;
Dolcedo;D319;7;8;8;30;8030;Nord-ovest;Liguria;Imperia;1;8030;8030;8030;ITC;ITC3;ITC31;ITC;ITC3;ITC31;
Imperia;E290;7;8;8;31;8031;Nord-ovest;Liguria;Imperia;1;8031;8031;8031;ITC;ITC3;ITC31;ITC;ITC3;ITC31;
Isolabona;E346;7;8;8;32;8032;Nord-ovest;Liguria;Imperia;1;8032;8032;8032;ITC;ITC3;ITC31;ITC;ITC3;ITC31;
Lucinasco;E719;7;8;8;33;8033;Nord-ovest;Liguria;Imperia;1;8033;8033;8033;ITC;ITC3;ITC31;ITC;ITC3;ITC31;
Mendatica;F123;7;8;8;34;8034;Nord-ovest;Liguria;Imperia;1;8034;8034;8034;ITC;ITC3;ITC31;ITC;ITC3;ITC31;
Molini di Triora;F290;7;8;8;35;8035;Nord-ovest;Liguria;Imperia;1;8035;8035;8035;ITC;ITC3;ITC31;ITC;ITC3;ITC31;
Montegrosso Pian Latte;F528;7;8;8;37;8037;Nord-ovest;Liguria;Imperia;1;8037;8037;8037;ITC;ITC3;ITC31;ITC;ITC3;ITC31;
Olivetta San Michele;G041;7;8;8;38;8038;Nord-ovest;Liguria;Imperia;1;8038;8038;8038;ITC;ITC3;ITC31;ITC;ITC3;ITC31;
Ospedaletti;G164;7;8;8;39;8039;Nord-ovest;Liguria;Imperia;1;8039;8039;8039;ITC;ITC3;ITC31;ITC;ITC3;ITC31;
Perinaldo;G454;7;8;8;40;8040;Nord-ovest;Liguria;Imperia;1;8040;8040;8040;ITC;ITC3;ITC31;ITC;ITC3;ITC31;
Pietrabruna;G607;7;8;8;41;8041;Nord-ovest;Liguria;Imperia;1;8041;8041;8041;ITC;ITC3;ITC31;ITC;ITC3;ITC31;
Pieve di Teco;G632;7;8;8;42;8042;Nord-ovest;Liguria;Imperia;1;8042;8042;8042;ITC;ITC3;ITC31;ITC;ITC3;ITC31;
Pigna;G660;7;8;8;43;8043;Nord-ovest;Liguria;Imperia;1;8043;8043;8043;ITC;ITC3;ITC31;ITC;ITC3;ITC31;
Pompeiana;G814;7;8;8;44;8044;Nord-ovest;Liguria;Imperia;1;8044;8044;8044;ITC;ITC3;ITC31;ITC;ITC3;ITC31;
Pontedassio;G840;7;8;8;45;8045;Nord-ovest;Liguria;Imperia;1;8045;8045;8045;ITC;ITC3;ITC31;ITC;ITC3;ITC31;
Pornassio;G890;7;8;8;46;8046;Nord-ovest;Liguria;Imperia;1;8046;8046;8046;ITC;ITC3;ITC31;ITC;ITC3;ITC31;
Prel‡;H027;7;8;8;47;8047;Nord-ovest;Liguria;Imperia;1;8047;8047;8047;ITC;ITC3;ITC31;ITC;ITC3;ITC31;
Ranzo;H180;7;8;8;48;8048;Nord-ovest;Liguria;Imperia;1;8048;8048;8048;ITC;ITC3;ITC31;ITC;ITC3;ITC31;
Rezzo;H257;7;8;8;49;8049;Nord-ovest;Liguria;Imperia;1;8049;8049;8049;ITC;ITC3;ITC31;ITC;ITC3;ITC31;
Riva Ligure;H328;7;8;8;50;8050;Nord-ovest;Liguria;Imperia;1;8050;8050;8050;ITC;ITC3;ITC31;ITC;ITC3;ITC31;
Rocchetta Nervina;H460;7;8;8;51;8051;Nord-ovest;Liguria;Imperia;1;8051;8051;8051;ITC;ITC3;ITC31;ITC;ITC3;ITC31;
San Bartolomeo al Mare;H763;7;8;8;52;8052;Nord-ovest;Liguria;Imperia;1;8052;8052;8052;ITC;ITC3;ITC31;ITC;ITC3;ITC31;
San Biagio della Cima;H780;7;8;8;53;8053;Nord-ovest;Liguria;Imperia;1;8053;8053;8053;ITC;ITC3;ITC31;ITC;ITC3;ITC31;
San Lorenzo al Mare;H957;7;8;8;54;8054;Nord-ovest;Liguria;Imperia;1;8054;8054;8054;ITC;ITC3;ITC31;ITC;ITC3;ITC31;
Sanremo;I138;7;8;8;55;8055;Nord-ovest;Liguria;Imperia;1;8055;8055;8055;ITC;ITC3;ITC31;ITC;ITC3;ITC31;
Santo Stefano al Mare;I365;7;8;8;56;8056;Nord-ovest;Liguria;Imperia;1;8056;8056;8056;ITC;ITC3;ITC31;ITC;ITC3;ITC31;
Seborga;I556;7;8;8;57;8057;Nord-ovest;Liguria;Imperia;1;8057;8057;8057;ITC;ITC3;ITC31;ITC;ITC3;ITC31;
Soldano;I796;7;8;8;58;8058;Nord-ovest;Liguria;Imperia;1;8058;8058;8058;ITC;ITC3;ITC31;ITC;ITC3;ITC31;
Taggia;L024;7;8;8;59;8059;Nord-ovest;Liguria;Imperia;1;8059;8059;8059;ITC;ITC3;ITC31;ITC;ITC3;ITC31;
Terzorio;L146;7;8;8;60;8060;Nord-ovest;Liguria;Imperia;1;8060;8060;8060;ITC;ITC3;ITC31;ITC;ITC3;ITC31;
Triora;L430;7;8;8;61;8061;Nord-ovest;Liguria;Imperia;1;8061;8061;8061;ITC;ITC3;ITC31;ITC;ITC3;ITC31;
Vallebona;L596;7;8;8;62;8062;Nord-ovest;Liguria;Imperia;1;8062;8062;8062;ITC;ITC3;ITC31;ITC;ITC3;ITC31;
Vallecrosia;L599;7;8;8;63;8063;Nord-ovest;Liguria;Imperia;1;8063;8063;8063;ITC;ITC3;ITC31;ITC;ITC3;ITC31;
Vasia;L693;7;8;8;64;8064;Nord-ovest;Liguria;Imperia;1;8064;8064;8064;ITC;ITC3;ITC31;ITC;ITC3;ITC31;
Ventimiglia;L741;7;8;8;65;8065;Nord-ovest;Liguria;Imperia;1;8065;8065;8065;ITC;ITC3;ITC31;ITC;ITC3;ITC31;
Vessalico;L809;7;8;8;66;8066;Nord-ovest;Liguria;Imperia;1;8066;8066;8066;ITC;ITC3;ITC31;ITC;ITC3;ITC31;
Villa Faraldi;L943;7;8;8;67;8067;Nord-ovest;Liguria;Imperia;1;8067;8067;8067;ITC;ITC3;ITC31;ITC;ITC3;ITC31;
Montalto Carpasio;M387;7;8;8;68;8068;Nord-ovest;Liguria;Imperia;1;8068;8068;8068;ITC;ITC3;ITC31;ITC;ITC3;ITC31;
Alassio;A122;7;9;9;1;9001;Nord-ovest;Liguria;Savona;1;9001;9001;9001;ITC;ITC3;ITC32;ITC;ITC3;ITC32;
Albenga;A145;7;9;9;2;9002;Nord-ovest;Liguria;Savona;1;9002;9002;9002;ITC;ITC3;ITC32;ITC;ITC3;ITC32;
Albissola Marina;A165;7;9;9;3;9003;Nord-ovest;Liguria;Savona;1;9003;9003;9003;ITC;ITC3;ITC32;ITC;ITC3;ITC32;
Albisola Superiore;A166;7;9;9;4;9004;Nord-ovest;Liguria;Savona;1;9004;9004;9004;ITC;ITC3;ITC32;ITC;ITC3;ITC32;
Altare;A226;7;9;9;5;9005;Nord-ovest;Liguria;Savona;1;9005;9005;9005;ITC;ITC3;ITC32;ITC;ITC3;ITC32;
Andora;A278;7;9;9;6;9006;Nord-ovest;Liguria;Savona;1;9006;9006;9006;ITC;ITC3;ITC32;ITC;ITC3;ITC32;
Arnasco;A422;7;9;9;7;9007;Nord-ovest;Liguria;Savona;1;9007;9007;9007;ITC;ITC3;ITC32;ITC;ITC3;ITC32;
Balestrino;A593;7;9;9;8;9008;Nord-ovest;Liguria;Savona;1;9008;9008;9008;ITC;ITC3;ITC32;ITC;ITC3;ITC32;
Bardineto;A647;7;9;9;9;9009;Nord-ovest;Liguria;Savona;1;9009;9009;9009;ITC;ITC3;ITC32;ITC;ITC3;ITC32;
Bergeggi;A796;7;9;9;10;9010;Nord-ovest;Liguria;Savona;1;9010;9010;9010;ITC;ITC3;ITC32;ITC;ITC3;ITC32;
Boissano;A931;7;9;9;11;9011;Nord-ovest;Liguria;Savona;1;9011;9011;9011;ITC;ITC3;ITC32;ITC;ITC3;ITC32;
Borghetto Santo Spirito;A999;7;9;9;12;9012;Nord-ovest;Liguria;Savona;1;9012;9012;9012;ITC;ITC3;ITC32;ITC;ITC3;ITC32;
Borgio Verezzi;B005;7;9;9;13;9013;Nord-ovest;Liguria;Savona;1;9013;9013;9013;ITC;ITC3;ITC32;ITC;ITC3;ITC32;
Bormida;B048;7;9;9;14;9014;Nord-ovest;Liguria;Savona;1;9014;9014;9014;ITC;ITC3;ITC32;ITC;ITC3;ITC32;
Cairo Montenotte;B369;7;9;9;15;9015;Nord-ovest;Liguria;Savona;1;9015;9015;9015;ITC;ITC3;ITC32;ITC;ITC3;ITC32;
Calice Ligure;B409;7;9;9;16;9016;Nord-ovest;Liguria;Savona;1;9016;9016;9016;ITC;ITC3;ITC32;ITC;ITC3;ITC32;
Calizzano;B416;7;9;9;17;9017;Nord-ovest;Liguria;Savona;1;9017;9017;9017;ITC;ITC3;ITC32;ITC;ITC3;ITC32;
Carcare;B748;7;9;9;18;9018;Nord-ovest;Liguria;Savona;1;9018;9018;9018;ITC;ITC3;ITC32;ITC;ITC3;ITC32;
Casanova Lerrone;B927;7;9;9;19;9019;Nord-ovest;Liguria;Savona;1;9019;9019;9019;ITC;ITC3;ITC32;ITC;ITC3;ITC32;
Castelbianco;C063;7;9;9;20;9020;Nord-ovest;Liguria;Savona;1;9020;9020;9020;ITC;ITC3;ITC32;ITC;ITC3;ITC32;
Castelvecchio di Rocca Barbena;C276;7;9;9;21;9021;Nord-ovest;Liguria;Savona;1;9021;9021;9021;ITC;ITC3;ITC32;ITC;ITC3;ITC32;
Celle Ligure;C443;7;9;9;22;9022;Nord-ovest;Liguria;Savona;1;9022;9022;9022;ITC;ITC3;ITC32;ITC;ITC3;ITC32;
Cengio;C463;7;9;9;23;9023;Nord-ovest;Liguria;Savona;1;9023;9023;9023;ITC;ITC3;ITC32;ITC;ITC3;ITC32;
Ceriale;C510;7;9;9;24;9024;Nord-ovest;Liguria;Savona;1;9024;9024;9024;ITC;ITC3;ITC32;ITC;ITC3;ITC32;
Cisano sul Neva;C729;7;9;9;25;9025;Nord-ovest;Liguria;Savona;1;9025;9025;9025;ITC;ITC3;ITC32;ITC;ITC3;ITC32;
Cosseria;D095;7;9;9;26;9026;Nord-ovest;Liguria;Savona;1;9026;9026;9026;ITC;ITC3;ITC32;ITC;ITC3;ITC32;
Dego;D264;7;9;9;27;9027;Nord-ovest;Liguria;Savona;1;9027;9027;9027;ITC;ITC3;ITC32;ITC;ITC3;ITC32;
Erli;D424;7;9;9;28;9028;Nord-ovest;Liguria;Savona;1;9028;9028;9028;ITC;ITC3;ITC32;ITC;ITC3;ITC32;
Finale Ligure;D600;7;9;9;29;9029;Nord-ovest;Liguria;Savona;1;9029;9029;9029;ITC;ITC3;ITC32;ITC;ITC3;ITC32;
Garlenda;D927;7;9;9;30;9030;Nord-ovest;Liguria;Savona;1;9030;9030;9030;ITC;ITC3;ITC32;ITC;ITC3;ITC32;
Giustenice;E064;7;9;9;31;9031;Nord-ovest;Liguria;Savona;1;9031;9031;9031;ITC;ITC3;ITC32;ITC;ITC3;ITC32;
Giusvalla;E066;7;9;9;32;9032;Nord-ovest;Liguria;Savona;1;9032;9032;9032;ITC;ITC3;ITC32;ITC;ITC3;ITC32;
Laigueglia;E414;7;9;9;33;9033;Nord-ovest;Liguria;Savona;1;9033;9033;9033;ITC;ITC3;ITC32;ITC;ITC3;ITC32;
Loano;E632;7;9;9;34;9034;Nord-ovest;Liguria;Savona;1;9034;9034;9034;ITC;ITC3;ITC32;ITC;ITC3;ITC32;
Magliolo;E816;7;9;9;35;9035;Nord-ovest;Liguria;Savona;1;9035;9035;9035;ITC;ITC3;ITC32;ITC;ITC3;ITC32;
Mallare;E860;7;9;9;36;9036;Nord-ovest;Liguria;Savona;1;9036;9036;9036;ITC;ITC3;ITC32;ITC;ITC3;ITC32;
Massimino;F046;7;9;9;37;9037;Nord-ovest;Liguria;Savona;1;9037;9037;9037;ITC;ITC3;ITC32;ITC;ITC3;ITC32;
Millesimo;F213;7;9;9;38;9038;Nord-ovest;Liguria;Savona;1;9038;9038;9038;ITC;ITC3;ITC32;ITC;ITC3;ITC32;
Mioglia;F226;7;9;9;39;9039;Nord-ovest;Liguria;Savona;1;9039;9039;9039;ITC;ITC3;ITC32;ITC;ITC3;ITC32;
Murialdo;F813;7;9;9;40;9040;Nord-ovest;Liguria;Savona;1;9040;9040;9040;ITC;ITC3;ITC32;ITC;ITC3;ITC32;
Nasino;F847;7;9;9;41;9041;Nord-ovest;Liguria;Savona;1;9041;9041;9041;ITC;ITC3;ITC32;ITC;ITC3;ITC32;
Noli;F926;7;9;9;42;9042;Nord-ovest;Liguria;Savona;1;9042;9042;9042;ITC;ITC3;ITC32;ITC;ITC3;ITC32;
Onzo;G076;7;9;9;43;9043;Nord-ovest;Liguria;Savona;1;9043;9043;9043;ITC;ITC3;ITC32;ITC;ITC3;ITC32;
Orco Feglino;D522;7;9;9;44;9044;Nord-ovest;Liguria;Savona;1;9044;9044;9044;ITC;ITC3;ITC32;ITC;ITC3;ITC32;
Ortovero;G144;7;9;9;45;9045;Nord-ovest;Liguria;Savona;1;9045;9045;9045;ITC;ITC3;ITC32;ITC;ITC3;ITC32;
Osiglia;G155;7;9;9;46;9046;Nord-ovest;Liguria;Savona;1;9046;9046;9046;ITC;ITC3;ITC32;ITC;ITC3;ITC32;
Pallare;G281;7;9;9;47;9047;Nord-ovest;Liguria;Savona;1;9047;9047;9047;ITC;ITC3;ITC32;ITC;ITC3;ITC32;
Piana Crixia;G542;7;9;9;48;9048;Nord-ovest;Liguria;Savona;1;9048;9048;9048;ITC;ITC3;ITC32;ITC;ITC3;ITC32;
Pietra Ligure;G605;7;9;9;49;9049;Nord-ovest;Liguria;Savona;1;9049;9049;9049;ITC;ITC3;ITC32;ITC;ITC3;ITC32;
Plodio;G741;7;9;9;50;9050;Nord-ovest;Liguria;Savona;1;9050;9050;9050;ITC;ITC3;ITC32;ITC;ITC3;ITC32;
Pontinvrea;G866;7;9;9;51;9051;Nord-ovest;Liguria;Savona;1;9051;9051;9051;ITC;ITC3;ITC32;ITC;ITC3;ITC32;
Quiliano;H126;7;9;9;52;9052;Nord-ovest;Liguria;Savona;1;9052;9052;9052;ITC;ITC3;ITC32;ITC;ITC3;ITC32;
Rialto;H266;7;9;9;53;9053;Nord-ovest;Liguria;Savona;1;9053;9053;9053;ITC;ITC3;ITC32;ITC;ITC3;ITC32;
Roccavignale;H452;7;9;9;54;9054;Nord-ovest;Liguria;Savona;1;9054;9054;9054;ITC;ITC3;ITC32;ITC;ITC3;ITC32;
Sassello;I453;7;9;9;55;9055;Nord-ovest;Liguria;Savona;1;9055;9055;9055;ITC;ITC3;ITC32;ITC;ITC3;ITC32;
Savona;I480;7;9;9;56;9056;Nord-ovest;Liguria;Savona;1;9056;9056;9056;ITC;ITC3;ITC32;ITC;ITC3;ITC32;
Spotorno;I926;7;9;9;57;9057;Nord-ovest;Liguria;Savona;1;9057;9057;9057;ITC;ITC3;ITC32;ITC;ITC3;ITC32;
Stella;I946;7;9;9;58;9058;Nord-ovest;Liguria;Savona;1;9058;9058;9058;ITC;ITC3;ITC32;ITC;ITC3;ITC32;
Stellanello;I947;7;9;9;59;9059;Nord-ovest;Liguria;Savona;1;9059;9059;9059;ITC;ITC3;ITC32;ITC;ITC3;ITC32;
Testico;L152;7;9;9;60;9060;Nord-ovest;Liguria;Savona;1;9060;9060;9060;ITC;ITC3;ITC32;ITC;ITC3;ITC32;
Toirano;L190;7;9;9;61;9061;Nord-ovest;Liguria;Savona;1;9061;9061;9061;ITC;ITC3;ITC32;ITC;ITC3;ITC32;
Tovo San Giacomo;L315;7;9;9;62;9062;Nord-ovest;Liguria;Savona;1;9062;9062;9062;ITC;ITC3;ITC32;ITC;ITC3;ITC32;
Urbe;L499;7;9;9;63;9063;Nord-ovest;Liguria;Savona;1;9063;9063;9063;ITC;ITC3;ITC32;ITC;ITC3;ITC32;
Vado Ligure;L528;7;9;9;64;9064;Nord-ovest;Liguria;Savona;1;9064;9064;9064;ITC;ITC3;ITC32;ITC;ITC3;ITC32;
Varazze;L675;7;9;9;65;9065;Nord-ovest;Liguria;Savona;1;9065;9065;9065;ITC;ITC3;ITC32;ITC;ITC3;ITC32;
Vendone;L730;7;9;9;66;9066;Nord-ovest;Liguria;Savona;1;9066;9066;9066;ITC;ITC3;ITC32;ITC;ITC3;ITC32;
Vezzi Portio;L823;7;9;9;67;9067;Nord-ovest;Liguria;Savona;1;9067;9067;9067;ITC;ITC3;ITC32;ITC;ITC3;ITC32;
Villanova d'Albenga;L975;7;9;9;68;9068;Nord-ovest;Liguria;Savona;1;9068;9068;9068;ITC;ITC3;ITC32;ITC;ITC3;ITC32;
Zuccarello;M197;7;9;9;69;9069;Nord-ovest;Liguria;Savona;1;9069;9069;9069;ITC;ITC3;ITC32;ITC;ITC3;ITC32;
Arenzano;A388;7;210;10;1;10001;Nord-ovest;Liguria;Genova;3;10001;10001;10001;ITC;ITC3;ITC33;ITC;ITC3;ITC33;
Avegno;A506;7;210;10;2;10002;Nord-ovest;Liguria;Genova;3;10002;10002;10002;ITC;ITC3;ITC33;ITC;ITC3;ITC33;
Bargagli;A658;7;210;10;3;10003;Nord-ovest;Liguria;Genova;3;10003;10003;10003;ITC;ITC3;ITC33;ITC;ITC3;ITC33;
Bogliasco;A922;7;210;10;4;10004;Nord-ovest;Liguria;Genova;3;10004;10004;10004;ITC;ITC3;ITC33;ITC;ITC3;ITC33;
Borzonasca;B067;7;210;10;5;10005;Nord-ovest;Liguria;Genova;3;10005;10005;10005;ITC;ITC3;ITC33;ITC;ITC3;ITC33;
Busalla;B282;7;210;10;6;10006;Nord-ovest;Liguria;Genova;3;10006;10006;10006;ITC;ITC3;ITC33;ITC;ITC3;ITC33;
Camogli;B490;7;210;10;7;10007;Nord-ovest;Liguria;Genova;3;10007;10007;10007;ITC;ITC3;ITC33;ITC;ITC3;ITC33;
Campo Ligure;B538;7;210;10;8;10008;Nord-ovest;Liguria;Genova;3;10008;10008;10008;ITC;ITC3;ITC33;ITC;ITC3;ITC33;
Campomorone;B551;7;210;10;9;10009;Nord-ovest;Liguria;Genova;3;10009;10009;10009;ITC;ITC3;ITC33;ITC;ITC3;ITC33;
Carasco;B726;7;210;10;10;10010;Nord-ovest;Liguria;Genova;3;10010;10010;10010;ITC;ITC3;ITC33;ITC;ITC3;ITC33;
Casarza Ligure;B939;7;210;10;11;10011;Nord-ovest;Liguria;Genova;3;10011;10011;10011;ITC;ITC3;ITC33;ITC;ITC3;ITC33;
Casella;B956;7;210;10;12;10012;Nord-ovest;Liguria;Genova;3;10012;10012;10012;ITC;ITC3;ITC33;ITC;ITC3;ITC33;
Castiglione Chiavarese;C302;7;210;10;13;10013;Nord-ovest;Liguria;Genova;3;10013;10013;10013;ITC;ITC3;ITC33;ITC;ITC3;ITC33;
Ceranesi;C481;7;210;10;14;10014;Nord-ovest;Liguria;Genova;3;10014;10014;10014;ITC;ITC3;ITC33;ITC;ITC3;ITC33;
Chiavari;C621;7;210;10;15;10015;Nord-ovest;Liguria;Genova;3;10015;10015;10015;ITC;ITC3;ITC33;ITC;ITC3;ITC33;
Cicagna;C673;7;210;10;16;10016;Nord-ovest;Liguria;Genova;3;10016;10016;10016;ITC;ITC3;ITC33;ITC;ITC3;ITC33;
Cogoleto;C823;7;210;10;17;10017;Nord-ovest;Liguria;Genova;3;10017;10017;10017;ITC;ITC3;ITC33;ITC;ITC3;ITC33;
Cogorno;C826;7;210;10;18;10018;Nord-ovest;Liguria;Genova;3;10018;10018;10018;ITC;ITC3;ITC33;ITC;ITC3;ITC33;
Coreglia Ligure;C995;7;210;10;19;10019;Nord-ovest;Liguria;Genova;3;10019;10019;10019;ITC;ITC3;ITC33;ITC;ITC3;ITC33;
Crocefieschi;D175;7;210;10;20;10020;Nord-ovest;Liguria;Genova;3;10020;10020;10020;ITC;ITC3;ITC33;ITC;ITC3;ITC33;
Davagna;D255;7;210;10;21;10021;Nord-ovest;Liguria;Genova;3;10021;10021;10021;ITC;ITC3;ITC33;ITC;ITC3;ITC33;
Fascia;D509;7;210;10;22;10022;Nord-ovest;Liguria;Genova;3;10022;10022;10022;ITC;ITC3;ITC33;ITC;ITC3;ITC33;
Favale di Malvaro;D512;7;210;10;23;10023;Nord-ovest;Liguria;Genova;3;10023;10023;10023;ITC;ITC3;ITC33;ITC;ITC3;ITC33;
Fontanigorda;D677;7;210;10;24;10024;Nord-ovest;Liguria;Genova;3;10024;10024;10024;ITC;ITC3;ITC33;ITC;ITC3;ITC33;
Genova;D969;7;210;10;25;10025;Nord-ovest;Liguria;Genova;3;10025;10025;10025;ITC;ITC3;ITC33;ITC;ITC3;ITC33;
Gorreto;E109;7;210;10;26;10026;Nord-ovest;Liguria;Genova;3;10026;10026;10026;ITC;ITC3;ITC33;ITC;ITC3;ITC33;
Isola del Cantone;E341;7;210;10;27;10027;Nord-ovest;Liguria;Genova;3;10027;10027;10027;ITC;ITC3;ITC33;ITC;ITC3;ITC33;
Lavagna;E488;7;210;10;28;10028;Nord-ovest;Liguria;Genova;3;10028;10028;10028;ITC;ITC3;ITC33;ITC;ITC3;ITC33;
Leivi;E519;7;210;10;29;10029;Nord-ovest;Liguria;Genova;3;10029;10029;10029;ITC;ITC3;ITC33;ITC;ITC3;ITC33;
Lorsica;E695;7;210;10;30;10030;Nord-ovest;Liguria;Genova;3;10030;10030;10030;ITC;ITC3;ITC33;ITC;ITC3;ITC33;
Lumarzo;E737;7;210;10;31;10031;Nord-ovest;Liguria;Genova;3;10031;10031;10031;ITC;ITC3;ITC33;ITC;ITC3;ITC33;
Masone;F020;7;210;10;32;10032;Nord-ovest;Liguria;Genova;3;10032;10032;10032;ITC;ITC3;ITC33;ITC;ITC3;ITC33;
Mele;F098;7;210;10;33;10033;Nord-ovest;Liguria;Genova;3;10033;10033;10033;ITC;ITC3;ITC33;ITC;ITC3;ITC33;
Mezzanego;F173;7;210;10;34;10034;Nord-ovest;Liguria;Genova;3;10034;10034;10034;ITC;ITC3;ITC33;ITC;ITC3;ITC33;
Mignanego;F202;7;210;10;35;10035;Nord-ovest;Liguria;Genova;3;10035;10035;10035;ITC;ITC3;ITC33;ITC;ITC3;ITC33;
Moconesi;F256;7;210;10;36;10036;Nord-ovest;Liguria;Genova;3;10036;10036;10036;ITC;ITC3;ITC33;ITC;ITC3;ITC33;
Moneglia;F354;7;210;10;37;10037;Nord-ovest;Liguria;Genova;3;10037;10037;10037;ITC;ITC3;ITC33;ITC;ITC3;ITC33;
Montebruno;F445;7;210;10;38;10038;Nord-ovest;Liguria;Genova;3;10038;10038;10038;ITC;ITC3;ITC33;ITC;ITC3;ITC33;
Montoggio;F682;7;210;10;39;10039;Nord-ovest;Liguria;Genova;3;10039;10039;10039;ITC;ITC3;ITC33;ITC;ITC3;ITC33;
Ne;F858;7;210;10;40;10040;Nord-ovest;Liguria;Genova;3;10040;10040;10040;ITC;ITC3;ITC33;ITC;ITC3;ITC33;
Neirone;F862;7;210;10;41;10041;Nord-ovest;Liguria;Genova;3;10041;10041;10041;ITC;ITC3;ITC33;ITC;ITC3;ITC33;
Orero;G093;7;210;10;42;10042;Nord-ovest;Liguria;Genova;3;10042;10042;10042;ITC;ITC3;ITC33;ITC;ITC3;ITC33;
Pieve Ligure;G646;7;210;10;43;10043;Nord-ovest;Liguria;Genova;3;10043;10043;10043;ITC;ITC3;ITC33;ITC;ITC3;ITC33;
Portofino;G913;7;210;10;44;10044;Nord-ovest;Liguria;Genova;3;10044;10044;10044;ITC;ITC3;ITC33;ITC;ITC3;ITC33;
Propata;H073;7;210;10;45;10045;Nord-ovest;Liguria;Genova;3;10045;10045;10045;ITC;ITC3;ITC33;ITC;ITC3;ITC33;
Rapallo;H183;7;210;10;46;10046;Nord-ovest;Liguria;Genova;3;10046;10046;10046;ITC;ITC3;ITC33;ITC;ITC3;ITC33;
Recco;H212;7;210;10;47;10047;Nord-ovest;Liguria;Genova;3;10047;10047;10047;ITC;ITC3;ITC33;ITC;ITC3;ITC33;
Rezzoaglio;H258;7;210;10;48;10048;Nord-ovest;Liguria;Genova;3;10048;10048;10048;ITC;ITC3;ITC33;ITC;ITC3;ITC33;
Ronco Scrivia;H536;7;210;10;49;10049;Nord-ovest;Liguria;Genova;3;10049;10049;10049;ITC;ITC3;ITC33;ITC;ITC3;ITC33;
Rondanina;H546;7;210;10;50;10050;Nord-ovest;Liguria;Genova;3;10050;10050;10050;ITC;ITC3;ITC33;ITC;ITC3;ITC33;
Rossiglione;H581;7;210;10;51;10051;Nord-ovest;Liguria;Genova;3;10051;10051;10051;ITC;ITC3;ITC33;ITC;ITC3;ITC33;
Rovegno;H599;7;210;10;52;10052;Nord-ovest;Liguria;Genova;3;10052;10052;10052;ITC;ITC3;ITC33;ITC;ITC3;ITC33;
San Colombano Certenoli;H802;7;210;10;53;10053;Nord-ovest;Liguria;Genova;3;10053;10053;10053;ITC;ITC3;ITC33;ITC;ITC3;ITC33;
Santa Margherita Ligure;I225;7;210;10;54;10054;Nord-ovest;Liguria;Genova;3;10054;10054;10054;ITC;ITC3;ITC33;ITC;ITC3;ITC33;
Sant'Olcese;I346;7;210;10;55;10055;Nord-ovest;Liguria;Genova;3;10055;10055;10055;ITC;ITC3;ITC33;ITC;ITC3;ITC33;
Santo Stefano d'Aveto;I368;7;210;10;56;10056;Nord-ovest;Liguria;Genova;3;10056;10056;10056;ITC;ITC3;ITC33;ITC;ITC3;ITC33;
Savignone;I475;7;210;10;57;10057;Nord-ovest;Liguria;Genova;3;10057;10057;10057;ITC;ITC3;ITC33;ITC;ITC3;ITC33;
Serra RiccÚ;I640;7;210;10;58;10058;Nord-ovest;Liguria;Genova;3;10058;10058;10058;ITC;ITC3;ITC33;ITC;ITC3;ITC33;
Sestri Levante;I693;7;210;10;59;10059;Nord-ovest;Liguria;Genova;3;10059;10059;10059;ITC;ITC3;ITC33;ITC;ITC3;ITC33;
Sori;I852;7;210;10;60;10060;Nord-ovest;Liguria;Genova;3;10060;10060;10060;ITC;ITC3;ITC33;ITC;ITC3;ITC33;
Tiglieto;L167;7;210;10;61;10061;Nord-ovest;Liguria;Genova;3;10061;10061;10061;ITC;ITC3;ITC33;ITC;ITC3;ITC33;
Torriglia;L298;7;210;10;62;10062;Nord-ovest;Liguria;Genova;3;10062;10062;10062;ITC;ITC3;ITC33;ITC;ITC3;ITC33;
Tribogna;L416;7;210;10;63;10063;Nord-ovest;Liguria;Genova;3;10063;10063;10063;ITC;ITC3;ITC33;ITC;ITC3;ITC33;
Uscio;L507;7;210;10;64;10064;Nord-ovest;Liguria;Genova;3;10064;10064;10064;ITC;ITC3;ITC33;ITC;ITC3;ITC33;
Valbrevenna;L546;7;210;10;65;10065;Nord-ovest;Liguria;Genova;3;10065;10065;10065;ITC;ITC3;ITC33;ITC;ITC3;ITC33;
Vobbia;M105;7;210;10;66;10066;Nord-ovest;Liguria;Genova;3;10066;10066;10066;ITC;ITC3;ITC33;ITC;ITC3;ITC33;
Zoagli;M182;7;210;10;67;10067;Nord-ovest;Liguria;Genova;3;10067;10067;10067;ITC;ITC3;ITC33;ITC;ITC3;ITC33;
Ameglia;A261;7;11;11;1;11001;Nord-ovest;Liguria;La Spezia;1;11001;11001;11001;ITC;ITC3;ITC34;ITC;ITC3;ITC34;
Arcola;A373;7;11;11;2;11002;Nord-ovest;Liguria;La Spezia;1;11002;11002;11002;ITC;ITC3;ITC34;ITC;ITC3;ITC34;
Beverino;A836;7;11;11;3;11003;Nord-ovest;Liguria;La Spezia;1;11003;11003;11003;ITC;ITC3;ITC34;ITC;ITC3;ITC34;
Bolano;A932;7;11;11;4;11004;Nord-ovest;Liguria;La Spezia;1;11004;11004;11004;ITC;ITC3;ITC34;ITC;ITC3;ITC34;
Bonassola;A961;7;11;11;5;11005;Nord-ovest;Liguria;La Spezia;1;11005;11005;11005;ITC;ITC3;ITC34;ITC;ITC3;ITC34;
Borghetto di Vara;A992;7;11;11;6;11006;Nord-ovest;Liguria;La Spezia;1;11006;11006;11006;ITC;ITC3;ITC34;ITC;ITC3;ITC34;
Brugnato;B214;7;11;11;7;11007;Nord-ovest;Liguria;La Spezia;1;11007;11007;11007;ITC;ITC3;ITC34;ITC;ITC3;ITC34;
Calice al Cornoviglio;B410;7;11;11;8;11008;Nord-ovest;Liguria;La Spezia;1;11008;11008;11008;ITC;ITC3;ITC34;ITC;ITC3;ITC34;
Carro;B838;7;11;11;9;11009;Nord-ovest;Liguria;La Spezia;1;11009;11009;11009;ITC;ITC3;ITC34;ITC;ITC3;ITC34;
Carrodano;B839;7;11;11;10;11010;Nord-ovest;Liguria;La Spezia;1;11010;11010;11010;ITC;ITC3;ITC34;ITC;ITC3;ITC34;
Castelnuovo Magra;C240;7;11;11;11;11011;Nord-ovest;Liguria;La Spezia;1;11011;11011;11011;ITC;ITC3;ITC34;ITC;ITC3;ITC34;
Deiva Marina;D265;7;11;11;12;11012;Nord-ovest;Liguria;La Spezia;1;11012;11012;11012;ITC;ITC3;ITC34;ITC;ITC3;ITC34;
Follo;D655;7;11;11;13;11013;Nord-ovest;Liguria;La Spezia;1;11013;11013;11013;ITC;ITC3;ITC34;ITC;ITC3;ITC34;
Framura;D758;7;11;11;14;11014;Nord-ovest;Liguria;La Spezia;1;11014;11014;11014;ITC;ITC3;ITC34;ITC;ITC3;ITC34;
La Spezia;E463;7;11;11;15;11015;Nord-ovest;Liguria;La Spezia;1;11015;11015;11015;ITC;ITC3;ITC34;ITC;ITC3;ITC34;
Lerici;E542;7;11;11;16;11016;Nord-ovest;Liguria;La Spezia;1;11016;11016;11016;ITC;ITC3;ITC34;ITC;ITC3;ITC34;
Levanto;E560;7;11;11;17;11017;Nord-ovest;Liguria;La Spezia;1;11017;11017;11017;ITC;ITC3;ITC34;ITC;ITC3;ITC34;
Maissana;E842;7;11;11;18;11018;Nord-ovest;Liguria;La Spezia;1;11018;11018;11018;ITC;ITC3;ITC34;ITC;ITC3;ITC34;
Monterosso al Mare;F609;7;11;11;19;11019;Nord-ovest;Liguria;La Spezia;1;11019;11019;11019;ITC;ITC3;ITC34;ITC;ITC3;ITC34;
Luni;G143;7;11;11;20;11020;Nord-ovest;Liguria;La Spezia;1;11020;11020;11020;ITC;ITC3;ITC34;ITC;ITC3;ITC34;
Pignone;G664;7;11;11;21;11021;Nord-ovest;Liguria;La Spezia;1;11021;11021;11021;ITC;ITC3;ITC34;ITC;ITC3;ITC34;
Portovenere;G925;7;11;11;22;11022;Nord-ovest;Liguria;La Spezia;1;11022;11022;11022;ITC;ITC3;ITC34;ITC;ITC3;ITC34;
RiccÚ del Golfo di Spezia;H275;7;11;11;23;11023;Nord-ovest;Liguria;La Spezia;1;11023;11023;11023;ITC;ITC3;ITC34;ITC;ITC3;ITC34;
Riomaggiore;H304;7;11;11;24;11024;Nord-ovest;Liguria;La Spezia;1;11024;11024;11024;ITC;ITC3;ITC34;ITC;ITC3;ITC34;
Rocchetta di Vara;H461;7;11;11;25;11025;Nord-ovest;Liguria;La Spezia;1;11025;11025;11025;ITC;ITC3;ITC34;ITC;ITC3;ITC34;
Santo Stefano di Magra;I363;7;11;11;26;11026;Nord-ovest;Liguria;La Spezia;1;11026;11026;11026;ITC;ITC3;ITC34;ITC;ITC3;ITC34;
Sarzana;I449;7;11;11;27;11027;Nord-ovest;Liguria;La Spezia;1;11027;11027;11027;ITC;ITC3;ITC34;ITC;ITC3;ITC34;
Sesta Godano;E070;7;11;11;28;11028;Nord-ovest;Liguria;La Spezia;1;11028;11028;11028;ITC;ITC3;ITC34;ITC;ITC3;ITC34;
Varese Ligure;L681;7;11;11;29;11029;Nord-ovest;Liguria;La Spezia;1;11029;11029;11029;ITC;ITC3;ITC34;ITC;ITC3;ITC34;
Vernazza;L774;7;11;11;30;11030;Nord-ovest;Liguria;La Spezia;1;11030;11030;11030;ITC;ITC3;ITC34;ITC;ITC3;ITC34;
Vezzano Ligure;L819;7;11;11;31;11031;Nord-ovest;Liguria;La Spezia;1;11031;11031;11031;ITC;ITC3;ITC34;ITC;ITC3;ITC34;
Zignago;M177;7;11;11;32;11032;Nord-ovest;Liguria;La Spezia;1;11032;11032;11032;ITC;ITC3;ITC34;ITC;ITC3;ITC34;
Agazzano;A067;8;33;33;1;33001;Nord-est;Emilia-Romagna;Piacenza;1;33001;33001;33001;ITH;ITH5;ITH51;ITH;ITH5;ITH51;
Alseno;A223;8;33;33;2;33002;Nord-est;Emilia-Romagna;Piacenza;1;33002;33002;33002;ITH;ITH5;ITH51;ITH;ITH5;ITH51;
Besenzone;A823;8;33;33;3;33003;Nord-est;Emilia-Romagna;Piacenza;1;33003;33003;33003;ITH;ITH5;ITH51;ITH;ITH5;ITH51;
Bettola;A831;8;33;33;4;33004;Nord-est;Emilia-Romagna;Piacenza;1;33004;33004;33004;ITH;ITH5;ITH51;ITH;ITH5;ITH51;
Bobbio;A909;8;33;33;5;33005;Nord-est;Emilia-Romagna;Piacenza;1;33005;33005;33005;ITH;ITH5;ITH51;ITH;ITH5;ITH51;
Borgonovo Val Tidone;B025;8;33;33;6;33006;Nord-est;Emilia-Romagna;Piacenza;1;33006;33006;33006;ITH;ITH5;ITH51;ITH;ITH5;ITH51;
Cadeo;B332;8;33;33;7;33007;Nord-est;Emilia-Romagna;Piacenza;1;33007;33007;33007;ITH;ITH5;ITH51;ITH;ITH5;ITH51;
Calendasco;B405;8;33;33;8;33008;Nord-est;Emilia-Romagna;Piacenza;1;33008;33008;33008;ITH;ITH5;ITH51;ITH;ITH5;ITH51;
Caorso;B643;8;33;33;10;33010;Nord-est;Emilia-Romagna;Piacenza;1;33010;33010;33010;ITH;ITH5;ITH51;ITH;ITH5;ITH51;
Carpaneto Piacentino;B812;8;33;33;11;33011;Nord-est;Emilia-Romagna;Piacenza;1;33011;33011;33011;ITH;ITH5;ITH51;ITH;ITH5;ITH51;
Castell'Arquato;C145;8;33;33;12;33012;Nord-est;Emilia-Romagna;Piacenza;1;33012;33012;33012;ITH;ITH5;ITH51;ITH;ITH5;ITH51;
Castel San Giovanni;C261;8;33;33;13;33013;Nord-est;Emilia-Romagna;Piacenza;1;33013;33013;33013;ITH;ITH5;ITH51;ITH;ITH5;ITH51;
Castelvetro Piacentino;C288;8;33;33;14;33014;Nord-est;Emilia-Romagna;Piacenza;1;33014;33014;33014;ITH;ITH5;ITH51;ITH;ITH5;ITH51;
Cerignale;C513;8;33;33;15;33015;Nord-est;Emilia-Romagna;Piacenza;1;33015;33015;33015;ITH;ITH5;ITH51;ITH;ITH5;ITH51;
Coli;C838;8;33;33;16;33016;Nord-est;Emilia-Romagna;Piacenza;1;33016;33016;33016;ITH;ITH5;ITH51;ITH;ITH5;ITH51;
Corte Brugnatella;D054;8;33;33;17;33017;Nord-est;Emilia-Romagna;Piacenza;1;33017;33017;33017;ITH;ITH5;ITH51;ITH;ITH5;ITH51;
Cortemaggiore;D061;8;33;33;18;33018;Nord-est;Emilia-Romagna;Piacenza;1;33018;33018;33018;ITH;ITH5;ITH51;ITH;ITH5;ITH51;
Farini;D502;8;33;33;19;33019;Nord-est;Emilia-Romagna;Piacenza;1;33019;33019;33019;ITH;ITH5;ITH51;ITH;ITH5;ITH51;
Ferriere;D555;8;33;33;20;33020;Nord-est;Emilia-Romagna;Piacenza;1;33020;33020;33020;ITH;ITH5;ITH51;ITH;ITH5;ITH51;
Fiorenzuola d'Arda;D611;8;33;33;21;33021;Nord-est;Emilia-Romagna;Piacenza;1;33021;33021;33021;ITH;ITH5;ITH51;ITH;ITH5;ITH51;
Gazzola;D958;8;33;33;22;33022;Nord-est;Emilia-Romagna;Piacenza;1;33022;33022;33022;ITH;ITH5;ITH51;ITH;ITH5;ITH51;
Gossolengo;E114;8;33;33;23;33023;Nord-est;Emilia-Romagna;Piacenza;1;33023;33023;33023;ITH;ITH5;ITH51;ITH;ITH5;ITH51;
Gragnano Trebbiense;E132;8;33;33;24;33024;Nord-est;Emilia-Romagna;Piacenza;1;33024;33024;33024;ITH;ITH5;ITH51;ITH;ITH5;ITH51;
Gropparello;E196;8;33;33;25;33025;Nord-est;Emilia-Romagna;Piacenza;1;33025;33025;33025;ITH;ITH5;ITH51;ITH;ITH5;ITH51;
Lugagnano Val d'Arda;E726;8;33;33;26;33026;Nord-est;Emilia-Romagna;Piacenza;1;33026;33026;33026;ITH;ITH5;ITH51;ITH;ITH5;ITH51;
Monticelli d'Ongina;F671;8;33;33;27;33027;Nord-est;Emilia-Romagna;Piacenza;1;33027;33027;33027;ITH;ITH5;ITH51;ITH;ITH5;ITH51;
Morfasso;F724;8;33;33;28;33028;Nord-est;Emilia-Romagna;Piacenza;1;33028;33028;33028;ITH;ITH5;ITH51;ITH;ITH5;ITH51;
Ottone;G195;8;33;33;30;33030;Nord-est;Emilia-Romagna;Piacenza;1;33030;33030;33030;ITH;ITH5;ITH51;ITH;ITH5;ITH51;
Piacenza;G535;8;33;33;32;33032;Nord-est;Emilia-Romagna;Piacenza;1;33032;33032;33032;ITH;ITH5;ITH51;ITH;ITH5;ITH51;
Pianello Val Tidone;G557;8;33;33;33;33033;Nord-est;Emilia-Romagna;Piacenza;1;33033;33033;33033;ITH;ITH5;ITH51;ITH;ITH5;ITH51;
Piozzano;G696;8;33;33;34;33034;Nord-est;Emilia-Romagna;Piacenza;1;33034;33034;33034;ITH;ITH5;ITH51;ITH;ITH5;ITH51;
Podenzano;G747;8;33;33;35;33035;Nord-est;Emilia-Romagna;Piacenza;1;33035;33035;33035;ITH;ITH5;ITH51;ITH;ITH5;ITH51;
Ponte dell'Olio;G842;8;33;33;36;33036;Nord-est;Emilia-Romagna;Piacenza;1;33036;33036;33036;ITH;ITH5;ITH51;ITH;ITH5;ITH51;
Pontenure;G852;8;33;33;37;33037;Nord-est;Emilia-Romagna;Piacenza;1;33037;33037;33037;ITH;ITH5;ITH51;ITH;ITH5;ITH51;
Rivergaro;H350;8;33;33;38;33038;Nord-est;Emilia-Romagna;Piacenza;1;33038;33038;33038;ITH;ITH5;ITH51;ITH;ITH5;ITH51;
Rottofreno;H593;8;33;33;39;33039;Nord-est;Emilia-Romagna;Piacenza;1;33039;33039;33039;ITH;ITH5;ITH51;ITH;ITH5;ITH51;
San Giorgio Piacentino;H887;8;33;33;40;33040;Nord-est;Emilia-Romagna;Piacenza;1;33040;33040;33040;ITH;ITH5;ITH51;ITH;ITH5;ITH51;
San Pietro in Cerro;G788;8;33;33;41;33041;Nord-est;Emilia-Romagna;Piacenza;1;33041;33041;33041;ITH;ITH5;ITH51;ITH;ITH5;ITH51;
Sarmato;I434;8;33;33;42;33042;Nord-est;Emilia-Romagna;Piacenza;1;33042;33042;33042;ITH;ITH5;ITH51;ITH;ITH5;ITH51;
Travo;L348;8;33;33;43;33043;Nord-est;Emilia-Romagna;Piacenza;1;33043;33043;33043;ITH;ITH5;ITH51;ITH;ITH5;ITH51;
Vernasca;L772;8;33;33;44;33044;Nord-est;Emilia-Romagna;Piacenza;1;33044;33044;33044;ITH;ITH5;ITH51;ITH;ITH5;ITH51;
Vigolzone;L897;8;33;33;45;33045;Nord-est;Emilia-Romagna;Piacenza;1;33045;33045;33045;ITH;ITH5;ITH51;ITH;ITH5;ITH51;
Villanova sull'Arda;L980;8;33;33;46;33046;Nord-est;Emilia-Romagna;Piacenza;1;33046;33046;33046;ITH;ITH5;ITH51;ITH;ITH5;ITH51;
Zerba;M165;8;33;33;47;33047;Nord-est;Emilia-Romagna;Piacenza;1;33047;33047;33047;ITH;ITH5;ITH51;ITH;ITH5;ITH51;
Ziano Piacentino;L848;8;33;33;48;33048;Nord-est;Emilia-Romagna;Piacenza;1;33048;33048;33048;ITH;ITH5;ITH51;ITH;ITH5;ITH51;
Alta Val Tidone;M386;8;33;33;49;33049;Nord-est;Emilia-Romagna;Piacenza;1;33049;33049;33049;ITH;ITH5;ITH51;ITH;ITH5;ITH51;
Albareto;A138;8;34;34;1;34001;Nord-est;Emilia-Romagna;Parma;1;34001;34001;34001;ITH;ITH5;ITH52;ITH;ITH5;ITH52;
Bardi;A646;8;34;34;2;34002;Nord-est;Emilia-Romagna;Parma;1;34002;34002;34002;ITH;ITH5;ITH52;ITH;ITH5;ITH52;
Bedonia;A731;8;34;34;3;34003;Nord-est;Emilia-Romagna;Parma;1;34003;34003;34003;ITH;ITH5;ITH52;ITH;ITH5;ITH52;
Berceto;A788;8;34;34;4;34004;Nord-est;Emilia-Romagna;Parma;1;34004;34004;34004;ITH;ITH5;ITH52;ITH;ITH5;ITH52;
Bore;A987;8;34;34;5;34005;Nord-est;Emilia-Romagna;Parma;1;34005;34005;34005;ITH;ITH5;ITH52;ITH;ITH5;ITH52;
Borgo Val di Taro;B042;8;34;34;6;34006;Nord-est;Emilia-Romagna;Parma;1;34006;34006;34006;ITH;ITH5;ITH52;ITH;ITH5;ITH52;
Busseto;B293;8;34;34;7;34007;Nord-est;Emilia-Romagna;Parma;1;34007;34007;34007;ITH;ITH5;ITH52;ITH;ITH5;ITH52;
Calestano;B408;8;34;34;8;34008;Nord-est;Emilia-Romagna;Parma;1;34008;34008;34008;ITH;ITH5;ITH52;ITH;ITH5;ITH52;
Collecchio;C852;8;34;34;9;34009;Nord-est;Emilia-Romagna;Parma;1;34009;34009;34009;ITH;ITH5;ITH52;ITH;ITH5;ITH52;
Colorno;C904;8;34;34;10;34010;Nord-est;Emilia-Romagna;Parma;1;34010;34010;34010;ITH;ITH5;ITH52;ITH;ITH5;ITH52;
Compiano;C934;8;34;34;11;34011;Nord-est;Emilia-Romagna;Parma;1;34011;34011;34011;ITH;ITH5;ITH52;ITH;ITH5;ITH52;
Corniglio;D026;8;34;34;12;34012;Nord-est;Emilia-Romagna;Parma;1;34012;34012;34012;ITH;ITH5;ITH52;ITH;ITH5;ITH52;
Felino;D526;8;34;34;13;34013;Nord-est;Emilia-Romagna;Parma;1;34013;34013;34013;ITH;ITH5;ITH52;ITH;ITH5;ITH52;
Fidenza;B034;8;34;34;14;34014;Nord-est;Emilia-Romagna;Parma;1;34014;34014;34014;ITH;ITH5;ITH52;ITH;ITH5;ITH52;
Fontanellato;D673;8;34;34;15;34015;Nord-est;Emilia-Romagna;Parma;1;34015;34015;34015;ITH;ITH5;ITH52;ITH;ITH5;ITH52;
Fontevivo;D685;8;34;34;16;34016;Nord-est;Emilia-Romagna;Parma;1;34016;34016;34016;ITH;ITH5;ITH52;ITH;ITH5;ITH52;
Fornovo di Taro;D728;8;34;34;17;34017;Nord-est;Emilia-Romagna;Parma;1;34017;34017;34017;ITH;ITH5;ITH52;ITH;ITH5;ITH52;
Langhirano;E438;8;34;34;18;34018;Nord-est;Emilia-Romagna;Parma;1;34018;34018;34018;ITH;ITH5;ITH52;ITH;ITH5;ITH52;
Lesignano de' Bagni;E547;8;34;34;19;34019;Nord-est;Emilia-Romagna;Parma;1;34019;34019;34019;ITH;ITH5;ITH52;ITH;ITH5;ITH52;
Medesano;F082;8;34;34;20;34020;Nord-est;Emilia-Romagna;Parma;1;34020;34020;34020;ITH;ITH5;ITH52;ITH;ITH5;ITH52;
Monchio delle Corti;F340;8;34;34;22;34022;Nord-est;Emilia-Romagna;Parma;1;34022;34022;34022;ITH;ITH5;ITH52;ITH;ITH5;ITH52;
Montechiarugolo;F473;8;34;34;23;34023;Nord-est;Emilia-Romagna;Parma;1;34023;34023;34023;ITH;ITH5;ITH52;ITH;ITH5;ITH52;
Neviano degli Arduini;F882;8;34;34;24;34024;Nord-est;Emilia-Romagna;Parma;1;34024;34024;34024;ITH;ITH5;ITH52;ITH;ITH5;ITH52;
Noceto;F914;8;34;34;25;34025;Nord-est;Emilia-Romagna;Parma;1;34025;34025;34025;ITH;ITH5;ITH52;ITH;ITH5;ITH52;
Palanzano;G255;8;34;34;26;34026;Nord-est;Emilia-Romagna;Parma;1;34026;34026;34026;ITH;ITH5;ITH52;ITH;ITH5;ITH52;
Parma;G337;8;34;34;27;34027;Nord-est;Emilia-Romagna;Parma;1;34027;34027;34027;ITH;ITH5;ITH52;ITH;ITH5;ITH52;
Pellegrino Parmense;G424;8;34;34;28;34028;Nord-est;Emilia-Romagna;Parma;1;34028;34028;34028;ITH;ITH5;ITH52;ITH;ITH5;ITH52;
Roccabianca;H384;8;34;34;30;34030;Nord-est;Emilia-Romagna;Parma;1;34030;34030;34030;ITH;ITH5;ITH52;ITH;ITH5;ITH52;
Sala Baganza;H682;8;34;34;31;34031;Nord-est;Emilia-Romagna;Parma;1;34031;34031;34031;ITH;ITH5;ITH52;ITH;ITH5;ITH52;
Salsomaggiore Terme;H720;8;34;34;32;34032;Nord-est;Emilia-Romagna;Parma;1;34032;34032;34032;ITH;ITH5;ITH52;ITH;ITH5;ITH52;
San Secondo Parmense;I153;8;34;34;33;34033;Nord-est;Emilia-Romagna;Parma;1;34033;34033;34033;ITH;ITH5;ITH52;ITH;ITH5;ITH52;
Solignano;I803;8;34;34;35;34035;Nord-est;Emilia-Romagna;Parma;1;34035;34035;34035;ITH;ITH5;ITH52;ITH;ITH5;ITH52;
Soragna;I840;8;34;34;36;34036;Nord-est;Emilia-Romagna;Parma;1;34036;34036;34036;ITH;ITH5;ITH52;ITH;ITH5;ITH52;
Terenzo;E548;8;34;34;38;34038;Nord-est;Emilia-Romagna;Parma;1;34038;34038;34038;ITH;ITH5;ITH52;ITH;ITH5;ITH52;
Tizzano Val Parma;L183;8;34;34;39;34039;Nord-est;Emilia-Romagna;Parma;1;34039;34039;34039;ITH;ITH5;ITH52;ITH;ITH5;ITH52;
Tornolo;L229;8;34;34;40;34040;Nord-est;Emilia-Romagna;Parma;1;34040;34040;34040;ITH;ITH5;ITH52;ITH;ITH5;ITH52;
Torrile;L299;8;34;34;41;34041;Nord-est;Emilia-Romagna;Parma;1;34041;34041;34041;ITH;ITH5;ITH52;ITH;ITH5;ITH52;
Traversetolo;L346;8;34;34;42;34042;Nord-est;Emilia-Romagna;Parma;1;34042;34042;34042;ITH;ITH5;ITH52;ITH;ITH5;ITH52;
Valmozzola;L641;8;34;34;44;34044;Nord-est;Emilia-Romagna;Parma;1;34044;34044;34044;ITH;ITH5;ITH52;ITH;ITH5;ITH52;
Varano de' Melegari;L672;8;34;34;45;34045;Nord-est;Emilia-Romagna;Parma;1;34045;34045;34045;ITH;ITH5;ITH52;ITH;ITH5;ITH52;
Varsi;L689;8;34;34;46;34046;Nord-est;Emilia-Romagna;Parma;1;34046;34046;34046;ITH;ITH5;ITH52;ITH;ITH5;ITH52;
Sissa Trecasali;M325;8;34;34;49;34049;Nord-est;Emilia-Romagna;Parma;1;34049;34049;34049;ITH;ITH5;ITH52;ITH;ITH5;ITH52;
Polesine Zibello;M367;8;34;34;50;34050;Nord-est;Emilia-Romagna;Parma;1;34050;34050;34050;ITH;ITH5;ITH52;ITH;ITH5;ITH52;
Sorbolo Mezzani;M411;8;34;34;51;34051;Nord-est;Emilia-Romagna;Parma;1;34051;34051;34051;ITH;ITH5;ITH52;ITH;ITH5;ITH52;
Albinea;A162;8;35;35;1;35001;Nord-est;Emilia-Romagna;Reggio nell'Emilia;1;35001;35001;35001;ITH;ITH5;ITH53;ITH;ITH5;ITH53;
Bagnolo in Piano;A573;8;35;35;2;35002;Nord-est;Emilia-Romagna;Reggio nell'Emilia;1;35002;35002;35002;ITH;ITH5;ITH53;ITH;ITH5;ITH53;
Baiso;A586;8;35;35;3;35003;Nord-est;Emilia-Romagna;Reggio nell'Emilia;1;35003;35003;35003;ITH;ITH5;ITH53;ITH;ITH5;ITH53;
Bibbiano;A850;8;35;35;4;35004;Nord-est;Emilia-Romagna;Reggio nell'Emilia;1;35004;35004;35004;ITH;ITH5;ITH53;ITH;ITH5;ITH53;
Boretto;A988;8;35;35;5;35005;Nord-est;Emilia-Romagna;Reggio nell'Emilia;1;35005;35005;35005;ITH;ITH5;ITH53;ITH;ITH5;ITH53;
Brescello;B156;8;35;35;6;35006;Nord-est;Emilia-Romagna;Reggio nell'Emilia;1;35006;35006;35006;ITH;ITH5;ITH53;ITH;ITH5;ITH53;
Cadelbosco di Sopra;B328;8;35;35;8;35008;Nord-est;Emilia-Romagna;Reggio nell'Emilia;1;35008;35008;35008;ITH;ITH5;ITH53;ITH;ITH5;ITH53;
Campagnola Emilia;B499;8;35;35;9;35009;Nord-est;Emilia-Romagna;Reggio nell'Emilia;1;35009;35009;35009;ITH;ITH5;ITH53;ITH;ITH5;ITH53;
Campegine;B502;8;35;35;10;35010;Nord-est;Emilia-Romagna;Reggio nell'Emilia;1;35010;35010;35010;ITH;ITH5;ITH53;ITH;ITH5;ITH53;
Carpineti;B825;8;35;35;11;35011;Nord-est;Emilia-Romagna;Reggio nell'Emilia;1;35011;35011;35011;ITH;ITH5;ITH53;ITH;ITH5;ITH53;
Casalgrande;B893;8;35;35;12;35012;Nord-est;Emilia-Romagna;Reggio nell'Emilia;1;35012;35012;35012;ITH;ITH5;ITH53;ITH;ITH5;ITH53;
Casina;B967;8;35;35;13;35013;Nord-est;Emilia-Romagna;Reggio nell'Emilia;1;35013;35013;35013;ITH;ITH5;ITH53;ITH;ITH5;ITH53;
Castellarano;C141;8;35;35;14;35014;Nord-est;Emilia-Romagna;Reggio nell'Emilia;1;35014;35014;35014;ITH;ITH5;ITH53;ITH;ITH5;ITH53;
Castelnovo di Sotto;C218;8;35;35;15;35015;Nord-est;Emilia-Romagna;Reggio nell'Emilia;1;35015;35015;35015;ITH;ITH5;ITH53;ITH;ITH5;ITH53;
Castelnovo ne' Monti;C219;8;35;35;16;35016;Nord-est;Emilia-Romagna;Reggio nell'Emilia;1;35016;35016;35016;ITH;ITH5;ITH53;ITH;ITH5;ITH53;
Cavriago;C405;8;35;35;17;35017;Nord-est;Emilia-Romagna;Reggio nell'Emilia;1;35017;35017;35017;ITH;ITH5;ITH53;ITH;ITH5;ITH53;
Canossa;C669;8;35;35;18;35018;Nord-est;Emilia-Romagna;Reggio nell'Emilia;1;35018;35018;35018;ITH;ITH5;ITH53;ITH;ITH5;ITH53;
Correggio;D037;8;35;35;20;35020;Nord-est;Emilia-Romagna;Reggio nell'Emilia;1;35020;35020;35020;ITH;ITH5;ITH53;ITH;ITH5;ITH53;
Fabbrico;D450;8;35;35;21;35021;Nord-est;Emilia-Romagna;Reggio nell'Emilia;1;35021;35021;35021;ITH;ITH5;ITH53;ITH;ITH5;ITH53;
Gattatico;D934;8;35;35;22;35022;Nord-est;Emilia-Romagna;Reggio nell'Emilia;1;35022;35022;35022;ITH;ITH5;ITH53;ITH;ITH5;ITH53;
Gualtieri;E232;8;35;35;23;35023;Nord-est;Emilia-Romagna;Reggio nell'Emilia;1;35023;35023;35023;ITH;ITH5;ITH53;ITH;ITH5;ITH53;
Guastalla;E253;8;35;35;24;35024;Nord-est;Emilia-Romagna;Reggio nell'Emilia;1;35024;35024;35024;ITH;ITH5;ITH53;ITH;ITH5;ITH53;
Luzzara;E772;8;35;35;26;35026;Nord-est;Emilia-Romagna;Reggio nell'Emilia;1;35026;35026;35026;ITH;ITH5;ITH53;ITH;ITH5;ITH53;
Montecchio Emilia;F463;8;35;35;27;35027;Nord-est;Emilia-Romagna;Reggio nell'Emilia;1;35027;35027;35027;ITH;ITH5;ITH53;ITH;ITH5;ITH53;
Novellara;F960;8;35;35;28;35028;Nord-est;Emilia-Romagna;Reggio nell'Emilia;1;35028;35028;35028;ITH;ITH5;ITH53;ITH;ITH5;ITH53;
Poviglio;G947;8;35;35;29;35029;Nord-est;Emilia-Romagna;Reggio nell'Emilia;1;35029;35029;35029;ITH;ITH5;ITH53;ITH;ITH5;ITH53;
Quattro Castella;H122;8;35;35;30;35030;Nord-est;Emilia-Romagna;Reggio nell'Emilia;1;35030;35030;35030;ITH;ITH5;ITH53;ITH;ITH5;ITH53;
Reggiolo;H225;8;35;35;32;35032;Nord-est;Emilia-Romagna;Reggio nell'Emilia;1;35032;35032;35032;ITH;ITH5;ITH53;ITH;ITH5;ITH53;
Reggio nell'Emilia;H223;8;35;35;33;35033;Nord-est;Emilia-Romagna;Reggio nell'Emilia;1;35033;35033;35033;ITH;ITH5;ITH53;ITH;ITH5;ITH53;
Rio Saliceto;H298;8;35;35;34;35034;Nord-est;Emilia-Romagna;Reggio nell'Emilia;1;35034;35034;35034;ITH;ITH5;ITH53;ITH;ITH5;ITH53;
Rolo;H500;8;35;35;35;35035;Nord-est;Emilia-Romagna;Reggio nell'Emilia;1;35035;35035;35035;ITH;ITH5;ITH53;ITH;ITH5;ITH53;
Rubiera;H628;8;35;35;36;35036;Nord-est;Emilia-Romagna;Reggio nell'Emilia;1;35036;35036;35036;ITH;ITH5;ITH53;ITH;ITH5;ITH53;
San Martino in Rio;I011;8;35;35;37;35037;Nord-est;Emilia-Romagna;Reggio nell'Emilia;1;35037;35037;35037;ITH;ITH5;ITH53;ITH;ITH5;ITH53;
San Polo d'Enza;I123;8;35;35;38;35038;Nord-est;Emilia-Romagna;Reggio nell'Emilia;1;35038;35038;35038;ITH;ITH5;ITH53;ITH;ITH5;ITH53;
Sant'Ilario d'Enza;I342;8;35;35;39;35039;Nord-est;Emilia-Romagna;Reggio nell'Emilia;1;35039;35039;35039;ITH;ITH5;ITH53;ITH;ITH5;ITH53;
Scandiano;I496;8;35;35;40;35040;Nord-est;Emilia-Romagna;Reggio nell'Emilia;1;35040;35040;35040;ITH;ITH5;ITH53;ITH;ITH5;ITH53;
Toano;L184;8;35;35;41;35041;Nord-est;Emilia-Romagna;Reggio nell'Emilia;1;35041;35041;35041;ITH;ITH5;ITH53;ITH;ITH5;ITH53;
Vetto;L815;8;35;35;42;35042;Nord-est;Emilia-Romagna;Reggio nell'Emilia;1;35042;35042;35042;ITH;ITH5;ITH53;ITH;ITH5;ITH53;
Vezzano sul Crostolo;L820;8;35;35;43;35043;Nord-est;Emilia-Romagna;Reggio nell'Emilia;1;35043;35043;35043;ITH;ITH5;ITH53;ITH;ITH5;ITH53;
Viano;L831;8;35;35;44;35044;Nord-est;Emilia-Romagna;Reggio nell'Emilia;1;35044;35044;35044;ITH;ITH5;ITH53;ITH;ITH5;ITH53;
Villa Minozzo;L969;8;35;35;45;35045;Nord-est;Emilia-Romagna;Reggio nell'Emilia;1;35045;35045;35045;ITH;ITH5;ITH53;ITH;ITH5;ITH53;
Ventasso;M364;8;35;35;46;35046;Nord-est;Emilia-Romagna;Reggio nell'Emilia;1;35046;35046;35046;ITH;ITH5;ITH53;ITH;ITH5;ITH53;
Bastiglia;A713;8;36;36;1;36001;Nord-est;Emilia-Romagna;Modena;1;36001;36001;36001;ITH;ITH5;ITH54;ITH;ITH5;ITH54;
Bomporto;A959;8;36;36;2;36002;Nord-est;Emilia-Romagna;Modena;1;36002;36002;36002;ITH;ITH5;ITH54;ITH;ITH5;ITH54;
Campogalliano;B539;8;36;36;3;36003;Nord-est;Emilia-Romagna;Modena;1;36003;36003;36003;ITH;ITH5;ITH54;ITH;ITH5;ITH54;
Camposanto;B566;8;36;36;4;36004;Nord-est;Emilia-Romagna;Modena;1;36004;36004;36004;ITH;ITH5;ITH54;ITH;ITH5;ITH54;
Carpi;B819;8;36;36;5;36005;Nord-est;Emilia-Romagna;Modena;1;36005;36005;36005;ITH;ITH5;ITH54;ITH;ITH5;ITH54;
Castelfranco Emilia;C107;8;36;36;6;36006;Nord-est;Emilia-Romagna;Modena;1;36006;36006;36006;ITH;ITH5;ITH54;ITH;ITH5;ITH54;
Castelnuovo Rangone;C242;8;36;36;7;36007;Nord-est;Emilia-Romagna;Modena;1;36007;36007;36007;ITH;ITH5;ITH54;ITH;ITH5;ITH54;
Castelvetro di Modena;C287;8;36;36;8;36008;Nord-est;Emilia-Romagna;Modena;1;36008;36008;36008;ITH;ITH5;ITH54;ITH;ITH5;ITH54;
Cavezzo;C398;8;36;36;9;36009;Nord-est;Emilia-Romagna;Modena;1;36009;36009;36009;ITH;ITH5;ITH54;ITH;ITH5;ITH54;
Concordia sulla Secchia;C951;8;36;36;10;36010;Nord-est;Emilia-Romagna;Modena;1;36010;36010;36010;ITH;ITH5;ITH54;ITH;ITH5;ITH54;
Fanano;D486;8;36;36;11;36011;Nord-est;Emilia-Romagna;Modena;1;36011;36011;36011;ITH;ITH5;ITH54;ITH;ITH5;ITH54;
Finale Emilia;D599;8;36;36;12;36012;Nord-est;Emilia-Romagna;Modena;1;36012;36012;36012;ITH;ITH5;ITH54;ITH;ITH5;ITH54;
Fiorano Modenese;D607;8;36;36;13;36013;Nord-est;Emilia-Romagna;Modena;1;36013;36013;36013;ITH;ITH5;ITH54;ITH;ITH5;ITH54;
Fiumalbo;D617;8;36;36;14;36014;Nord-est;Emilia-Romagna;Modena;1;36014;36014;36014;ITH;ITH5;ITH54;ITH;ITH5;ITH54;
Formigine;D711;8;36;36;15;36015;Nord-est;Emilia-Romagna;Modena;1;36015;36015;36015;ITH;ITH5;ITH54;ITH;ITH5;ITH54;
Frassinoro;D783;8;36;36;16;36016;Nord-est;Emilia-Romagna;Modena;1;36016;36016;36016;ITH;ITH5;ITH54;ITH;ITH5;ITH54;
Guiglia;E264;8;36;36;17;36017;Nord-est;Emilia-Romagna;Modena;1;36017;36017;36017;ITH;ITH5;ITH54;ITH;ITH5;ITH54;
Lama Mocogno;E426;8;36;36;18;36018;Nord-est;Emilia-Romagna;Modena;1;36018;36018;36018;ITH;ITH5;ITH54;ITH;ITH5;ITH54;
Maranello;E904;8;36;36;19;36019;Nord-est;Emilia-Romagna;Modena;1;36019;36019;36019;ITH;ITH5;ITH54;ITH;ITH5;ITH54;
Marano sul Panaro;E905;8;36;36;20;36020;Nord-est;Emilia-Romagna;Modena;1;36020;36020;36020;ITH;ITH5;ITH54;ITH;ITH5;ITH54;
Medolla;F087;8;36;36;21;36021;Nord-est;Emilia-Romagna;Modena;1;36021;36021;36021;ITH;ITH5;ITH54;ITH;ITH5;ITH54;
Mirandola;F240;8;36;36;22;36022;Nord-est;Emilia-Romagna;Modena;1;36022;36022;36022;ITH;ITH5;ITH54;ITH;ITH5;ITH54;
Modena;F257;8;36;36;23;36023;Nord-est;Emilia-Romagna;Modena;1;36023;36023;36023;ITH;ITH5;ITH54;ITH;ITH5;ITH54;
Montecreto;F484;8;36;36;24;36024;Nord-est;Emilia-Romagna;Modena;1;36024;36024;36024;ITH;ITH5;ITH54;ITH;ITH5;ITH54;
Montefiorino;F503;8;36;36;25;36025;Nord-est;Emilia-Romagna;Modena;1;36025;36025;36025;ITH;ITH5;ITH54;ITH;ITH5;ITH54;
Montese;F642;8;36;36;26;36026;Nord-est;Emilia-Romagna;Modena;1;36026;36026;36026;ITH;ITH5;ITH54;ITH;ITH5;ITH54;
Nonantola;F930;8;36;36;27;36027;Nord-est;Emilia-Romagna;Modena;1;36027;36027;36027;ITH;ITH5;ITH54;ITH;ITH5;ITH54;
Novi di Modena;F966;8;36;36;28;36028;Nord-est;Emilia-Romagna;Modena;1;36028;36028;36028;ITH;ITH5;ITH54;ITH;ITH5;ITH54;
Palagano;G250;8;36;36;29;36029;Nord-est;Emilia-Romagna;Modena;1;36029;36029;36029;ITH;ITH5;ITH54;ITH;ITH5;ITH54;
Pavullo nel Frignano;G393;8;36;36;30;36030;Nord-est;Emilia-Romagna;Modena;1;36030;36030;36030;ITH;ITH5;ITH54;ITH;ITH5;ITH54;
Pievepelago;G649;8;36;36;31;36031;Nord-est;Emilia-Romagna;Modena;1;36031;36031;36031;ITH;ITH5;ITH54;ITH;ITH5;ITH54;
Polinago;G789;8;36;36;32;36032;Nord-est;Emilia-Romagna;Modena;1;36032;36032;36032;ITH;ITH5;ITH54;ITH;ITH5;ITH54;
Prignano sulla Secchia;H061;8;36;36;33;36033;Nord-est;Emilia-Romagna;Modena;1;36033;36033;36033;ITH;ITH5;ITH54;ITH;ITH5;ITH54;
Ravarino;H195;8;36;36;34;36034;Nord-est;Emilia-Romagna;Modena;1;36034;36034;36034;ITH;ITH5;ITH54;ITH;ITH5;ITH54;
Riolunato;H303;8;36;36;35;36035;Nord-est;Emilia-Romagna;Modena;1;36035;36035;36035;ITH;ITH5;ITH54;ITH;ITH5;ITH54;
San Cesario sul Panaro;H794;8;36;36;36;36036;Nord-est;Emilia-Romagna;Modena;1;36036;36036;36036;ITH;ITH5;ITH54;ITH;ITH5;ITH54;
San Felice sul Panaro;H835;8;36;36;37;36037;Nord-est;Emilia-Romagna;Modena;1;36037;36037;36037;ITH;ITH5;ITH54;ITH;ITH5;ITH54;
San Possidonio;I128;8;36;36;38;36038;Nord-est;Emilia-Romagna;Modena;1;36038;36038;36038;ITH;ITH5;ITH54;ITH;ITH5;ITH54;
San Prospero;I133;8;36;36;39;36039;Nord-est;Emilia-Romagna;Modena;1;36039;36039;36039;ITH;ITH5;ITH54;ITH;ITH5;ITH54;
Sassuolo;I462;8;36;36;40;36040;Nord-est;Emilia-Romagna;Modena;1;36040;36040;36040;ITH;ITH5;ITH54;ITH;ITH5;ITH54;
Savignano sul Panaro;I473;8;36;36;41;36041;Nord-est;Emilia-Romagna;Modena;1;36041;36041;36041;ITH;ITH5;ITH54;ITH;ITH5;ITH54;
Serramazzoni;F357;8;36;36;42;36042;Nord-est;Emilia-Romagna;Modena;1;36042;36042;36042;ITH;ITH5;ITH54;ITH;ITH5;ITH54;
Sestola;I689;8;36;36;43;36043;Nord-est;Emilia-Romagna;Modena;1;36043;36043;36043;ITH;ITH5;ITH54;ITH;ITH5;ITH54;
Soliera;I802;8;36;36;44;36044;Nord-est;Emilia-Romagna;Modena;1;36044;36044;36044;ITH;ITH5;ITH54;ITH;ITH5;ITH54;
Spilamberto;I903;8;36;36;45;36045;Nord-est;Emilia-Romagna;Modena;1;36045;36045;36045;ITH;ITH5;ITH54;ITH;ITH5;ITH54;
Vignola;L885;8;36;36;46;36046;Nord-est;Emilia-Romagna;Modena;1;36046;36046;36046;ITH;ITH5;ITH54;ITH;ITH5;ITH54;
Zocca;M183;8;36;36;47;36047;Nord-est;Emilia-Romagna;Modena;1;36047;36047;36047;ITH;ITH5;ITH54;ITH;ITH5;ITH54;
Anzola dell'Emilia;A324;8;237;37;1;37001;Nord-est;Emilia-Romagna;Bologna;3;37001;37001;37001;ITH;ITH5;ITH55;ITH;ITH5;ITH55;
Argelato;A392;8;237;37;2;37002;Nord-est;Emilia-Romagna;Bologna;3;37002;37002;37002;ITH;ITH5;ITH55;ITH;ITH5;ITH55;
Baricella;A665;8;237;37;3;37003;Nord-est;Emilia-Romagna;Bologna;3;37003;37003;37003;ITH;ITH5;ITH55;ITH;ITH5;ITH55;
Bentivoglio;A785;8;237;37;5;37005;Nord-est;Emilia-Romagna;Bologna;3;37005;37005;37005;ITH;ITH5;ITH55;ITH;ITH5;ITH55;
Bologna;A944;8;237;37;6;37006;Nord-est;Emilia-Romagna;Bologna;3;37006;37006;37006;ITH;ITH5;ITH55;ITH;ITH5;ITH55;
Borgo Tossignano;B044;8;237;37;7;37007;Nord-est;Emilia-Romagna;Bologna;3;37007;37007;37007;ITH;ITH5;ITH55;ITH;ITH5;ITH55;
Budrio;B249;8;237;37;8;37008;Nord-est;Emilia-Romagna;Bologna;3;37008;37008;37008;ITH;ITH5;ITH55;ITH;ITH5;ITH55;
Calderara di Reno;B399;8;237;37;9;37009;Nord-est;Emilia-Romagna;Bologna;3;37009;37009;37009;ITH;ITH5;ITH55;ITH;ITH5;ITH55;
Camugnano;B572;8;237;37;10;37010;Nord-est;Emilia-Romagna;Bologna;3;37010;37010;37010;ITH;ITH5;ITH55;ITH;ITH5;ITH55;
Casalecchio di Reno;B880;8;237;37;11;37011;Nord-est;Emilia-Romagna;Bologna;3;37011;37011;37011;ITH;ITH5;ITH55;ITH;ITH5;ITH55;
Casalfiumanese;B892;8;237;37;12;37012;Nord-est;Emilia-Romagna;Bologna;3;37012;37012;37012;ITH;ITH5;ITH55;ITH;ITH5;ITH55;
Castel d'Aiano;C075;8;237;37;13;37013;Nord-est;Emilia-Romagna;Bologna;3;37013;37013;37013;ITH;ITH5;ITH55;ITH;ITH5;ITH55;
Castel del Rio;C086;8;237;37;14;37014;Nord-est;Emilia-Romagna;Bologna;3;37014;37014;37014;ITH;ITH5;ITH55;ITH;ITH5;ITH55;
Castel di Casio;B969;8;237;37;15;37015;Nord-est;Emilia-Romagna;Bologna;3;37015;37015;37015;ITH;ITH5;ITH55;ITH;ITH5;ITH55;
Castel Guelfo di Bologna;C121;8;237;37;16;37016;Nord-est;Emilia-Romagna;Bologna;3;37016;37016;37016;ITH;ITH5;ITH55;ITH;ITH5;ITH55;
Castello d'Argile;C185;8;237;37;17;37017;Nord-est;Emilia-Romagna;Bologna;3;37017;37017;37017;ITH;ITH5;ITH55;ITH;ITH5;ITH55;
Castel Maggiore;C204;8;237;37;19;37019;Nord-est;Emilia-Romagna;Bologna;3;37019;37019;37019;ITH;ITH5;ITH55;ITH;ITH5;ITH55;
Castel San Pietro Terme;C265;8;237;37;20;37020;Nord-est;Emilia-Romagna;Bologna;3;37020;37020;37020;ITH;ITH5;ITH55;ITH;ITH5;ITH55;
Castenaso;C292;8;237;37;21;37021;Nord-est;Emilia-Romagna;Bologna;3;37021;37021;37021;ITH;ITH5;ITH55;ITH;ITH5;ITH55;
Castiglione dei Pepoli;C296;8;237;37;22;37022;Nord-est;Emilia-Romagna;Bologna;3;37022;37022;37022;ITH;ITH5;ITH55;ITH;ITH5;ITH55;
Crevalcore;D166;8;237;37;24;37024;Nord-est;Emilia-Romagna;Bologna;3;37024;37024;37024;ITH;ITH5;ITH55;ITH;ITH5;ITH55;
Dozza;D360;8;237;37;25;37025;Nord-est;Emilia-Romagna;Bologna;3;37025;37025;37025;ITH;ITH5;ITH55;ITH;ITH5;ITH55;
Fontanelice;D668;8;237;37;26;37026;Nord-est;Emilia-Romagna;Bologna;3;37026;37026;37026;ITH;ITH5;ITH55;ITH;ITH5;ITH55;
Gaggio Montano;D847;8;237;37;27;37027;Nord-est;Emilia-Romagna;Bologna;3;37027;37027;37027;ITH;ITH5;ITH55;ITH;ITH5;ITH55;
Galliera;D878;8;237;37;28;37028;Nord-est;Emilia-Romagna;Bologna;3;37028;37028;37028;ITH;ITH5;ITH55;ITH;ITH5;ITH55;
Granarolo dell'Emilia;E136;8;237;37;30;37030;Nord-est;Emilia-Romagna;Bologna;3;37030;37030;37030;ITH;ITH5;ITH55;ITH;ITH5;ITH55;
Grizzana Morandi;E187;8;237;37;31;37031;Nord-est;Emilia-Romagna;Bologna;3;37031;37031;37031;ITH;ITH5;ITH55;ITH;ITH5;ITH55;
Imola;E289;8;237;37;32;37032;Nord-est;Emilia-Romagna;Bologna;3;37032;37032;37032;ITH;ITH5;ITH55;ITH;ITH5;ITH55;
Lizzano in Belvedere;A771;8;237;37;33;37033;Nord-est;Emilia-Romagna;Bologna;3;37033;37033;37033;ITH;ITH5;ITH55;ITH;ITH5;ITH55;
Loiano;E655;8;237;37;34;37034;Nord-est;Emilia-Romagna;Bologna;3;37034;37034;37034;ITH;ITH5;ITH55;ITH;ITH5;ITH55;
Malalbergo;E844;8;237;37;35;37035;Nord-est;Emilia-Romagna;Bologna;3;37035;37035;37035;ITH;ITH5;ITH55;ITH;ITH5;ITH55;
Marzabotto;B689;8;237;37;36;37036;Nord-est;Emilia-Romagna;Bologna;3;37036;37036;37036;ITH;ITH5;ITH55;ITH;ITH5;ITH55;
Medicina;F083;8;237;37;37;37037;Nord-est;Emilia-Romagna;Bologna;3;37037;37037;37037;ITH;ITH5;ITH55;ITH;ITH5;ITH55;
Minerbio;F219;8;237;37;38;37038;Nord-est;Emilia-Romagna;Bologna;3;37038;37038;37038;ITH;ITH5;ITH55;ITH;ITH5;ITH55;
Molinella;F288;8;237;37;39;37039;Nord-est;Emilia-Romagna;Bologna;3;37039;37039;37039;ITH;ITH5;ITH55;ITH;ITH5;ITH55;
Monghidoro;F363;8;237;37;40;37040;Nord-est;Emilia-Romagna;Bologna;3;37040;37040;37040;ITH;ITH5;ITH55;ITH;ITH5;ITH55;
Monterenzio;F597;8;237;37;41;37041;Nord-est;Emilia-Romagna;Bologna;3;37041;37041;37041;ITH;ITH5;ITH55;ITH;ITH5;ITH55;
Monte San Pietro;F627;8;237;37;42;37042;Nord-est;Emilia-Romagna;Bologna;3;37042;37042;37042;ITH;ITH5;ITH55;ITH;ITH5;ITH55;
Monzuno;F706;8;237;37;44;37044;Nord-est;Emilia-Romagna;Bologna;3;37044;37044;37044;ITH;ITH5;ITH55;ITH;ITH5;ITH55;
Mordano;F718;8;237;37;45;37045;Nord-est;Emilia-Romagna;Bologna;3;37045;37045;37045;ITH;ITH5;ITH55;ITH;ITH5;ITH55;
Ozzano dell'Emilia;G205;8;237;37;46;37046;Nord-est;Emilia-Romagna;Bologna;3;37046;37046;37046;ITH;ITH5;ITH55;ITH;ITH5;ITH55;
Pianoro;G570;8;237;37;47;37047;Nord-est;Emilia-Romagna;Bologna;3;37047;37047;37047;ITH;ITH5;ITH55;ITH;ITH5;ITH55;
Pieve di Cento;G643;8;237;37;48;37048;Nord-est;Emilia-Romagna;Bologna;3;37048;37048;37048;ITH;ITH5;ITH55;ITH;ITH5;ITH55;
Sala Bolognese;H678;8;237;37;50;37050;Nord-est;Emilia-Romagna;Bologna;3;37050;37050;37050;ITH;ITH5;ITH55;ITH;ITH5;ITH55;
San Benedetto Val di Sambro;G566;8;237;37;51;37051;Nord-est;Emilia-Romagna;Bologna;3;37051;37051;37051;ITH;ITH5;ITH55;ITH;ITH5;ITH55;
San Giorgio di Piano;H896;8;237;37;52;37052;Nord-est;Emilia-Romagna;Bologna;3;37052;37052;37052;ITH;ITH5;ITH55;ITH;ITH5;ITH55;
San Giovanni in Persiceto;G467;8;237;37;53;37053;Nord-est;Emilia-Romagna;Bologna;3;37053;37053;37053;ITH;ITH5;ITH55;ITH;ITH5;ITH55;
San Lazzaro di Savena;H945;8;237;37;54;37054;Nord-est;Emilia-Romagna;Bologna;3;37054;37054;37054;ITH;ITH5;ITH55;ITH;ITH5;ITH55;
San Pietro in Casale;I110;8;237;37;55;37055;Nord-est;Emilia-Romagna;Bologna;3;37055;37055;37055;ITH;ITH5;ITH55;ITH;ITH5;ITH55;
Sant'Agata Bolognese;I191;8;237;37;56;37056;Nord-est;Emilia-Romagna;Bologna;3;37056;37056;37056;ITH;ITH5;ITH55;ITH;ITH5;ITH55;
Sasso Marconi;G972;8;237;37;57;37057;Nord-est;Emilia-Romagna;Bologna;3;37057;37057;37057;ITH;ITH5;ITH55;ITH;ITH5;ITH55;
Vergato;L762;8;237;37;59;37059;Nord-est;Emilia-Romagna;Bologna;3;37059;37059;37059;ITH;ITH5;ITH55;ITH;ITH5;ITH55;
Zola Predosa;M185;8;237;37;60;37060;Nord-est;Emilia-Romagna;Bologna;3;37060;37060;37060;ITH;ITH5;ITH55;ITH;ITH5;ITH55;
Valsamoggia;M320;8;237;37;61;37061;Nord-est;Emilia-Romagna;Bologna;3;37061;37061;37061;ITH;ITH5;ITH55;ITH;ITH5;ITH55;
Alto Reno Terme;M369;8;237;37;62;37062;Nord-est;Emilia-Romagna;Bologna;3;37062;37062;37062;ITH;ITH5;ITH55;ITH;ITH5;ITH55;
Argenta;A393;8;38;38;1;38001;Nord-est;Emilia-Romagna;Ferrara;1;38001;38001;38001;ITH;ITH5;ITH56;ITH;ITH5;ITH56;
Bondeno;A965;8;38;38;3;38003;Nord-est;Emilia-Romagna;Ferrara;1;38003;38003;38003;ITH;ITH5;ITH56;ITH;ITH5;ITH56;
Cento;C469;8;38;38;4;38004;Nord-est;Emilia-Romagna;Ferrara;1;38004;38004;38004;ITH;ITH5;ITH56;ITH;ITH5;ITH56;
Codigoro;C814;8;38;38;5;38005;Nord-est;Emilia-Romagna;Ferrara;1;38005;38005;38005;ITH;ITH5;ITH56;ITH;ITH5;ITH56;
Comacchio;C912;8;38;38;6;38006;Nord-est;Emilia-Romagna;Ferrara;1;38006;38006;38006;ITH;ITH5;ITH56;ITH;ITH5;ITH56;
Copparo;C980;8;38;38;7;38007;Nord-est;Emilia-Romagna;Ferrara;1;38007;38007;38007;ITH;ITH5;ITH56;ITH;ITH5;ITH56;
Ferrara;D548;8;38;38;8;38008;Nord-est;Emilia-Romagna;Ferrara;1;38008;38008;38008;ITH;ITH5;ITH56;ITH;ITH5;ITH56;
Jolanda di Savoia;E320;8;38;38;10;38010;Nord-est;Emilia-Romagna;Ferrara;1;38010;38010;38010;ITH;ITH5;ITH56;ITH;ITH5;ITH56;
Lagosanto;E410;8;38;38;11;38011;Nord-est;Emilia-Romagna;Ferrara;1;38011;38011;38011;ITH;ITH5;ITH56;ITH;ITH5;ITH56;
Masi Torello;F016;8;38;38;12;38012;Nord-est;Emilia-Romagna;Ferrara;1;38012;38012;38012;ITH;ITH5;ITH56;ITH;ITH5;ITH56;
Mesola;F156;8;38;38;14;38014;Nord-est;Emilia-Romagna;Ferrara;1;38014;38014;38014;ITH;ITH5;ITH56;ITH;ITH5;ITH56;
Ostellato;G184;8;38;38;17;38017;Nord-est;Emilia-Romagna;Ferrara;1;38017;38017;38017;ITH;ITH5;ITH56;ITH;ITH5;ITH56;
Poggio Renatico;G768;8;38;38;18;38018;Nord-est;Emilia-Romagna;Ferrara;1;38018;38018;38018;ITH;ITH5;ITH56;ITH;ITH5;ITH56;
Portomaggiore;G916;8;38;38;19;38019;Nord-est;Emilia-Romagna;Ferrara;1;38019;38019;38019;ITH;ITH5;ITH56;ITH;ITH5;ITH56;
Vigarano Mainarda;L868;8;38;38;22;38022;Nord-est;Emilia-Romagna;Ferrara;1;38022;38022;38022;ITH;ITH5;ITH56;ITH;ITH5;ITH56;
Voghiera;M110;8;38;38;23;38023;Nord-est;Emilia-Romagna;Ferrara;1;38023;38023;38023;ITH;ITH5;ITH56;ITH;ITH5;ITH56;
Goro;E107;8;38;38;25;38025;Nord-est;Emilia-Romagna;Ferrara;1;38025;38025;38025;ITH;ITH5;ITH56;ITH;ITH5;ITH56;
Fiscaglia;M323;8;38;38;27;38027;Nord-est;Emilia-Romagna;Ferrara;1;38027;38027;38027;ITH;ITH5;ITH56;ITH;ITH5;ITH56;
Terre del Reno;M381;8;38;38;28;38028;Nord-est;Emilia-Romagna;Ferrara;1;38028;38028;38028;ITH;ITH5;ITH56;ITH;ITH5;ITH56;
Riva del Po;M410;8;38;38;29;38029;Nord-est;Emilia-Romagna;Ferrara;1;38029;38029;38029;ITH;ITH5;ITH56;ITH;ITH5;ITH56;
Tresignana;M409;8;38;38;30;38030;Nord-est;Emilia-Romagna;Ferrara;1;38030;38030;38030;ITH;ITH5;ITH56;ITH;ITH5;ITH56;
Alfonsine;A191;8;39;39;1;39001;Nord-est;Emilia-Romagna;Ravenna;1;39001;39001;39001;ITH;ITH5;ITH57;ITH;ITH5;ITH57;
Bagnacavallo;A547;8;39;39;2;39002;Nord-est;Emilia-Romagna;Ravenna;1;39002;39002;39002;ITH;ITH5;ITH57;ITH;ITH5;ITH57;
Bagnara di Romagna;A551;8;39;39;3;39003;Nord-est;Emilia-Romagna;Ravenna;1;39003;39003;39003;ITH;ITH5;ITH57;ITH;ITH5;ITH57;
Brisighella;B188;8;39;39;4;39004;Nord-est;Emilia-Romagna;Ravenna;1;39004;39004;39004;ITH;ITH5;ITH57;ITH;ITH5;ITH57;
Casola Valsenio;B982;8;39;39;5;39005;Nord-est;Emilia-Romagna;Ravenna;1;39005;39005;39005;ITH;ITH5;ITH57;ITH;ITH5;ITH57;
Castel Bolognese;C065;8;39;39;6;39006;Nord-est;Emilia-Romagna;Ravenna;1;39006;39006;39006;ITH;ITH5;ITH57;ITH;ITH5;ITH57;
Cervia;C553;8;39;39;7;39007;Nord-est;Emilia-Romagna;Ravenna;1;39007;39007;39007;ITH;ITH5;ITH57;ITH;ITH5;ITH57;
Conselice;C963;8;39;39;8;39008;Nord-est;Emilia-Romagna;Ravenna;1;39008;39008;39008;ITH;ITH5;ITH57;ITH;ITH5;ITH57;
Cotignola;D121;8;39;39;9;39009;Nord-est;Emilia-Romagna;Ravenna;1;39009;39009;39009;ITH;ITH5;ITH57;ITH;ITH5;ITH57;
Faenza;D458;8;39;39;10;39010;Nord-est;Emilia-Romagna;Ravenna;1;39010;39010;39010;ITH;ITH5;ITH57;ITH;ITH5;ITH57;
Fusignano;D829;8;39;39;11;39011;Nord-est;Emilia-Romagna;Ravenna;1;39011;39011;39011;ITH;ITH5;ITH57;ITH;ITH5;ITH57;
Lugo;E730;8;39;39;12;39012;Nord-est;Emilia-Romagna;Ravenna;1;39012;39012;39012;ITH;ITH5;ITH57;ITH;ITH5;ITH57;
Massa Lombarda;F029;8;39;39;13;39013;Nord-est;Emilia-Romagna;Ravenna;1;39013;39013;39013;ITH;ITH5;ITH57;ITH;ITH5;ITH57;
Ravenna;H199;8;39;39;14;39014;Nord-est;Emilia-Romagna;Ravenna;1;39014;39014;39014;ITH;ITH5;ITH57;ITH;ITH5;ITH57;
Riolo Terme;H302;8;39;39;15;39015;Nord-est;Emilia-Romagna;Ravenna;1;39015;39015;39015;ITH;ITH5;ITH57;ITH;ITH5;ITH57;
Russi;H642;8;39;39;16;39016;Nord-est;Emilia-Romagna;Ravenna;1;39016;39016;39016;ITH;ITH5;ITH57;ITH;ITH5;ITH57;
Sant'Agata sul Santerno;I196;8;39;39;17;39017;Nord-est;Emilia-Romagna;Ravenna;1;39017;39017;39017;ITH;ITH5;ITH57;ITH;ITH5;ITH57;
Solarolo;I787;8;39;39;18;39018;Nord-est;Emilia-Romagna;Ravenna;1;39018;39018;39018;ITH;ITH5;ITH57;ITH;ITH5;ITH57;
Bagno di Romagna;A565;8;40;40;1;40001;Nord-est;Emilia-Romagna;ForlÏ-Cesena;1;40001;40001;40001;ITH;ITH5;ITH58;ITH;ITH5;ITH58;
Bertinoro;A809;8;40;40;3;40003;Nord-est;Emilia-Romagna;ForlÏ-Cesena;1;40003;40003;40003;ITH;ITH5;ITH58;ITH;ITH5;ITH58;
Borghi;B001;8;40;40;4;40004;Nord-est;Emilia-Romagna;ForlÏ-Cesena;1;40004;40004;40004;ITH;ITH5;ITH58;ITH;ITH5;ITH58;
Castrocaro Terme e Terra del Sole;C339;8;40;40;5;40005;Nord-est;Emilia-Romagna;ForlÏ-Cesena;1;40005;40005;40005;ITH;ITH5;ITH58;ITH;ITH5;ITH58;
Cesena;C573;8;40;40;7;40007;Nord-est;Emilia-Romagna;ForlÏ-Cesena;1;40007;40007;40007;ITH;ITH5;ITH58;ITH;ITH5;ITH58;
Cesenatico;C574;8;40;40;8;40008;Nord-est;Emilia-Romagna;ForlÏ-Cesena;1;40008;40008;40008;ITH;ITH5;ITH58;ITH;ITH5;ITH58;
Civitella di Romagna;C777;8;40;40;9;40009;Nord-est;Emilia-Romagna;ForlÏ-Cesena;1;40009;40009;40009;ITH;ITH5;ITH58;ITH;ITH5;ITH58;
Dovadola;D357;8;40;40;11;40011;Nord-est;Emilia-Romagna;ForlÏ-Cesena;1;40011;40011;40011;ITH;ITH5;ITH58;ITH;ITH5;ITH58;
ForlÏ;D704;8;40;40;12;40012;Nord-est;Emilia-Romagna;ForlÏ-Cesena;1;40012;40012;40012;ITH;ITH5;ITH58;ITH;ITH5;ITH58;
Forlimpopoli;D705;8;40;40;13;40013;Nord-est;Emilia-Romagna;ForlÏ-Cesena;1;40013;40013;40013;ITH;ITH5;ITH58;ITH;ITH5;ITH58;
Galeata;D867;8;40;40;14;40014;Nord-est;Emilia-Romagna;ForlÏ-Cesena;1;40014;40014;40014;ITH;ITH5;ITH58;ITH;ITH5;ITH58;
Gambettola;D899;8;40;40;15;40015;Nord-est;Emilia-Romagna;ForlÏ-Cesena;1;40015;40015;40015;ITH;ITH5;ITH58;ITH;ITH5;ITH58;
Gatteo;D935;8;40;40;16;40016;Nord-est;Emilia-Romagna;ForlÏ-Cesena;1;40016;40016;40016;ITH;ITH5;ITH58;ITH;ITH5;ITH58;
Longiano;E675;8;40;40;18;40018;Nord-est;Emilia-Romagna;ForlÏ-Cesena;1;40018;40018;40018;ITH;ITH5;ITH58;ITH;ITH5;ITH58;
Meldola;F097;8;40;40;19;40019;Nord-est;Emilia-Romagna;ForlÏ-Cesena;1;40019;40019;40019;ITH;ITH5;ITH58;ITH;ITH5;ITH58;
Mercato Saraceno;F139;8;40;40;20;40020;Nord-est;Emilia-Romagna;ForlÏ-Cesena;1;40020;40020;40020;ITH;ITH5;ITH58;ITH;ITH5;ITH58;
Modigliana;F259;8;40;40;22;40022;Nord-est;Emilia-Romagna;ForlÏ-Cesena;1;40022;40022;40022;ITH;ITH5;ITH58;ITH;ITH5;ITH58;
Montiano;F668;8;40;40;28;40028;Nord-est;Emilia-Romagna;ForlÏ-Cesena;1;40028;40028;40028;ITH;ITH5;ITH58;ITH;ITH5;ITH58;
Portico e San Benedetto;G904;8;40;40;31;40031;Nord-est;Emilia-Romagna;ForlÏ-Cesena;1;40031;40031;40031;ITH;ITH5;ITH58;ITH;ITH5;ITH58;
Predappio;H017;8;40;40;32;40032;Nord-est;Emilia-Romagna;ForlÏ-Cesena;1;40032;40032;40032;ITH;ITH5;ITH58;ITH;ITH5;ITH58;
Premilcuore;H034;8;40;40;33;40033;Nord-est;Emilia-Romagna;ForlÏ-Cesena;1;40033;40033;40033;ITH;ITH5;ITH58;ITH;ITH5;ITH58;
Rocca San Casciano;H437;8;40;40;36;40036;Nord-est;Emilia-Romagna;ForlÏ-Cesena;1;40036;40036;40036;ITH;ITH5;ITH58;ITH;ITH5;ITH58;
Roncofreddo;H542;8;40;40;37;40037;Nord-est;Emilia-Romagna;ForlÏ-Cesena;1;40037;40037;40037;ITH;ITH5;ITH58;ITH;ITH5;ITH58;
San Mauro Pascoli;I027;8;40;40;41;40041;Nord-est;Emilia-Romagna;ForlÏ-Cesena;1;40041;40041;40041;ITH;ITH5;ITH58;ITH;ITH5;ITH58;
Santa Sofia;I310;8;40;40;43;40043;Nord-est;Emilia-Romagna;ForlÏ-Cesena;1;40043;40043;40043;ITH;ITH5;ITH58;ITH;ITH5;ITH58;
Sarsina;I444;8;40;40;44;40044;Nord-est;Emilia-Romagna;ForlÏ-Cesena;1;40044;40044;40044;ITH;ITH5;ITH58;ITH;ITH5;ITH58;
Savignano sul Rubicone;I472;8;40;40;45;40045;Nord-est;Emilia-Romagna;ForlÏ-Cesena;1;40045;40045;40045;ITH;ITH5;ITH58;ITH;ITH5;ITH58;
Sogliano al Rubicone;I779;8;40;40;46;40046;Nord-est;Emilia-Romagna;ForlÏ-Cesena;1;40046;40046;40046;ITH;ITH5;ITH58;ITH;ITH5;ITH58;
Tredozio;L361;8;40;40;49;40049;Nord-est;Emilia-Romagna;ForlÏ-Cesena;1;40049;40049;40049;ITH;ITH5;ITH58;ITH;ITH5;ITH58;
Verghereto;L764;8;40;40;50;40050;Nord-est;Emilia-Romagna;ForlÏ-Cesena;1;40050;40050;40050;ITH;ITH5;ITH58;ITH;ITH5;ITH58;
Bellaria-Igea Marina;A747;8;99;99;1;99001;Nord-est;Emilia-Romagna;Rimini;1;99001;99001;99001;ITH;ITH5;ITH59;ITH;ITH5;ITH59;
Cattolica;C357;8;99;99;2;99002;Nord-est;Emilia-Romagna;Rimini;1;99002;99002;99002;ITH;ITH5;ITH59;ITH;ITH5;ITH59;
Coriano;D004;8;99;99;3;99003;Nord-est;Emilia-Romagna;Rimini;1;99003;99003;99003;ITH;ITH5;ITH59;ITH;ITH5;ITH59;
Gemmano;D961;8;99;99;4;99004;Nord-est;Emilia-Romagna;Rimini;1;99004;99004;99004;ITH;ITH5;ITH59;ITH;ITH5;ITH59;
Misano Adriatico;F244;8;99;99;5;99005;Nord-est;Emilia-Romagna;Rimini;1;99005;99005;99005;ITH;ITH5;ITH59;ITH;ITH5;ITH59;
Mondaino;F346;8;99;99;6;99006;Nord-est;Emilia-Romagna;Rimini;1;99006;99006;99006;ITH;ITH5;ITH59;ITH;ITH5;ITH59;
Montefiore Conca;F502;8;99;99;8;99008;Nord-est;Emilia-Romagna;Rimini;1;99008;99008;99008;ITH;ITH5;ITH59;ITH;ITH5;ITH59;
Montegridolfo;F523;8;99;99;9;99009;Nord-est;Emilia-Romagna;Rimini;1;99009;99009;99009;ITH;ITH5;ITH59;ITH;ITH5;ITH59;
Morciano di Romagna;F715;8;99;99;11;99011;Nord-est;Emilia-Romagna;Rimini;1;99011;99011;99011;ITH;ITH5;ITH59;ITH;ITH5;ITH59;
Riccione;H274;8;99;99;13;99013;Nord-est;Emilia-Romagna;Rimini;1;99013;99013;99013;ITH;ITH5;ITH59;ITH;ITH5;ITH59;
Rimini;H294;8;99;99;14;99014;Nord-est;Emilia-Romagna;Rimini;1;99014;99014;99014;ITH;ITH5;ITH59;ITH;ITH5;ITH59;
Saludecio;H724;8;99;99;15;99015;Nord-est;Emilia-Romagna;Rimini;1;99015;99015;99015;ITH;ITH5;ITH59;ITH;ITH5;ITH59;
San Clemente;H801;8;99;99;16;99016;Nord-est;Emilia-Romagna;Rimini;1;99016;99016;99016;ITH;ITH5;ITH59;ITH;ITH5;ITH59;
San Giovanni in Marignano;H921;8;99;99;17;99017;Nord-est;Emilia-Romagna;Rimini;1;99017;99017;99017;ITH;ITH5;ITH59;ITH;ITH5;ITH59;
Santarcangelo di Romagna;I304;8;99;99;18;99018;Nord-est;Emilia-Romagna;Rimini;1;99018;99018;99018;ITH;ITH5;ITH59;ITH;ITH5;ITH59;
Verucchio;L797;8;99;99;20;99020;Nord-est;Emilia-Romagna;Rimini;1;99020;99020;99020;ITH;ITH5;ITH59;ITH;ITH5;ITH59;
Casteldelci;C080;8;99;99;21;99021;Nord-est;Emilia-Romagna;Rimini;1;99021;41011;41011;ITH;ITH5;ITH59;ITH;ITH5;ITH59;
Maiolo;E838;8;99;99;22;99022;Nord-est;Emilia-Romagna;Rimini;1;99022;41024;41024;ITH;ITH5;ITH59;ITH;ITH5;ITH59;
Novafeltria;F137;8;99;99;23;99023;Nord-est;Emilia-Romagna;Rimini;1;99023;41039;41039;ITH;ITH5;ITH59;ITH;ITH5;ITH59;
Pennabilli;G433;8;99;99;24;99024;Nord-est;Emilia-Romagna;Rimini;1;99024;41042;41042;ITH;ITH5;ITH59;ITH;ITH5;ITH59;
San Leo;H949;8;99;99;25;99025;Nord-est;Emilia-Romagna;Rimini;1;99025;41053;41053;ITH;ITH5;ITH59;ITH;ITH5;ITH59;
Sant'Agata Feltria;I201;8;99;99;26;99026;Nord-est;Emilia-Romagna;Rimini;1;99026;41055;41055;ITH;ITH5;ITH59;ITH;ITH5;ITH59;
Talamello;L034;8;99;99;27;99027;Nord-est;Emilia-Romagna;Rimini;1;99027;41063;41063;ITH;ITH5;ITH59;ITH;ITH5;ITH59;
Poggio Torriana;M324;8;99;99;28;99028;Nord-est;Emilia-Romagna;Rimini;1;99028;99028;99028;ITH;ITH5;ITH59;ITH;ITH5;ITH59;
Montescudo-Monte Colombo;M368;8;99;99;29;99029;Nord-est;Emilia-Romagna;Rimini;1;99029;99029;99029;ITH;ITH5;ITH59;ITH;ITH5;ITH59;
Montecopiolo;F478;8;99;99;30;99030;Nord-est;Emilia-Romagna;Rimini;1;41033;41033;41033;ITI;ITI31;ITI31;ITH;ITH5;ITH59;
Sassofeltrio;I460;8;99;99;31;99031;Nord-est;Emilia-Romagna;Rimini;1;41060;41060;41060;ITI;ITI31;ITI31;ITH;ITH5;ITH59;
Aulla;A496;9;45;45;1;45001;Centro;Toscana;Massa-Carrara;1;45001;45001;45001;ITI;ITI1;ITI11;ITI;ITI1;ITI11;
Bagnone;A576;9;45;45;2;45002;Centro;Toscana;Massa-Carrara;1;45002;45002;45002;ITI;ITI1;ITI11;ITI;ITI1;ITI11;
Carrara;B832;9;45;45;3;45003;Centro;Toscana;Massa-Carrara;1;45003;45003;45003;ITI;ITI1;ITI11;ITI;ITI1;ITI11;
Casola in Lunigiana;B979;9;45;45;4;45004;Centro;Toscana;Massa-Carrara;1;45004;45004;45004;ITI;ITI1;ITI11;ITI;ITI1;ITI11;
Comano;C914;9;45;45;5;45005;Centro;Toscana;Massa-Carrara;1;45005;45005;45005;ITI;ITI1;ITI11;ITI;ITI1;ITI11;
Filattiera;D590;9;45;45;6;45006;Centro;Toscana;Massa-Carrara;1;45006;45006;45006;ITI;ITI1;ITI11;ITI;ITI1;ITI11;
Fivizzano;D629;9;45;45;7;45007;Centro;Toscana;Massa-Carrara;1;45007;45007;45007;ITI;ITI1;ITI11;ITI;ITI1;ITI11;
Fosdinovo;D735;9;45;45;8;45008;Centro;Toscana;Massa-Carrara;1;45008;45008;45008;ITI;ITI1;ITI11;ITI;ITI1;ITI11;
Licciana Nardi;E574;9;45;45;9;45009;Centro;Toscana;Massa-Carrara;1;45009;45009;45009;ITI;ITI1;ITI11;ITI;ITI1;ITI11;
Massa;F023;9;45;45;10;45010;Centro;Toscana;Massa-Carrara;1;45010;45010;45010;ITI;ITI1;ITI11;ITI;ITI1;ITI11;
Montignoso;F679;9;45;45;11;45011;Centro;Toscana;Massa-Carrara;1;45011;45011;45011;ITI;ITI1;ITI11;ITI;ITI1;ITI11;
Mulazzo;F802;9;45;45;12;45012;Centro;Toscana;Massa-Carrara;1;45012;45012;45012;ITI;ITI1;ITI11;ITI;ITI1;ITI11;
Podenzana;G746;9;45;45;13;45013;Centro;Toscana;Massa-Carrara;1;45013;45013;45013;ITI;ITI1;ITI11;ITI;ITI1;ITI11;
Pontremoli;G870;9;45;45;14;45014;Centro;Toscana;Massa-Carrara;1;45014;45014;45014;ITI;ITI1;ITI11;ITI;ITI1;ITI11;
Tresana;L386;9;45;45;15;45015;Centro;Toscana;Massa-Carrara;1;45015;45015;45015;ITI;ITI1;ITI11;ITI;ITI1;ITI11;
Villafranca in Lunigiana;L946;9;45;45;16;45016;Centro;Toscana;Massa-Carrara;1;45016;45016;45016;ITI;ITI1;ITI11;ITI;ITI1;ITI11;
Zeri;M169;9;45;45;17;45017;Centro;Toscana;Massa-Carrara;1;45017;45017;45017;ITI;ITI1;ITI11;ITI;ITI1;ITI11;
Altopascio;A241;9;46;46;1;46001;Centro;Toscana;Lucca;1;46001;46001;46001;ITI;ITI1;ITI12;ITI;ITI1;ITI12;
Bagni di Lucca;A560;9;46;46;2;46002;Centro;Toscana;Lucca;1;46002;46002;46002;ITI;ITI1;ITI12;ITI;ITI1;ITI12;
Barga;A657;9;46;46;3;46003;Centro;Toscana;Lucca;1;46003;46003;46003;ITI;ITI1;ITI12;ITI;ITI1;ITI12;
Borgo a Mozzano;B007;9;46;46;4;46004;Centro;Toscana;Lucca;1;46004;46004;46004;ITI;ITI1;ITI12;ITI;ITI1;ITI12;
Camaiore;B455;9;46;46;5;46005;Centro;Toscana;Lucca;1;46005;46005;46005;ITI;ITI1;ITI12;ITI;ITI1;ITI12;
Camporgiano;B557;9;46;46;6;46006;Centro;Toscana;Lucca;1;46006;46006;46006;ITI;ITI1;ITI12;ITI;ITI1;ITI12;
Capannori;B648;9;46;46;7;46007;Centro;Toscana;Lucca;1;46007;46007;46007;ITI;ITI1;ITI12;ITI;ITI1;ITI12;
Careggine;B760;9;46;46;8;46008;Centro;Toscana;Lucca;1;46008;46008;46008;ITI;ITI1;ITI12;ITI;ITI1;ITI12;
Castelnuovo di Garfagnana;C236;9;46;46;9;46009;Centro;Toscana;Lucca;1;46009;46009;46009;ITI;ITI1;ITI12;ITI;ITI1;ITI12;
Castiglione di Garfagnana;C303;9;46;46;10;46010;Centro;Toscana;Lucca;1;46010;46010;46010;ITI;ITI1;ITI12;ITI;ITI1;ITI12;
Coreglia Antelminelli;C996;9;46;46;11;46011;Centro;Toscana;Lucca;1;46011;46011;46011;ITI;ITI1;ITI12;ITI;ITI1;ITI12;
Forte dei Marmi;D730;9;46;46;13;46013;Centro;Toscana;Lucca;1;46013;46013;46013;ITI;ITI1;ITI12;ITI;ITI1;ITI12;
Fosciandora;D734;9;46;46;14;46014;Centro;Toscana;Lucca;1;46014;46014;46014;ITI;ITI1;ITI12;ITI;ITI1;ITI12;
Gallicano;D874;9;46;46;15;46015;Centro;Toscana;Lucca;1;46015;46015;46015;ITI;ITI1;ITI12;ITI;ITI1;ITI12;
Lucca;E715;9;46;46;17;46017;Centro;Toscana;Lucca;1;46017;46017;46017;ITI;ITI1;ITI12;ITI;ITI1;ITI12;
Massarosa;F035;9;46;46;18;46018;Centro;Toscana;Lucca;1;46018;46018;46018;ITI;ITI1;ITI12;ITI;ITI1;ITI12;
Minucciano;F225;9;46;46;19;46019;Centro;Toscana;Lucca;1;46019;46019;46019;ITI;ITI1;ITI12;ITI;ITI1;ITI12;
Molazzana;F283;9;46;46;20;46020;Centro;Toscana;Lucca;1;46020;46020;46020;ITI;ITI1;ITI12;ITI;ITI1;ITI12;
Montecarlo;F452;9;46;46;21;46021;Centro;Toscana;Lucca;1;46021;46021;46021;ITI;ITI1;ITI12;ITI;ITI1;ITI12;
Pescaglia;G480;9;46;46;22;46022;Centro;Toscana;Lucca;1;46022;46022;46022;ITI;ITI1;ITI12;ITI;ITI1;ITI12;
Piazza al Serchio;G582;9;46;46;23;46023;Centro;Toscana;Lucca;1;46023;46023;46023;ITI;ITI1;ITI12;ITI;ITI1;ITI12;
Pietrasanta;G628;9;46;46;24;46024;Centro;Toscana;Lucca;1;46024;46024;46024;ITI;ITI1;ITI12;ITI;ITI1;ITI12;
Pieve Fosciana;G648;9;46;46;25;46025;Centro;Toscana;Lucca;1;46025;46025;46025;ITI;ITI1;ITI12;ITI;ITI1;ITI12;
Porcari;G882;9;46;46;26;46026;Centro;Toscana;Lucca;1;46026;46026;46026;ITI;ITI1;ITI12;ITI;ITI1;ITI12;
San Romano in Garfagnana;I142;9;46;46;27;46027;Centro;Toscana;Lucca;1;46027;46027;46027;ITI;ITI1;ITI12;ITI;ITI1;ITI12;
Seravezza;I622;9;46;46;28;46028;Centro;Toscana;Lucca;1;46028;46028;46028;ITI;ITI1;ITI12;ITI;ITI1;ITI12;
Stazzema;I942;9;46;46;30;46030;Centro;Toscana;Lucca;1;46030;46030;46030;ITI;ITI1;ITI12;ITI;ITI1;ITI12;
Vagli Sotto;L533;9;46;46;31;46031;Centro;Toscana;Lucca;1;46031;46031;46031;ITI;ITI1;ITI12;ITI;ITI1;ITI12;
Viareggio;L833;9;46;46;33;46033;Centro;Toscana;Lucca;1;46033;46033;46033;ITI;ITI1;ITI12;ITI;ITI1;ITI12;
Villa Basilica;L913;9;46;46;34;46034;Centro;Toscana;Lucca;1;46034;46034;46034;ITI;ITI1;ITI12;ITI;ITI1;ITI12;
Villa Collemandina;L926;9;46;46;35;46035;Centro;Toscana;Lucca;1;46035;46035;46035;ITI;ITI1;ITI12;ITI;ITI1;ITI12;
Fabbriche di Vergemoli;M319;9;46;46;36;46036;Centro;Toscana;Lucca;1;46036;46036;46036;ITI;ITI1;ITI12;ITI;ITI1;ITI12;
Sillano Giuncugnano;M347;9;46;46;37;46037;Centro;Toscana;Lucca;1;46037;46037;46037;ITI;ITI1;ITI12;ITI;ITI1;ITI12;
Agliana;A071;9;47;47;2;47002;Centro;Toscana;Pistoia;1;47002;47002;47002;ITI;ITI1;ITI13;ITI;ITI1;ITI13;
Buggiano;B251;9;47;47;3;47003;Centro;Toscana;Pistoia;1;47003;47003;47003;ITI;ITI1;ITI13;ITI;ITI1;ITI13;
Lamporecchio;E432;9;47;47;5;47005;Centro;Toscana;Pistoia;1;47005;47005;47005;ITI;ITI1;ITI13;ITI;ITI1;ITI13;
Larciano;E451;9;47;47;6;47006;Centro;Toscana;Pistoia;1;47006;47006;47006;ITI;ITI1;ITI13;ITI;ITI1;ITI13;
Marliana;E960;9;47;47;7;47007;Centro;Toscana;Pistoia;1;47007;47007;47007;ITI;ITI1;ITI13;ITI;ITI1;ITI13;
Massa e Cozzile;F025;9;47;47;8;47008;Centro;Toscana;Pistoia;1;47008;47008;47008;ITI;ITI1;ITI13;ITI;ITI1;ITI13;
Monsummano Terme;F384;9;47;47;9;47009;Centro;Toscana;Pistoia;1;47009;47009;47009;ITI;ITI1;ITI13;ITI;ITI1;ITI13;
Montale;F410;9;47;47;10;47010;Centro;Toscana;Pistoia;1;47010;47010;47010;ITI;ITI1;ITI13;ITI;ITI1;ITI13;
Montecatini-Terme;A561;9;47;47;11;47011;Centro;Toscana;Pistoia;1;47011;47011;47011;ITI;ITI1;ITI13;ITI;ITI1;ITI13;
Pescia;G491;9;47;47;12;47012;Centro;Toscana;Pistoia;1;47012;47012;47012;ITI;ITI1;ITI13;ITI;ITI1;ITI13;
Pieve a Nievole;G636;9;47;47;13;47013;Centro;Toscana;Pistoia;1;47013;47013;47013;ITI;ITI1;ITI13;ITI;ITI1;ITI13;
Pistoia;G713;9;47;47;14;47014;Centro;Toscana;Pistoia;1;47014;47014;47014;ITI;ITI1;ITI13;ITI;ITI1;ITI13;
Ponte Buggianese;G833;9;47;47;16;47016;Centro;Toscana;Pistoia;1;47016;47016;47016;ITI;ITI1;ITI13;ITI;ITI1;ITI13;
Quarrata;H109;9;47;47;17;47017;Centro;Toscana;Pistoia;1;47017;47017;47017;ITI;ITI1;ITI13;ITI;ITI1;ITI13;
Sambuca Pistoiese;H744;9;47;47;18;47018;Centro;Toscana;Pistoia;1;47018;47018;47018;ITI;ITI1;ITI13;ITI;ITI1;ITI13;
Serravalle Pistoiese;I660;9;47;47;20;47020;Centro;Toscana;Pistoia;1;47020;47020;47020;ITI;ITI1;ITI13;ITI;ITI1;ITI13;
Uzzano;L522;9;47;47;21;47021;Centro;Toscana;Pistoia;1;47021;47021;47021;ITI;ITI1;ITI13;ITI;ITI1;ITI13;
Chiesina Uzzanese;C631;9;47;47;22;47022;Centro;Toscana;Pistoia;1;47022;47022;47022;ITI;ITI1;ITI13;ITI;ITI1;ITI13;
Abetone Cutigliano;M376;9;47;47;23;47023;Centro;Toscana;Pistoia;1;47023;47023;47023;ITI;ITI1;ITI13;ITI;ITI1;ITI13;
San Marcello Piteglio;M377;9;47;47;24;47024;Centro;Toscana;Pistoia;1;47024;47024;47024;ITI;ITI1;ITI13;ITI;ITI1;ITI13;
Bagno a Ripoli;A564;9;248;48;1;48001;Centro;Toscana;Firenze;3;48001;48001;48001;ITI;ITI1;ITI14;ITI;ITI1;ITI14;
Barberino di Mugello;A632;9;248;48;2;48002;Centro;Toscana;Firenze;3;48002;48002;48002;ITI;ITI1;ITI14;ITI;ITI1;ITI14;
Borgo San Lorenzo;B036;9;248;48;4;48004;Centro;Toscana;Firenze;3;48004;48004;48004;ITI;ITI1;ITI14;ITI;ITI1;ITI14;
Calenzano;B406;9;248;48;5;48005;Centro;Toscana;Firenze;3;48005;48005;48005;ITI;ITI1;ITI14;ITI;ITI1;ITI14;
Campi Bisenzio;B507;9;248;48;6;48006;Centro;Toscana;Firenze;3;48006;48006;48006;ITI;ITI1;ITI14;ITI;ITI1;ITI14;
Capraia e Limite;B684;9;248;48;8;48008;Centro;Toscana;Firenze;3;48008;48008;48008;ITI;ITI1;ITI14;ITI;ITI1;ITI14;
Castelfiorentino;C101;9;248;48;10;48010;Centro;Toscana;Firenze;3;48010;48010;48010;ITI;ITI1;ITI14;ITI;ITI1;ITI14;
Cerreto Guidi;C529;9;248;48;11;48011;Centro;Toscana;Firenze;3;48011;48011;48011;ITI;ITI1;ITI14;ITI;ITI1;ITI14;
Certaldo;C540;9;248;48;12;48012;Centro;Toscana;Firenze;3;48012;48012;48012;ITI;ITI1;ITI14;ITI;ITI1;ITI14;
Dicomano;D299;9;248;48;13;48013;Centro;Toscana;Firenze;3;48013;48013;48013;ITI;ITI1;ITI14;ITI;ITI1;ITI14;
Empoli;D403;9;248;48;14;48014;Centro;Toscana;Firenze;3;48014;48014;48014;ITI;ITI1;ITI14;ITI;ITI1;ITI14;
Fiesole;D575;9;248;48;15;48015;Centro;Toscana;Firenze;3;48015;48015;48015;ITI;ITI1;ITI14;ITI;ITI1;ITI14;
Firenze;D612;9;248;48;17;48017;Centro;Toscana;Firenze;3;48017;48017;48017;ITI;ITI1;ITI14;ITI;ITI1;ITI14;
Firenzuola;D613;9;248;48;18;48018;Centro;Toscana;Firenze;3;48018;48018;48018;ITI;ITI1;ITI14;ITI;ITI1;ITI14;
Fucecchio;D815;9;248;48;19;48019;Centro;Toscana;Firenze;3;48019;48019;48019;ITI;ITI1;ITI14;ITI;ITI1;ITI14;
Gambassi Terme;D895;9;248;48;20;48020;Centro;Toscana;Firenze;3;48020;48020;48020;ITI;ITI1;ITI14;ITI;ITI1;ITI14;
Greve in Chianti;E169;9;248;48;21;48021;Centro;Toscana;Firenze;3;48021;48021;48021;ITI;ITI1;ITI14;ITI;ITI1;ITI14;
Impruneta;E291;9;248;48;22;48022;Centro;Toscana;Firenze;3;48022;48022;48022;ITI;ITI1;ITI14;ITI;ITI1;ITI14;
Lastra a Signa;E466;9;248;48;24;48024;Centro;Toscana;Firenze;3;48024;48024;48024;ITI;ITI1;ITI14;ITI;ITI1;ITI14;
Londa;E668;9;248;48;25;48025;Centro;Toscana;Firenze;3;48025;48025;48025;ITI;ITI1;ITI14;ITI;ITI1;ITI14;
Marradi;E971;9;248;48;26;48026;Centro;Toscana;Firenze;3;48026;48026;48026;ITI;ITI1;ITI14;ITI;ITI1;ITI14;
Montaione;F398;9;248;48;27;48027;Centro;Toscana;Firenze;3;48027;48027;48027;ITI;ITI1;ITI14;ITI;ITI1;ITI14;
Montelupo Fiorentino;F551;9;248;48;28;48028;Centro;Toscana;Firenze;3;48028;48028;48028;ITI;ITI1;ITI14;ITI;ITI1;ITI14;
Montespertoli;F648;9;248;48;30;48030;Centro;Toscana;Firenze;3;48030;48030;48030;ITI;ITI1;ITI14;ITI;ITI1;ITI14;
Palazzuolo sul Senio;G270;9;248;48;31;48031;Centro;Toscana;Firenze;3;48031;48031;48031;ITI;ITI1;ITI14;ITI;ITI1;ITI14;
Pelago;G420;9;248;48;32;48032;Centro;Toscana;Firenze;3;48032;48032;48032;ITI;ITI1;ITI14;ITI;ITI1;ITI14;
Pontassieve;G825;9;248;48;33;48033;Centro;Toscana;Firenze;3;48033;48033;48033;ITI;ITI1;ITI14;ITI;ITI1;ITI14;
Reggello;H222;9;248;48;35;48035;Centro;Toscana;Firenze;3;48035;48035;48035;ITI;ITI1;ITI14;ITI;ITI1;ITI14;
Rignano sull'Arno;H286;9;248;48;36;48036;Centro;Toscana;Firenze;3;48036;48036;48036;ITI;ITI1;ITI14;ITI;ITI1;ITI14;
Rufina;H635;9;248;48;37;48037;Centro;Toscana;Firenze;3;48037;48037;48037;ITI;ITI1;ITI14;ITI;ITI1;ITI14;
San Casciano in Val di Pesa;H791;9;248;48;38;48038;Centro;Toscana;Firenze;3;48038;48038;48038;ITI;ITI1;ITI14;ITI;ITI1;ITI14;
San Godenzo;H937;9;248;48;39;48039;Centro;Toscana;Firenze;3;48039;48039;48039;ITI;ITI1;ITI14;ITI;ITI1;ITI14;
Scandicci;B962;9;248;48;41;48041;Centro;Toscana;Firenze;3;48041;48041;48041;ITI;ITI1;ITI14;ITI;ITI1;ITI14;
Sesto Fiorentino;I684;9;248;48;43;48043;Centro;Toscana;Firenze;3;48043;48043;48043;ITI;ITI1;ITI14;ITI;ITI1;ITI14;
Signa;I728;9;248;48;44;48044;Centro;Toscana;Firenze;3;48044;48044;48044;ITI;ITI1;ITI14;ITI;ITI1;ITI14;
Vaglia;L529;9;248;48;46;48046;Centro;Toscana;Firenze;3;48046;48046;48046;ITI;ITI1;ITI14;ITI;ITI1;ITI14;
Vicchio;L838;9;248;48;49;48049;Centro;Toscana;Firenze;3;48049;48049;48049;ITI;ITI1;ITI14;ITI;ITI1;ITI14;
Vinci;M059;9;248;48;50;48050;Centro;Toscana;Firenze;3;48050;48050;48050;ITI;ITI1;ITI14;ITI;ITI1;ITI14;
Figline e Incisa Valdarno;M321;9;248;48;52;48052;Centro;Toscana;Firenze;3;48052;48052;48052;ITI;ITI1;ITI14;ITI;ITI1;ITI14;
Scarperia e San Piero;M326;9;248;48;53;48053;Centro;Toscana;Firenze;3;48053;48053;48053;ITI;ITI1;ITI14;ITI;ITI1;ITI14;
Barberino Tavarnelle;M408;9;248;48;54;48054;Centro;Toscana;Firenze;3;48054;48054;48054;ITI;ITI1;ITI14;ITI;ITI1;ITI14;
Bibbona;A852;9;49;49;1;49001;Centro;Toscana;Livorno;1;49001;49001;49001;ITI;ITI1;ITI16;ITI;ITI1;ITI16;
Campiglia Marittima;B509;9;49;49;2;49002;Centro;Toscana;Livorno;1;49002;49002;49002;ITI;ITI1;ITI16;ITI;ITI1;ITI16;
Campo nell'Elba;B553;9;49;49;3;49003;Centro;Toscana;Livorno;1;49003;49003;49003;ITI;ITI1;ITI16;ITI;ITI1;ITI16;
Capoliveri;B669;9;49;49;4;49004;Centro;Toscana;Livorno;1;49004;49004;49004;ITI;ITI1;ITI16;ITI;ITI1;ITI16;
Capraia Isola;B685;9;49;49;5;49005;Centro;Toscana;Livorno;1;49005;49005;49005;ITI;ITI1;ITI16;ITI;ITI1;ITI16;
Castagneto Carducci;C044;9;49;49;6;49006;Centro;Toscana;Livorno;1;49006;49006;49006;ITI;ITI1;ITI16;ITI;ITI1;ITI16;
Cecina;C415;9;49;49;7;49007;Centro;Toscana;Livorno;1;49007;49007;49007;ITI;ITI1;ITI16;ITI;ITI1;ITI16;
Collesalvetti;C869;9;49;49;8;49008;Centro;Toscana;Livorno;1;49008;49008;49008;ITI;ITI1;ITI16;ITI;ITI1;ITI16;
Livorno;E625;9;49;49;9;49009;Centro;Toscana;Livorno;1;49009;49009;49009;ITI;ITI1;ITI16;ITI;ITI1;ITI16;
Marciana;E930;9;49;49;10;49010;Centro;Toscana;Livorno;1;49010;49010;49010;ITI;ITI1;ITI16;ITI;ITI1;ITI16;
Marciana Marina;E931;9;49;49;11;49011;Centro;Toscana;Livorno;1;49011;49011;49011;ITI;ITI1;ITI16;ITI;ITI1;ITI16;
Piombino;G687;9;49;49;12;49012;Centro;Toscana;Livorno;1;49012;49012;49012;ITI;ITI1;ITI16;ITI;ITI1;ITI16;
Porto Azzurro;E680;9;49;49;13;49013;Centro;Toscana;Livorno;1;49013;49013;49013;ITI;ITI1;ITI16;ITI;ITI1;ITI16;
Portoferraio;G912;9;49;49;14;49014;Centro;Toscana;Livorno;1;49014;49014;49014;ITI;ITI1;ITI16;ITI;ITI1;ITI16;
Rosignano Marittimo;H570;9;49;49;17;49017;Centro;Toscana;Livorno;1;49017;49017;49017;ITI;ITI1;ITI16;ITI;ITI1;ITI16;
San Vincenzo;I390;9;49;49;18;49018;Centro;Toscana;Livorno;1;49018;49018;49018;ITI;ITI1;ITI16;ITI;ITI1;ITI16;
Sassetta;I454;9;49;49;19;49019;Centro;Toscana;Livorno;1;49019;49019;49019;ITI;ITI1;ITI16;ITI;ITI1;ITI16;
Suvereto;L019;9;49;49;20;49020;Centro;Toscana;Livorno;1;49020;49020;49020;ITI;ITI1;ITI16;ITI;ITI1;ITI16;
Rio;M391;9;49;49;21;49021;Centro;Toscana;Livorno;1;49021;49021;49021;ITI;ITI1;ITI16;ITI;ITI1;ITI16;
Bientina;A864;9;50;50;1;50001;Centro;Toscana;Pisa;1;50001;50001;50001;ITI;ITI1;ITI17;ITI;ITI1;ITI17;
Buti;B303;9;50;50;2;50002;Centro;Toscana;Pisa;1;50002;50002;50002;ITI;ITI1;ITI17;ITI;ITI1;ITI17;
Calci;B390;9;50;50;3;50003;Centro;Toscana;Pisa;1;50003;50003;50003;ITI;ITI1;ITI17;ITI;ITI1;ITI17;
Calcinaia;B392;9;50;50;4;50004;Centro;Toscana;Pisa;1;50004;50004;50004;ITI;ITI1;ITI17;ITI;ITI1;ITI17;
Capannoli;B647;9;50;50;5;50005;Centro;Toscana;Pisa;1;50005;50005;50005;ITI;ITI1;ITI17;ITI;ITI1;ITI17;
Casale Marittimo;B878;9;50;50;6;50006;Centro;Toscana;Pisa;1;50006;50006;50006;ITI;ITI1;ITI17;ITI;ITI1;ITI17;
Cascina;B950;9;50;50;8;50008;Centro;Toscana;Pisa;1;50008;50008;50008;ITI;ITI1;ITI17;ITI;ITI1;ITI17;
Castelfranco di Sotto;C113;9;50;50;9;50009;Centro;Toscana;Pisa;1;50009;50009;50009;ITI;ITI1;ITI17;ITI;ITI1;ITI17;
Castellina Marittima;C174;9;50;50;10;50010;Centro;Toscana;Pisa;1;50010;50010;50010;ITI;ITI1;ITI17;ITI;ITI1;ITI17;
Castelnuovo di Val di Cecina;C244;9;50;50;11;50011;Centro;Toscana;Pisa;1;50011;50011;50011;ITI;ITI1;ITI17;ITI;ITI1;ITI17;
Chianni;C609;9;50;50;12;50012;Centro;Toscana;Pisa;1;50012;50012;50012;ITI;ITI1;ITI17;ITI;ITI1;ITI17;
Fauglia;D510;9;50;50;14;50014;Centro;Toscana;Pisa;1;50014;50014;50014;ITI;ITI1;ITI17;ITI;ITI1;ITI17;
Guardistallo;E250;9;50;50;15;50015;Centro;Toscana;Pisa;1;50015;50015;50015;ITI;ITI1;ITI17;ITI;ITI1;ITI17;
Lajatico;E413;9;50;50;16;50016;Centro;Toscana;Pisa;1;50016;50016;50016;ITI;ITI1;ITI17;ITI;ITI1;ITI17;
Montecatini Val di Cecina;F458;9;50;50;19;50019;Centro;Toscana;Pisa;1;50019;50019;50019;ITI;ITI1;ITI17;ITI;ITI1;ITI17;
Montescudaio;F640;9;50;50;20;50020;Centro;Toscana;Pisa;1;50020;50020;50020;ITI;ITI1;ITI17;ITI;ITI1;ITI17;
Monteverdi Marittimo;F661;9;50;50;21;50021;Centro;Toscana;Pisa;1;50021;50021;50021;ITI;ITI1;ITI17;ITI;ITI1;ITI17;
Montopoli in Val d'Arno;F686;9;50;50;22;50022;Centro;Toscana;Pisa;1;50022;50022;50022;ITI;ITI1;ITI17;ITI;ITI1;ITI17;
Orciano Pisano;G090;9;50;50;23;50023;Centro;Toscana;Pisa;1;50023;50023;50023;ITI;ITI1;ITI17;ITI;ITI1;ITI17;
Palaia;G254;9;50;50;24;50024;Centro;Toscana;Pisa;1;50024;50024;50024;ITI;ITI1;ITI17;ITI;ITI1;ITI17;
Peccioli;G395;9;50;50;25;50025;Centro;Toscana;Pisa;1;50025;50025;50025;ITI;ITI1;ITI17;ITI;ITI1;ITI17;
Pisa;G702;9;50;50;26;50026;Centro;Toscana;Pisa;1;50026;50026;50026;ITI;ITI1;ITI17;ITI;ITI1;ITI17;
Pomarance;G804;9;50;50;27;50027;Centro;Toscana;Pisa;1;50027;50027;50027;ITI;ITI1;ITI17;ITI;ITI1;ITI17;
Ponsacco;G822;9;50;50;28;50028;Centro;Toscana;Pisa;1;50028;50028;50028;ITI;ITI1;ITI17;ITI;ITI1;ITI17;
Pontedera;G843;9;50;50;29;50029;Centro;Toscana;Pisa;1;50029;50029;50029;ITI;ITI1;ITI17;ITI;ITI1;ITI17;
Riparbella;H319;9;50;50;30;50030;Centro;Toscana;Pisa;1;50030;50030;50030;ITI;ITI1;ITI17;ITI;ITI1;ITI17;
San Giuliano Terme;A562;9;50;50;31;50031;Centro;Toscana;Pisa;1;50031;50031;50031;ITI;ITI1;ITI17;ITI;ITI1;ITI17;
San Miniato;I046;9;50;50;32;50032;Centro;Toscana;Pisa;1;50032;50032;50032;ITI;ITI1;ITI17;ITI;ITI1;ITI17;
Santa Croce sull'Arno;I177;9;50;50;33;50033;Centro;Toscana;Pisa;1;50033;50033;50033;ITI;ITI1;ITI17;ITI;ITI1;ITI17;
Santa Luce;I217;9;50;50;34;50034;Centro;Toscana;Pisa;1;50034;50034;50034;ITI;ITI1;ITI17;ITI;ITI1;ITI17;
Santa Maria a Monte;I232;9;50;50;35;50035;Centro;Toscana;Pisa;1;50035;50035;50035;ITI;ITI1;ITI17;ITI;ITI1;ITI17;
Terricciola;L138;9;50;50;36;50036;Centro;Toscana;Pisa;1;50036;50036;50036;ITI;ITI1;ITI17;ITI;ITI1;ITI17;
Vecchiano;L702;9;50;50;37;50037;Centro;Toscana;Pisa;1;50037;50037;50037;ITI;ITI1;ITI17;ITI;ITI1;ITI17;
Vicopisano;L850;9;50;50;38;50038;Centro;Toscana;Pisa;1;50038;50038;50038;ITI;ITI1;ITI17;ITI;ITI1;ITI17;
Volterra;M126;9;50;50;39;50039;Centro;Toscana;Pisa;1;50039;50039;50039;ITI;ITI1;ITI17;ITI;ITI1;ITI17;
Casciana Terme Lari;M327;9;50;50;40;50040;Centro;Toscana;Pisa;1;50040;50040;50040;ITI;ITI1;ITI17;ITI;ITI1;ITI17;
Crespina Lorenzana;M328;9;50;50;41;50041;Centro;Toscana;Pisa;1;50041;50041;50041;ITI;ITI1;ITI17;ITI;ITI1;ITI17;
Anghiari;A291;9;51;51;1;51001;Centro;Toscana;Arezzo;1;51001;51001;51001;ITI;ITI1;ITI18;ITI;ITI1;ITI18;
Arezzo;A390;9;51;51;2;51002;Centro;Toscana;Arezzo;1;51002;51002;51002;ITI;ITI1;ITI18;ITI;ITI1;ITI18;
Badia Tedalda;A541;9;51;51;3;51003;Centro;Toscana;Arezzo;1;51003;51003;51003;ITI;ITI1;ITI18;ITI;ITI1;ITI18;
Bibbiena;A851;9;51;51;4;51004;Centro;Toscana;Arezzo;1;51004;51004;51004;ITI;ITI1;ITI18;ITI;ITI1;ITI18;
Bucine;B243;9;51;51;5;51005;Centro;Toscana;Arezzo;1;51005;51005;51005;ITI;ITI1;ITI18;ITI;ITI1;ITI18;
Capolona;B670;9;51;51;6;51006;Centro;Toscana;Arezzo;1;51006;51006;51006;ITI;ITI1;ITI18;ITI;ITI1;ITI18;
Caprese Michelangelo;B693;9;51;51;7;51007;Centro;Toscana;Arezzo;1;51007;51007;51007;ITI;ITI1;ITI18;ITI;ITI1;ITI18;
Castel Focognano;C102;9;51;51;8;51008;Centro;Toscana;Arezzo;1;51008;51008;51008;ITI;ITI1;ITI18;ITI;ITI1;ITI18;
Castel San NiccolÚ;C263;9;51;51;10;51010;Centro;Toscana;Arezzo;1;51010;51010;51010;ITI;ITI1;ITI18;ITI;ITI1;ITI18;
Castiglion Fibocchi;C318;9;51;51;11;51011;Centro;Toscana;Arezzo;1;51011;51011;51011;ITI;ITI1;ITI18;ITI;ITI1;ITI18;
Castiglion Fiorentino;C319;9;51;51;12;51012;Centro;Toscana;Arezzo;1;51012;51012;51012;ITI;ITI1;ITI18;ITI;ITI1;ITI18;
Cavriglia;C407;9;51;51;13;51013;Centro;Toscana;Arezzo;1;51013;51013;51013;ITI;ITI1;ITI18;ITI;ITI1;ITI18;
Chitignano;C648;9;51;51;14;51014;Centro;Toscana;Arezzo;1;51014;51014;51014;ITI;ITI1;ITI18;ITI;ITI1;ITI18;
Chiusi della Verna;C663;9;51;51;15;51015;Centro;Toscana;Arezzo;1;51015;51015;51015;ITI;ITI1;ITI18;ITI;ITI1;ITI18;
Civitella in Val di Chiana;C774;9;51;51;16;51016;Centro;Toscana;Arezzo;1;51016;51016;51016;ITI;ITI1;ITI18;ITI;ITI1;ITI18;
Cortona;D077;9;51;51;17;51017;Centro;Toscana;Arezzo;1;51017;51017;51017;ITI;ITI1;ITI18;ITI;ITI1;ITI18;
Foiano della Chiana;D649;9;51;51;18;51018;Centro;Toscana;Arezzo;1;51018;51018;51018;ITI;ITI1;ITI18;ITI;ITI1;ITI18;
Loro Ciuffenna;E693;9;51;51;20;51020;Centro;Toscana;Arezzo;1;51020;51020;51020;ITI;ITI1;ITI18;ITI;ITI1;ITI18;
Lucignano;E718;9;51;51;21;51021;Centro;Toscana;Arezzo;1;51021;51021;51021;ITI;ITI1;ITI18;ITI;ITI1;ITI18;
Marciano della Chiana;E933;9;51;51;22;51022;Centro;Toscana;Arezzo;1;51022;51022;51022;ITI;ITI1;ITI18;ITI;ITI1;ITI18;
Montemignaio;F565;9;51;51;23;51023;Centro;Toscana;Arezzo;1;51023;51023;51023;ITI;ITI1;ITI18;ITI;ITI1;ITI18;
Monterchi;F594;9;51;51;24;51024;Centro;Toscana;Arezzo;1;51024;51024;51024;ITI;ITI1;ITI18;ITI;ITI1;ITI18;
Monte San Savino;F628;9;51;51;25;51025;Centro;Toscana;Arezzo;1;51025;51025;51025;ITI;ITI1;ITI18;ITI;ITI1;ITI18;
Montevarchi;F656;9;51;51;26;51026;Centro;Toscana;Arezzo;1;51026;51026;51026;ITI;ITI1;ITI18;ITI;ITI1;ITI18;
Ortignano Raggiolo;G139;9;51;51;27;51027;Centro;Toscana;Arezzo;1;51027;51027;51027;ITI;ITI1;ITI18;ITI;ITI1;ITI18;
Pieve Santo Stefano;G653;9;51;51;30;51030;Centro;Toscana;Arezzo;1;51030;51030;51030;ITI;ITI1;ITI18;ITI;ITI1;ITI18;
Poppi;G879;9;51;51;31;51031;Centro;Toscana;Arezzo;1;51031;51031;51031;ITI;ITI1;ITI18;ITI;ITI1;ITI18;
San Giovanni Valdarno;H901;9;51;51;33;51033;Centro;Toscana;Arezzo;1;51033;51033;51033;ITI;ITI1;ITI18;ITI;ITI1;ITI18;
Sansepolcro;I155;9;51;51;34;51034;Centro;Toscana;Arezzo;1;51034;51034;51034;ITI;ITI1;ITI18;ITI;ITI1;ITI18;
Sestino;I681;9;51;51;35;51035;Centro;Toscana;Arezzo;1;51035;51035;51035;ITI;ITI1;ITI18;ITI;ITI1;ITI18;
Subbiano;I991;9;51;51;37;51037;Centro;Toscana;Arezzo;1;51037;51037;51037;ITI;ITI1;ITI18;ITI;ITI1;ITI18;
Talla;L038;9;51;51;38;51038;Centro;Toscana;Arezzo;1;51038;51038;51038;ITI;ITI1;ITI18;ITI;ITI1;ITI18;
Terranuova Bracciolini;L123;9;51;51;39;51039;Centro;Toscana;Arezzo;1;51039;51039;51039;ITI;ITI1;ITI18;ITI;ITI1;ITI18;
Castelfranco PiandiscÚ;M322;9;51;51;40;51040;Centro;Toscana;Arezzo;1;51040;51040;51040;ITI;ITI1;ITI18;ITI;ITI1;ITI18;
Pratovecchio Stia;M329;9;51;51;41;51041;Centro;Toscana;Arezzo;1;51041;51041;51041;ITI;ITI1;ITI18;ITI;ITI1;ITI18;
Laterina Pergine Valdarno;M392;9;51;51;42;51042;Centro;Toscana;Arezzo;1;51042;51042;51042;ITI;ITI1;ITI18;ITI;ITI1;ITI18;
Abbadia San Salvatore;A006;9;52;52;1;52001;Centro;Toscana;Siena;1;52001;52001;52001;ITI;ITI1;ITI19;ITI;ITI1;ITI19;
Asciano;A461;9;52;52;2;52002;Centro;Toscana;Siena;1;52002;52002;52002;ITI;ITI1;ITI19;ITI;ITI1;ITI19;
Buonconvento;B269;9;52;52;3;52003;Centro;Toscana;Siena;1;52003;52003;52003;ITI;ITI1;ITI19;ITI;ITI1;ITI19;
Casole d'Elsa;B984;9;52;52;4;52004;Centro;Toscana;Siena;1;52004;52004;52004;ITI;ITI1;ITI19;ITI;ITI1;ITI19;
Castellina in Chianti;C172;9;52;52;5;52005;Centro;Toscana;Siena;1;52005;52005;52005;ITI;ITI1;ITI19;ITI;ITI1;ITI19;
Castelnuovo Berardenga;C227;9;52;52;6;52006;Centro;Toscana;Siena;1;52006;52006;52006;ITI;ITI1;ITI19;ITI;ITI1;ITI19;
Castiglione d'Orcia;C313;9;52;52;7;52007;Centro;Toscana;Siena;1;52007;52007;52007;ITI;ITI1;ITI19;ITI;ITI1;ITI19;
Cetona;C587;9;52;52;8;52008;Centro;Toscana;Siena;1;52008;52008;52008;ITI;ITI1;ITI19;ITI;ITI1;ITI19;
Chianciano Terme;C608;9;52;52;9;52009;Centro;Toscana;Siena;1;52009;52009;52009;ITI;ITI1;ITI19;ITI;ITI1;ITI19;
Chiusdino;C661;9;52;52;10;52010;Centro;Toscana;Siena;1;52010;52010;52010;ITI;ITI1;ITI19;ITI;ITI1;ITI19;
Chiusi;C662;9;52;52;11;52011;Centro;Toscana;Siena;1;52011;52011;52011;ITI;ITI1;ITI19;ITI;ITI1;ITI19;
Colle di Val d'Elsa;C847;9;52;52;12;52012;Centro;Toscana;Siena;1;52012;52012;52012;ITI;ITI1;ITI19;ITI;ITI1;ITI19;
Gaiole in Chianti;D858;9;52;52;13;52013;Centro;Toscana;Siena;1;52013;52013;52013;ITI;ITI1;ITI19;ITI;ITI1;ITI19;
Montepulciano;F592;9;52;52;15;52015;Centro;Toscana;Siena;1;52015;52015;52015;ITI;ITI1;ITI19;ITI;ITI1;ITI19;
Monteriggioni;F598;9;52;52;16;52016;Centro;Toscana;Siena;1;52016;52016;52016;ITI;ITI1;ITI19;ITI;ITI1;ITI19;
Monteroni d'Arbia;F605;9;52;52;17;52017;Centro;Toscana;Siena;1;52017;52017;52017;ITI;ITI1;ITI19;ITI;ITI1;ITI19;
Monticiano;F676;9;52;52;18;52018;Centro;Toscana;Siena;1;52018;52018;52018;ITI;ITI1;ITI19;ITI;ITI1;ITI19;
Murlo;F815;9;52;52;19;52019;Centro;Toscana;Siena;1;52019;52019;52019;ITI;ITI1;ITI19;ITI;ITI1;ITI19;
Piancastagnaio;G547;9;52;52;20;52020;Centro;Toscana;Siena;1;52020;52020;52020;ITI;ITI1;ITI19;ITI;ITI1;ITI19;
Pienza;G602;9;52;52;21;52021;Centro;Toscana;Siena;1;52021;52021;52021;ITI;ITI1;ITI19;ITI;ITI1;ITI19;
Poggibonsi;G752;9;52;52;22;52022;Centro;Toscana;Siena;1;52022;52022;52022;ITI;ITI1;ITI19;ITI;ITI1;ITI19;
Radda in Chianti;H153;9;52;52;23;52023;Centro;Toscana;Siena;1;52023;52023;52023;ITI;ITI1;ITI19;ITI;ITI1;ITI19;
Radicofani;H156;9;52;52;24;52024;Centro;Toscana;Siena;1;52024;52024;52024;ITI;ITI1;ITI19;ITI;ITI1;ITI19;
Radicondoli;H157;9;52;52;25;52025;Centro;Toscana;Siena;1;52025;52025;52025;ITI;ITI1;ITI19;ITI;ITI1;ITI19;
Rapolano Terme;H185;9;52;52;26;52026;Centro;Toscana;Siena;1;52026;52026;52026;ITI;ITI1;ITI19;ITI;ITI1;ITI19;
San Casciano dei Bagni;H790;9;52;52;27;52027;Centro;Toscana;Siena;1;52027;52027;52027;ITI;ITI1;ITI19;ITI;ITI1;ITI19;
San Gimignano;H875;9;52;52;28;52028;Centro;Toscana;Siena;1;52028;52028;52028;ITI;ITI1;ITI19;ITI;ITI1;ITI19;
San Quirico d'Orcia;I135;9;52;52;30;52030;Centro;Toscana;Siena;1;52030;52030;52030;ITI;ITI1;ITI19;ITI;ITI1;ITI19;
Sarteano;I445;9;52;52;31;52031;Centro;Toscana;Siena;1;52031;52031;52031;ITI;ITI1;ITI19;ITI;ITI1;ITI19;
Siena;I726;9;52;52;32;52032;Centro;Toscana;Siena;1;52032;52032;52032;ITI;ITI1;ITI19;ITI;ITI1;ITI19;
Sinalunga;A468;9;52;52;33;52033;Centro;Toscana;Siena;1;52033;52033;52033;ITI;ITI1;ITI19;ITI;ITI1;ITI19;
Sovicille;I877;9;52;52;34;52034;Centro;Toscana;Siena;1;52034;52034;52034;ITI;ITI1;ITI19;ITI;ITI1;ITI19;
Torrita di Siena;L303;9;52;52;35;52035;Centro;Toscana;Siena;1;52035;52035;52035;ITI;ITI1;ITI19;ITI;ITI1;ITI19;
Trequanda;L384;9;52;52;36;52036;Centro;Toscana;Siena;1;52036;52036;52036;ITI;ITI1;ITI19;ITI;ITI1;ITI19;
Montalcino;M378;9;52;52;37;52037;Centro;Toscana;Siena;1;52037;52037;52037;ITI;ITI1;ITI19;ITI;ITI1;ITI19;
Arcidosso;A369;9;53;53;1;53001;Centro;Toscana;Grosseto;1;53001;53001;53001;ITI;ITI1;ITI1A;ITI;ITI1;ITI1A;
Campagnatico;B497;9;53;53;2;53002;Centro;Toscana;Grosseto;1;53002;53002;53002;ITI;ITI1;ITI1A;ITI;ITI1;ITI1A;
Capalbio;B646;9;53;53;3;53003;Centro;Toscana;Grosseto;1;53003;53003;53003;ITI;ITI1;ITI1A;ITI;ITI1;ITI1A;
Castel del Piano;C085;9;53;53;4;53004;Centro;Toscana;Grosseto;1;53004;53004;53004;ITI;ITI1;ITI1A;ITI;ITI1;ITI1A;
Castell'Azzara;C147;9;53;53;5;53005;Centro;Toscana;Grosseto;1;53005;53005;53005;ITI;ITI1;ITI1A;ITI;ITI1;ITI1A;
Castiglione della Pescaia;C310;9;53;53;6;53006;Centro;Toscana;Grosseto;1;53006;53006;53006;ITI;ITI1;ITI1A;ITI;ITI1;ITI1A;
Cinigiano;C705;9;53;53;7;53007;Centro;Toscana;Grosseto;1;53007;53007;53007;ITI;ITI1;ITI1A;ITI;ITI1;ITI1A;
Civitella Paganico;C782;9;53;53;8;53008;Centro;Toscana;Grosseto;1;53008;53008;53008;ITI;ITI1;ITI1A;ITI;ITI1;ITI1A;
Follonica;D656;9;53;53;9;53009;Centro;Toscana;Grosseto;1;53009;53009;53009;ITI;ITI1;ITI1A;ITI;ITI1;ITI1A;
Gavorrano;D948;9;53;53;10;53010;Centro;Toscana;Grosseto;1;53010;53010;53010;ITI;ITI1;ITI1A;ITI;ITI1;ITI1A;
Grosseto;E202;9;53;53;11;53011;Centro;Toscana;Grosseto;1;53011;53011;53011;ITI;ITI1;ITI1A;ITI;ITI1;ITI1A;
Isola del Giglio;E348;9;53;53;12;53012;Centro;Toscana;Grosseto;1;53012;53012;53012;ITI;ITI1;ITI1A;ITI;ITI1;ITI1A;
Magliano in Toscana;E810;9;53;53;13;53013;Centro;Toscana;Grosseto;1;53013;53013;53013;ITI;ITI1;ITI1A;ITI;ITI1;ITI1A;
Manciano;E875;9;53;53;14;53014;Centro;Toscana;Grosseto;1;53014;53014;53014;ITI;ITI1;ITI1A;ITI;ITI1;ITI1A;
Massa Marittima;F032;9;53;53;15;53015;Centro;Toscana;Grosseto;1;53015;53015;53015;ITI;ITI1;ITI1A;ITI;ITI1;ITI1A;
Monte Argentario;F437;9;53;53;16;53016;Centro;Toscana;Grosseto;1;53016;53016;53016;ITI;ITI1;ITI1A;ITI;ITI1;ITI1A;
Montieri;F677;9;53;53;17;53017;Centro;Toscana;Grosseto;1;53017;53017;53017;ITI;ITI1;ITI1A;ITI;ITI1;ITI1A;
Orbetello;G088;9;53;53;18;53018;Centro;Toscana;Grosseto;1;53018;53018;53018;ITI;ITI1;ITI1A;ITI;ITI1;ITI1A;
Pitigliano;G716;9;53;53;19;53019;Centro;Toscana;Grosseto;1;53019;53019;53019;ITI;ITI1;ITI1A;ITI;ITI1;ITI1A;
Roccalbegna;H417;9;53;53;20;53020;Centro;Toscana;Grosseto;1;53020;53020;53020;ITI;ITI1;ITI1A;ITI;ITI1;ITI1A;
Roccastrada;H449;9;53;53;21;53021;Centro;Toscana;Grosseto;1;53021;53021;53021;ITI;ITI1;ITI1A;ITI;ITI1;ITI1A;
Santa Fiora;I187;9;53;53;22;53022;Centro;Toscana;Grosseto;1;53022;53022;53022;ITI;ITI1;ITI1A;ITI;ITI1;ITI1A;
Scansano;I504;9;53;53;23;53023;Centro;Toscana;Grosseto;1;53023;53023;53023;ITI;ITI1;ITI1A;ITI;ITI1;ITI1A;
Scarlino;I510;9;53;53;24;53024;Centro;Toscana;Grosseto;1;53024;53024;53024;ITI;ITI1;ITI1A;ITI;ITI1;ITI1A;
Seggiano;I571;9;53;53;25;53025;Centro;Toscana;Grosseto;1;53025;53025;53025;ITI;ITI1;ITI1A;ITI;ITI1;ITI1A;
Sorano;I841;9;53;53;26;53026;Centro;Toscana;Grosseto;1;53026;53026;53026;ITI;ITI1;ITI1A;ITI;ITI1;ITI1A;
Monterotondo Marittimo;F612;9;53;53;27;53027;Centro;Toscana;Grosseto;1;53027;53027;53027;ITI;ITI1;ITI1A;ITI;ITI1;ITI1A;
Semproniano;I601;9;53;53;28;53028;Centro;Toscana;Grosseto;1;53028;53028;53028;ITI;ITI1;ITI1A;ITI;ITI1;ITI1A;
Cantagallo;B626;9;100;100;1;100001;Centro;Toscana;Prato;1;100001;100001;100001;ITI;ITI1;ITI15;ITI;ITI1;ITI15;
Carmignano;B794;9;100;100;2;100002;Centro;Toscana;Prato;1;100002;100002;100002;ITI;ITI1;ITI15;ITI;ITI1;ITI15;
Montemurlo;F572;9;100;100;3;100003;Centro;Toscana;Prato;1;100003;100003;100003;ITI;ITI1;ITI15;ITI;ITI1;ITI15;
Poggio a Caiano;G754;9;100;100;4;100004;Centro;Toscana;Prato;1;100004;100004;100004;ITI;ITI1;ITI15;ITI;ITI1;ITI15;
Prato;G999;9;100;100;5;100005;Centro;Toscana;Prato;1;100005;100005;100005;ITI;ITI1;ITI15;ITI;ITI1;ITI15;
Vaiano;L537;9;100;100;6;100006;Centro;Toscana;Prato;1;100006;100006;100006;ITI;ITI1;ITI15;ITI;ITI1;ITI15;
Vernio;L775;9;100;100;7;100007;Centro;Toscana;Prato;1;100007;100007;100007;ITI;ITI1;ITI15;ITI;ITI1;ITI15;
Assisi;A475;10;54;54;1;54001;Centro;Umbria;Perugia;1;54001;54001;54001;ITI;ITI2;ITI21;ITI;ITI2;ITI21;
Bastia Umbra;A710;10;54;54;2;54002;Centro;Umbria;Perugia;1;54002;54002;54002;ITI;ITI2;ITI21;ITI;ITI2;ITI21;
Bettona;A832;10;54;54;3;54003;Centro;Umbria;Perugia;1;54003;54003;54003;ITI;ITI2;ITI21;ITI;ITI2;ITI21;
Bevagna;A835;10;54;54;4;54004;Centro;Umbria;Perugia;1;54004;54004;54004;ITI;ITI2;ITI21;ITI;ITI2;ITI21;
Campello sul Clitunno;B504;10;54;54;5;54005;Centro;Umbria;Perugia;1;54005;54005;54005;ITI;ITI2;ITI21;ITI;ITI2;ITI21;
Cannara;B609;10;54;54;6;54006;Centro;Umbria;Perugia;1;54006;54006;54006;ITI;ITI2;ITI21;ITI;ITI2;ITI21;
Cascia;B948;10;54;54;7;54007;Centro;Umbria;Perugia;1;54007;54007;54007;ITI;ITI2;ITI21;ITI;ITI2;ITI21;
Castel Ritaldi;C252;10;54;54;8;54008;Centro;Umbria;Perugia;1;54008;54008;54008;ITI;ITI2;ITI21;ITI;ITI2;ITI21;
Castiglione del Lago;C309;10;54;54;9;54009;Centro;Umbria;Perugia;1;54009;54009;54009;ITI;ITI2;ITI21;ITI;ITI2;ITI21;
Cerreto di Spoleto;C527;10;54;54;10;54010;Centro;Umbria;Perugia;1;54010;54010;54010;ITI;ITI2;ITI21;ITI;ITI2;ITI21;
Citerna;C742;10;54;54;11;54011;Centro;Umbria;Perugia;1;54011;54011;54011;ITI;ITI2;ITI21;ITI;ITI2;ITI21;
Citt‡ della Pieve;C744;10;54;54;12;54012;Centro;Umbria;Perugia;1;54012;54012;54012;ITI;ITI2;ITI21;ITI;ITI2;ITI21;
Citt‡ di Castello;C745;10;54;54;13;54013;Centro;Umbria;Perugia;1;54013;54013;54013;ITI;ITI2;ITI21;ITI;ITI2;ITI21;
Collazzone;C845;10;54;54;14;54014;Centro;Umbria;Perugia;1;54014;54014;54014;ITI;ITI2;ITI21;ITI;ITI2;ITI21;
Corciano;C990;10;54;54;15;54015;Centro;Umbria;Perugia;1;54015;54015;54015;ITI;ITI2;ITI21;ITI;ITI2;ITI21;
Costacciaro;D108;10;54;54;16;54016;Centro;Umbria;Perugia;1;54016;54016;54016;ITI;ITI2;ITI21;ITI;ITI2;ITI21;
Deruta;D279;10;54;54;17;54017;Centro;Umbria;Perugia;1;54017;54017;54017;ITI;ITI2;ITI21;ITI;ITI2;ITI21;
Foligno;D653;10;54;54;18;54018;Centro;Umbria;Perugia;1;54018;54018;54018;ITI;ITI2;ITI21;ITI;ITI2;ITI21;
Fossato di Vico;D745;10;54;54;19;54019;Centro;Umbria;Perugia;1;54019;54019;54019;ITI;ITI2;ITI21;ITI;ITI2;ITI21;
Fratta Todina;D787;10;54;54;20;54020;Centro;Umbria;Perugia;1;54020;54020;54020;ITI;ITI2;ITI21;ITI;ITI2;ITI21;
Giano dell'Umbria;E012;10;54;54;21;54021;Centro;Umbria;Perugia;1;54021;54021;54021;ITI;ITI2;ITI21;ITI;ITI2;ITI21;
Gualdo Cattaneo;E229;10;54;54;22;54022;Centro;Umbria;Perugia;1;54022;54022;54022;ITI;ITI2;ITI21;ITI;ITI2;ITI21;
Gualdo Tadino;E230;10;54;54;23;54023;Centro;Umbria;Perugia;1;54023;54023;54023;ITI;ITI2;ITI21;ITI;ITI2;ITI21;
Gubbio;E256;10;54;54;24;54024;Centro;Umbria;Perugia;1;54024;54024;54024;ITI;ITI2;ITI21;ITI;ITI2;ITI21;
Lisciano Niccone;E613;10;54;54;25;54025;Centro;Umbria;Perugia;1;54025;54025;54025;ITI;ITI2;ITI21;ITI;ITI2;ITI21;
Magione;E805;10;54;54;26;54026;Centro;Umbria;Perugia;1;54026;54026;54026;ITI;ITI2;ITI21;ITI;ITI2;ITI21;
Marsciano;E975;10;54;54;27;54027;Centro;Umbria;Perugia;1;54027;54027;54027;ITI;ITI2;ITI21;ITI;ITI2;ITI21;
Massa Martana;F024;10;54;54;28;54028;Centro;Umbria;Perugia;1;54028;54028;54028;ITI;ITI2;ITI21;ITI;ITI2;ITI21;
Monte Castello di Vibio;F456;10;54;54;29;54029;Centro;Umbria;Perugia;1;54029;54029;54029;ITI;ITI2;ITI21;ITI;ITI2;ITI21;
Montefalco;F492;10;54;54;30;54030;Centro;Umbria;Perugia;1;54030;54030;54030;ITI;ITI2;ITI21;ITI;ITI2;ITI21;
Monteleone di Spoleto;F540;10;54;54;31;54031;Centro;Umbria;Perugia;1;54031;54031;54031;ITI;ITI2;ITI21;ITI;ITI2;ITI21;
Monte Santa Maria Tiberina;F629;10;54;54;32;54032;Centro;Umbria;Perugia;1;54032;54032;54032;ITI;ITI2;ITI21;ITI;ITI2;ITI21;
Montone;F685;10;54;54;33;54033;Centro;Umbria;Perugia;1;54033;54033;54033;ITI;ITI2;ITI21;ITI;ITI2;ITI21;
Nocera Umbra;F911;10;54;54;34;54034;Centro;Umbria;Perugia;1;54034;54034;54034;ITI;ITI2;ITI21;ITI;ITI2;ITI21;
Norcia;F935;10;54;54;35;54035;Centro;Umbria;Perugia;1;54035;54035;54035;ITI;ITI2;ITI21;ITI;ITI2;ITI21;
Paciano;G212;10;54;54;36;54036;Centro;Umbria;Perugia;1;54036;54036;54036;ITI;ITI2;ITI21;ITI;ITI2;ITI21;
Panicale;G308;10;54;54;37;54037;Centro;Umbria;Perugia;1;54037;54037;54037;ITI;ITI2;ITI21;ITI;ITI2;ITI21;
Passignano sul Trasimeno;G359;10;54;54;38;54038;Centro;Umbria;Perugia;1;54038;54038;54038;ITI;ITI2;ITI21;ITI;ITI2;ITI21;
Perugia;G478;10;54;54;39;54039;Centro;Umbria;Perugia;1;54039;54039;54039;ITI;ITI2;ITI21;ITI;ITI2;ITI21;
Piegaro;G601;10;54;54;40;54040;Centro;Umbria;Perugia;1;54040;54040;54040;ITI;ITI2;ITI21;ITI;ITI2;ITI21;
Pietralunga;G618;10;54;54;41;54041;Centro;Umbria;Perugia;1;54041;54041;54041;ITI;ITI2;ITI21;ITI;ITI2;ITI21;
Poggiodomo;G758;10;54;54;42;54042;Centro;Umbria;Perugia;1;54042;54042;54042;ITI;ITI2;ITI21;ITI;ITI2;ITI21;
Preci;H015;10;54;54;43;54043;Centro;Umbria;Perugia;1;54043;54043;54043;ITI;ITI2;ITI21;ITI;ITI2;ITI21;
San Giustino;H935;10;54;54;44;54044;Centro;Umbria;Perugia;1;54044;54044;54044;ITI;ITI2;ITI21;ITI;ITI2;ITI21;
Sant'Anatolia di Narco;I263;10;54;54;45;54045;Centro;Umbria;Perugia;1;54045;54045;54045;ITI;ITI2;ITI21;ITI;ITI2;ITI21;
Scheggia e Pascelupo;I522;10;54;54;46;54046;Centro;Umbria;Perugia;1;54046;54046;54046;ITI;ITI2;ITI21;ITI;ITI2;ITI21;
Scheggino;I523;10;54;54;47;54047;Centro;Umbria;Perugia;1;54047;54047;54047;ITI;ITI2;ITI21;ITI;ITI2;ITI21;
Sellano;I585;10;54;54;48;54048;Centro;Umbria;Perugia;1;54048;54048;54048;ITI;ITI2;ITI21;ITI;ITI2;ITI21;
Sigillo;I727;10;54;54;49;54049;Centro;Umbria;Perugia;1;54049;54049;54049;ITI;ITI2;ITI21;ITI;ITI2;ITI21;
Spello;I888;10;54;54;50;54050;Centro;Umbria;Perugia;1;54050;54050;54050;ITI;ITI2;ITI21;ITI;ITI2;ITI21;
Spoleto;I921;10;54;54;51;54051;Centro;Umbria;Perugia;1;54051;54051;54051;ITI;ITI2;ITI21;ITI;ITI2;ITI21;
Todi;L188;10;54;54;52;54052;Centro;Umbria;Perugia;1;54052;54052;54052;ITI;ITI2;ITI21;ITI;ITI2;ITI21;
Torgiano;L216;10;54;54;53;54053;Centro;Umbria;Perugia;1;54053;54053;54053;ITI;ITI2;ITI21;ITI;ITI2;ITI21;
Trevi;L397;10;54;54;54;54054;Centro;Umbria;Perugia;1;54054;54054;54054;ITI;ITI2;ITI21;ITI;ITI2;ITI21;
Tuoro sul Trasimeno;L466;10;54;54;55;54055;Centro;Umbria;Perugia;1;54055;54055;54055;ITI;ITI2;ITI21;ITI;ITI2;ITI21;
Umbertide;D786;10;54;54;56;54056;Centro;Umbria;Perugia;1;54056;54056;54056;ITI;ITI2;ITI21;ITI;ITI2;ITI21;
Valfabbrica;L573;10;54;54;57;54057;Centro;Umbria;Perugia;1;54057;54057;54057;ITI;ITI2;ITI21;ITI;ITI2;ITI21;
Vallo di Nera;L627;10;54;54;58;54058;Centro;Umbria;Perugia;1;54058;54058;54058;ITI;ITI2;ITI21;ITI;ITI2;ITI21;
Valtopina;L653;10;54;54;59;54059;Centro;Umbria;Perugia;1;54059;54059;54059;ITI;ITI2;ITI21;ITI;ITI2;ITI21;
Acquasparta;A045;10;55;55;1;55001;Centro;Umbria;Terni;1;55001;55001;55001;ITI;ITI2;ITI22;ITI;ITI2;ITI22;
Allerona;A207;10;55;55;2;55002;Centro;Umbria;Terni;1;55002;55002;55002;ITI;ITI2;ITI22;ITI;ITI2;ITI22;
Alviano;A242;10;55;55;3;55003;Centro;Umbria;Terni;1;55003;55003;55003;ITI;ITI2;ITI22;ITI;ITI2;ITI22;
Amelia;A262;10;55;55;4;55004;Centro;Umbria;Terni;1;55004;55004;55004;ITI;ITI2;ITI22;ITI;ITI2;ITI22;
Arrone;A439;10;55;55;5;55005;Centro;Umbria;Terni;1;55005;55005;55005;ITI;ITI2;ITI22;ITI;ITI2;ITI22;
Attigliano;A490;10;55;55;6;55006;Centro;Umbria;Terni;1;55006;55006;55006;ITI;ITI2;ITI22;ITI;ITI2;ITI22;
Baschi;A691;10;55;55;7;55007;Centro;Umbria;Terni;1;55007;55007;55007;ITI;ITI2;ITI22;ITI;ITI2;ITI22;
Calvi dell'Umbria;B446;10;55;55;8;55008;Centro;Umbria;Terni;1;55008;55008;55008;ITI;ITI2;ITI22;ITI;ITI2;ITI22;
Castel Giorgio;C117;10;55;55;9;55009;Centro;Umbria;Terni;1;55009;55009;55009;ITI;ITI2;ITI22;ITI;ITI2;ITI22;
Castel Viscardo;C289;10;55;55;10;55010;Centro;Umbria;Terni;1;55010;55010;55010;ITI;ITI2;ITI22;ITI;ITI2;ITI22;
Fabro;D454;10;55;55;11;55011;Centro;Umbria;Terni;1;55011;55011;55011;ITI;ITI2;ITI22;ITI;ITI2;ITI22;
Ferentillo;D538;10;55;55;12;55012;Centro;Umbria;Terni;1;55012;55012;55012;ITI;ITI2;ITI22;ITI;ITI2;ITI22;
Ficulle;D570;10;55;55;13;55013;Centro;Umbria;Terni;1;55013;55013;55013;ITI;ITI2;ITI22;ITI;ITI2;ITI22;
Giove;E045;10;55;55;14;55014;Centro;Umbria;Terni;1;55014;55014;55014;ITI;ITI2;ITI22;ITI;ITI2;ITI22;
Guardea;E241;10;55;55;15;55015;Centro;Umbria;Terni;1;55015;55015;55015;ITI;ITI2;ITI22;ITI;ITI2;ITI22;
Lugnano in Teverina;E729;10;55;55;16;55016;Centro;Umbria;Terni;1;55016;55016;55016;ITI;ITI2;ITI22;ITI;ITI2;ITI22;
Montecastrilli;F457;10;55;55;17;55017;Centro;Umbria;Terni;1;55017;55017;55017;ITI;ITI2;ITI22;ITI;ITI2;ITI22;
Montecchio;F462;10;55;55;18;55018;Centro;Umbria;Terni;1;55018;55018;55018;ITI;ITI2;ITI22;ITI;ITI2;ITI22;
Montefranco;F510;10;55;55;19;55019;Centro;Umbria;Terni;1;55019;55019;55019;ITI;ITI2;ITI22;ITI;ITI2;ITI22;
Montegabbione;F513;10;55;55;20;55020;Centro;Umbria;Terni;1;55020;55020;55020;ITI;ITI2;ITI22;ITI;ITI2;ITI22;
Monteleone d'Orvieto;F543;10;55;55;21;55021;Centro;Umbria;Terni;1;55021;55021;55021;ITI;ITI2;ITI22;ITI;ITI2;ITI22;
Narni;F844;10;55;55;22;55022;Centro;Umbria;Terni;1;55022;55022;55022;ITI;ITI2;ITI22;ITI;ITI2;ITI22;
Orvieto;G148;10;55;55;23;55023;Centro;Umbria;Terni;1;55023;55023;55023;ITI;ITI2;ITI22;ITI;ITI2;ITI22;
Otricoli;G189;10;55;55;24;55024;Centro;Umbria;Terni;1;55024;55024;55024;ITI;ITI2;ITI22;ITI;ITI2;ITI22;
Parrano;G344;10;55;55;25;55025;Centro;Umbria;Terni;1;55025;55025;55025;ITI;ITI2;ITI22;ITI;ITI2;ITI22;
Penna in Teverina;G432;10;55;55;26;55026;Centro;Umbria;Terni;1;55026;55026;55026;ITI;ITI2;ITI22;ITI;ITI2;ITI22;
Polino;G790;10;55;55;27;55027;Centro;Umbria;Terni;1;55027;55027;55027;ITI;ITI2;ITI22;ITI;ITI2;ITI22;
Porano;G881;10;55;55;28;55028;Centro;Umbria;Terni;1;55028;55028;55028;ITI;ITI2;ITI22;ITI;ITI2;ITI22;
San Gemini;H857;10;55;55;29;55029;Centro;Umbria;Terni;1;55029;55029;55029;ITI;ITI2;ITI22;ITI;ITI2;ITI22;
San Venanzo;I381;10;55;55;30;55030;Centro;Umbria;Terni;1;55030;55030;55030;ITI;ITI2;ITI22;ITI;ITI2;ITI22;
Stroncone;I981;10;55;55;31;55031;Centro;Umbria;Terni;1;55031;55031;55031;ITI;ITI2;ITI22;ITI;ITI2;ITI22;
Terni;L117;10;55;55;32;55032;Centro;Umbria;Terni;1;55032;55032;55032;ITI;ITI2;ITI22;ITI;ITI2;ITI22;
Avigliano Umbro;M258;10;55;55;33;55033;Centro;Umbria;Terni;1;55033;55033;55033;ITI;ITI2;ITI22;ITI;ITI2;ITI22;
Acqualagna;A035;11;41;41;1;41001;Centro;Marche;Pesaro e Urbino;1;41001;41001;41001;ITI;ITI3;ITI31;ITI;ITI3;ITI31;
Apecchio;A327;11;41;41;2;41002;Centro;Marche;Pesaro e Urbino;1;41002;41002;41002;ITI;ITI3;ITI31;ITI;ITI3;ITI31;
Belforte all'Isauro;A740;11;41;41;5;41005;Centro;Marche;Pesaro e Urbino;1;41005;41005;41005;ITI;ITI3;ITI31;ITI;ITI3;ITI31;
Borgo Pace;B026;11;41;41;6;41006;Centro;Marche;Pesaro e Urbino;1;41006;41006;41006;ITI;ITI3;ITI31;ITI;ITI3;ITI31;
Cagli;B352;11;41;41;7;41007;Centro;Marche;Pesaro e Urbino;1;41007;41007;41007;ITI;ITI3;ITI31;ITI;ITI3;ITI31;
Cantiano;B636;11;41;41;8;41008;Centro;Marche;Pesaro e Urbino;1;41008;41008;41008;ITI;ITI3;ITI31;ITI;ITI3;ITI31;
Carpegna;B816;11;41;41;9;41009;Centro;Marche;Pesaro e Urbino;1;41009;41009;41009;ITI;ITI3;ITI31;ITI;ITI3;ITI31;
Cartoceto;B846;11;41;41;10;41010;Centro;Marche;Pesaro e Urbino;1;41010;41010;41010;ITI;ITI3;ITI31;ITI;ITI3;ITI31;
Fano;D488;11;41;41;13;41013;Centro;Marche;Pesaro e Urbino;1;41013;41013;41013;ITI;ITI3;ITI31;ITI;ITI3;ITI31;
Fermignano;D541;11;41;41;14;41014;Centro;Marche;Pesaro e Urbino;1;41014;41014;41014;ITI;ITI3;ITI31;ITI;ITI3;ITI31;
Fossombrone;D749;11;41;41;15;41015;Centro;Marche;Pesaro e Urbino;1;41015;41015;41015;ITI;ITI3;ITI31;ITI;ITI3;ITI31;
Fratte Rosa;D791;11;41;41;16;41016;Centro;Marche;Pesaro e Urbino;1;41016;41016;41016;ITI;ITI3;ITI31;ITI;ITI3;ITI31;
Frontino;D807;11;41;41;17;41017;Centro;Marche;Pesaro e Urbino;1;41017;41017;41017;ITI;ITI3;ITI31;ITI;ITI3;ITI31;
Frontone;D808;11;41;41;18;41018;Centro;Marche;Pesaro e Urbino;1;41018;41018;41018;ITI;ITI3;ITI31;ITI;ITI3;ITI31;
Gabicce Mare;D836;11;41;41;19;41019;Centro;Marche;Pesaro e Urbino;1;41019;41019;41019;ITI;ITI3;ITI31;ITI;ITI3;ITI31;
Gradara;E122;11;41;41;20;41020;Centro;Marche;Pesaro e Urbino;1;41020;41020;41020;ITI;ITI3;ITI31;ITI;ITI3;ITI31;
Isola del Piano;E351;11;41;41;21;41021;Centro;Marche;Pesaro e Urbino;1;41021;41021;41021;ITI;ITI3;ITI31;ITI;ITI3;ITI31;
Lunano;E743;11;41;41;22;41022;Centro;Marche;Pesaro e Urbino;1;41022;41022;41022;ITI;ITI3;ITI31;ITI;ITI3;ITI31;
Macerata Feltria;E785;11;41;41;23;41023;Centro;Marche;Pesaro e Urbino;1;41023;41023;41023;ITI;ITI3;ITI31;ITI;ITI3;ITI31;
Mercatello sul Metauro;F135;11;41;41;25;41025;Centro;Marche;Pesaro e Urbino;1;41025;41025;41025;ITI;ITI3;ITI31;ITI;ITI3;ITI31;
Mercatino Conca;F136;11;41;41;26;41026;Centro;Marche;Pesaro e Urbino;1;41026;41026;41026;ITI;ITI3;ITI31;ITI;ITI3;ITI31;
Mombaroccio;F310;11;41;41;27;41027;Centro;Marche;Pesaro e Urbino;1;41027;41027;41027;ITI;ITI3;ITI31;ITI;ITI3;ITI31;
Mondavio;F347;11;41;41;28;41028;Centro;Marche;Pesaro e Urbino;1;41028;41028;41028;ITI;ITI3;ITI31;ITI;ITI3;ITI31;
Mondolfo;F348;11;41;41;29;41029;Centro;Marche;Pesaro e Urbino;1;41029;41029;41029;ITI;ITI3;ITI31;ITI;ITI3;ITI31;
Montecalvo in Foglia;F450;11;41;41;30;41030;Centro;Marche;Pesaro e Urbino;1;41030;41030;41030;ITI;ITI3;ITI31;ITI;ITI3;ITI31;
Monte Cerignone;F467;11;41;41;31;41031;Centro;Marche;Pesaro e Urbino;1;41031;41031;41031;ITI;ITI3;ITI31;ITI;ITI3;ITI31;
Montefelcino;F497;11;41;41;34;41034;Centro;Marche;Pesaro e Urbino;1;41034;41034;41034;ITI;ITI3;ITI31;ITI;ITI3;ITI31;
Monte Grimano Terme;F524;11;41;41;35;41035;Centro;Marche;Pesaro e Urbino;1;41035;41035;41035;ITI;ITI3;ITI31;ITI;ITI3;ITI31;
Montelabbate;F533;11;41;41;36;41036;Centro;Marche;Pesaro e Urbino;1;41036;41036;41036;ITI;ITI3;ITI31;ITI;ITI3;ITI31;
Monte Porzio;F589;11;41;41;38;41038;Centro;Marche;Pesaro e Urbino;1;41038;41038;41038;ITI;ITI3;ITI31;ITI;ITI3;ITI31;
Peglio;G416;11;41;41;41;41041;Centro;Marche;Pesaro e Urbino;1;41041;41041;41041;ITI;ITI3;ITI31;ITI;ITI3;ITI31;
Pergola;G453;11;41;41;43;41043;Centro;Marche;Pesaro e Urbino;1;41043;41043;41043;ITI;ITI3;ITI31;ITI;ITI3;ITI31;
Pesaro;G479;11;41;41;44;41044;Centro;Marche;Pesaro e Urbino;1;41044;41044;41044;ITI;ITI3;ITI31;ITI;ITI3;ITI31;
Petriano;G514;11;41;41;45;41045;Centro;Marche;Pesaro e Urbino;1;41045;41045;41045;ITI;ITI3;ITI31;ITI;ITI3;ITI31;
Piandimeleto;G551;11;41;41;47;41047;Centro;Marche;Pesaro e Urbino;1;41047;41047;41047;ITI;ITI3;ITI31;ITI;ITI3;ITI31;
Pietrarubbia;G627;11;41;41;48;41048;Centro;Marche;Pesaro e Urbino;1;41048;41048;41048;ITI;ITI3;ITI31;ITI;ITI3;ITI31;
Piobbico;G682;11;41;41;49;41049;Centro;Marche;Pesaro e Urbino;1;41049;41049;41049;ITI;ITI3;ITI31;ITI;ITI3;ITI31;
San Costanzo;H809;11;41;41;51;41051;Centro;Marche;Pesaro e Urbino;1;41051;41051;41051;ITI;ITI3;ITI31;ITI;ITI3;ITI31;
San Lorenzo in Campo;H958;11;41;41;54;41054;Centro;Marche;Pesaro e Urbino;1;41054;41054;41054;ITI;ITI3;ITI31;ITI;ITI3;ITI31;
Sant'Angelo in Vado;I287;11;41;41;57;41057;Centro;Marche;Pesaro e Urbino;1;41057;41057;41057;ITI;ITI3;ITI31;ITI;ITI3;ITI31;
Sant'Ippolito;I344;11;41;41;58;41058;Centro;Marche;Pesaro e Urbino;1;41058;41058;41058;ITI;ITI3;ITI31;ITI;ITI3;ITI31;
Serra Sant'Abbondio;I654;11;41;41;61;41061;Centro;Marche;Pesaro e Urbino;1;41061;41061;41061;ITI;ITI3;ITI31;ITI;ITI3;ITI31;
Tavoleto;L078;11;41;41;64;41064;Centro;Marche;Pesaro e Urbino;1;41064;41064;41064;ITI;ITI3;ITI31;ITI;ITI3;ITI31;
Tavullia;L081;11;41;41;65;41065;Centro;Marche;Pesaro e Urbino;1;41065;41065;41065;ITI;ITI3;ITI31;ITI;ITI3;ITI31;
Urbania;L498;11;41;41;66;41066;Centro;Marche;Pesaro e Urbino;1;41066;41066;41066;ITI;ITI3;ITI31;ITI;ITI3;ITI31;
Urbino;L500;11;41;41;67;41067;Centro;Marche;Pesaro e Urbino;1;41067;41067;41067;ITI;ITI3;ITI31;ITI;ITI3;ITI31;
Vallefoglia;M331;11;41;41;68;41068;Centro;Marche;Pesaro e Urbino;1;41068;41068;41068;ITI;ITI3;ITI31;ITI;ITI3;ITI31;
Colli al Metauro;M380;11;41;41;69;41069;Centro;Marche;Pesaro e Urbino;1;41069;41069;41069;ITI;ITI3;ITI31;ITI;ITI3;ITI31;
Terre Roveresche;M379;11;41;41;70;41070;Centro;Marche;Pesaro e Urbino;1;41070;41070;41070;ITI;ITI3;ITI31;ITI;ITI3;ITI31;
Sassocorvaro Auditore;M413;11;41;41;71;41071;Centro;Marche;Pesaro e Urbino;1;41071;41071;41071;ITI;ITI3;ITI31;ITI;ITI3;ITI31;
Agugliano;A092;11;42;42;1;42001;Centro;Marche;Ancona;1;42001;42001;42001;ITI;ITI3;ITI32;ITI;ITI3;ITI32;
Ancona;A271;11;42;42;2;42002;Centro;Marche;Ancona;1;42002;42002;42002;ITI;ITI3;ITI32;ITI;ITI3;ITI32;
Arcevia;A366;11;42;42;3;42003;Centro;Marche;Ancona;1;42003;42003;42003;ITI;ITI3;ITI32;ITI;ITI3;ITI32;
Barbara;A626;11;42;42;4;42004;Centro;Marche;Ancona;1;42004;42004;42004;ITI;ITI3;ITI32;ITI;ITI3;ITI32;
Belvedere Ostrense;A769;11;42;42;5;42005;Centro;Marche;Ancona;1;42005;42005;42005;ITI;ITI3;ITI32;ITI;ITI3;ITI32;
Camerano;B468;11;42;42;6;42006;Centro;Marche;Ancona;1;42006;42006;42006;ITI;ITI3;ITI32;ITI;ITI3;ITI32;
Camerata Picena;B470;11;42;42;7;42007;Centro;Marche;Ancona;1;42007;42007;42007;ITI;ITI3;ITI32;ITI;ITI3;ITI32;
Castelbellino;C060;11;42;42;8;42008;Centro;Marche;Ancona;1;42008;42008;42008;ITI;ITI3;ITI32;ITI;ITI3;ITI32;
Castelfidardo;C100;11;42;42;10;42010;Centro;Marche;Ancona;1;42010;42010;42010;ITI;ITI3;ITI32;ITI;ITI3;ITI32;
Castelleone di Suasa;C152;11;42;42;11;42011;Centro;Marche;Ancona;1;42011;42011;42011;ITI;ITI3;ITI32;ITI;ITI3;ITI32;
Castelplanio;C248;11;42;42;12;42012;Centro;Marche;Ancona;1;42012;42012;42012;ITI;ITI3;ITI32;ITI;ITI3;ITI32;
Cerreto d'Esi;C524;11;42;42;13;42013;Centro;Marche;Ancona;1;42013;42013;42013;ITI;ITI3;ITI32;ITI;ITI3;ITI32;
Chiaravalle;C615;11;42;42;14;42014;Centro;Marche;Ancona;1;42014;42014;42014;ITI;ITI3;ITI32;ITI;ITI3;ITI32;
Corinaldo;D007;11;42;42;15;42015;Centro;Marche;Ancona;1;42015;42015;42015;ITI;ITI3;ITI32;ITI;ITI3;ITI32;
Cupramontana;D211;11;42;42;16;42016;Centro;Marche;Ancona;1;42016;42016;42016;ITI;ITI3;ITI32;ITI;ITI3;ITI32;
Fabriano;D451;11;42;42;17;42017;Centro;Marche;Ancona;1;42017;42017;42017;ITI;ITI3;ITI32;ITI;ITI3;ITI32;
Falconara Marittima;D472;11;42;42;18;42018;Centro;Marche;Ancona;1;42018;42018;42018;ITI;ITI3;ITI32;ITI;ITI3;ITI32;
Filottrano;D597;11;42;42;19;42019;Centro;Marche;Ancona;1;42019;42019;42019;ITI;ITI3;ITI32;ITI;ITI3;ITI32;
Genga;D965;11;42;42;20;42020;Centro;Marche;Ancona;1;42020;42020;42020;ITI;ITI3;ITI32;ITI;ITI3;ITI32;
Jesi;E388;11;42;42;21;42021;Centro;Marche;Ancona;1;42021;42021;42021;ITI;ITI3;ITI32;ITI;ITI3;ITI32;
Loreto;E690;11;42;42;22;42022;Centro;Marche;Ancona;1;42022;42022;42022;ITI;ITI3;ITI32;ITI;ITI3;ITI32;
Maiolati Spontini;E837;11;42;42;23;42023;Centro;Marche;Ancona;1;42023;42023;42023;ITI;ITI3;ITI32;ITI;ITI3;ITI32;
Mergo;F145;11;42;42;24;42024;Centro;Marche;Ancona;1;42024;42024;42024;ITI;ITI3;ITI32;ITI;ITI3;ITI32;
Monsano;F381;11;42;42;25;42025;Centro;Marche;Ancona;1;42025;42025;42025;ITI;ITI3;ITI32;ITI;ITI3;ITI32;
Montecarotto;F453;11;42;42;26;42026;Centro;Marche;Ancona;1;42026;42026;42026;ITI;ITI3;ITI32;ITI;ITI3;ITI32;
Montemarciano;F560;11;42;42;27;42027;Centro;Marche;Ancona;1;42027;42027;42027;ITI;ITI3;ITI32;ITI;ITI3;ITI32;
Monte Roberto;F600;11;42;42;29;42029;Centro;Marche;Ancona;1;42029;42029;42029;ITI;ITI3;ITI32;ITI;ITI3;ITI32;
Monte San Vito;F634;11;42;42;30;42030;Centro;Marche;Ancona;1;42030;42030;42030;ITI;ITI3;ITI32;ITI;ITI3;ITI32;
Morro d'Alba;F745;11;42;42;31;42031;Centro;Marche;Ancona;1;42031;42031;42031;ITI;ITI3;ITI32;ITI;ITI3;ITI32;
Numana;F978;11;42;42;32;42032;Centro;Marche;Ancona;1;42032;42032;42032;ITI;ITI3;ITI32;ITI;ITI3;ITI32;
Offagna;G003;11;42;42;33;42033;Centro;Marche;Ancona;1;42033;42033;42033;ITI;ITI3;ITI32;ITI;ITI3;ITI32;
Osimo;G157;11;42;42;34;42034;Centro;Marche;Ancona;1;42034;42034;42034;ITI;ITI3;ITI32;ITI;ITI3;ITI32;
Ostra;F401;11;42;42;35;42035;Centro;Marche;Ancona;1;42035;42035;42035;ITI;ITI3;ITI32;ITI;ITI3;ITI32;
Ostra Vetere;F581;11;42;42;36;42036;Centro;Marche;Ancona;1;42036;42036;42036;ITI;ITI3;ITI32;ITI;ITI3;ITI32;
Poggio San Marcello;G771;11;42;42;37;42037;Centro;Marche;Ancona;1;42037;42037;42037;ITI;ITI3;ITI32;ITI;ITI3;ITI32;
Polverigi;G803;11;42;42;38;42038;Centro;Marche;Ancona;1;42038;42038;42038;ITI;ITI3;ITI32;ITI;ITI3;ITI32;
Rosora;H575;11;42;42;40;42040;Centro;Marche;Ancona;1;42040;42040;42040;ITI;ITI3;ITI32;ITI;ITI3;ITI32;
San Marcello;H979;11;42;42;41;42041;Centro;Marche;Ancona;1;42041;42041;42041;ITI;ITI3;ITI32;ITI;ITI3;ITI32;
San Paolo di Jesi;I071;11;42;42;42;42042;Centro;Marche;Ancona;1;42042;42042;42042;ITI;ITI3;ITI32;ITI;ITI3;ITI32;
Santa Maria Nuova;I251;11;42;42;43;42043;Centro;Marche;Ancona;1;42043;42043;42043;ITI;ITI3;ITI32;ITI;ITI3;ITI32;
Sassoferrato;I461;11;42;42;44;42044;Centro;Marche;Ancona;1;42044;42044;42044;ITI;ITI3;ITI32;ITI;ITI3;ITI32;
Senigallia;I608;11;42;42;45;42045;Centro;Marche;Ancona;1;42045;42045;42045;ITI;ITI3;ITI32;ITI;ITI3;ITI32;
Serra de' Conti;I643;11;42;42;46;42046;Centro;Marche;Ancona;1;42046;42046;42046;ITI;ITI3;ITI32;ITI;ITI3;ITI32;
Serra San Quirico;I653;11;42;42;47;42047;Centro;Marche;Ancona;1;42047;42047;42047;ITI;ITI3;ITI32;ITI;ITI3;ITI32;
Sirolo;I758;11;42;42;48;42048;Centro;Marche;Ancona;1;42048;42048;42048;ITI;ITI3;ITI32;ITI;ITI3;ITI32;
Staffolo;I932;11;42;42;49;42049;Centro;Marche;Ancona;1;42049;42049;42049;ITI;ITI3;ITI32;ITI;ITI3;ITI32;
Trecastelli;M318;11;42;42;50;42050;Centro;Marche;Ancona;1;42050;42050;42050;ITI;ITI3;ITI32;ITI;ITI3;ITI32;
Apiro;A329;11;43;43;2;43002;Centro;Marche;Macerata;1;43002;43002;43002;ITI;ITI3;ITI33;ITI;ITI3;ITI33;
Appignano;A334;11;43;43;3;43003;Centro;Marche;Macerata;1;43003;43003;43003;ITI;ITI3;ITI33;ITI;ITI3;ITI33;
Belforte del Chienti;A739;11;43;43;4;43004;Centro;Marche;Macerata;1;43004;43004;43004;ITI;ITI3;ITI33;ITI;ITI3;ITI33;
Bolognola;A947;11;43;43;5;43005;Centro;Marche;Macerata;1;43005;43005;43005;ITI;ITI3;ITI33;ITI;ITI3;ITI33;
Caldarola;B398;11;43;43;6;43006;Centro;Marche;Macerata;1;43006;43006;43006;ITI;ITI3;ITI33;ITI;ITI3;ITI33;
Camerino;B474;11;43;43;7;43007;Centro;Marche;Macerata;1;43007;43007;43007;ITI;ITI3;ITI33;ITI;ITI3;ITI33;
Camporotondo di Fiastrone;B562;11;43;43;8;43008;Centro;Marche;Macerata;1;43008;43008;43008;ITI;ITI3;ITI33;ITI;ITI3;ITI33;
Castelraimondo;C251;11;43;43;9;43009;Centro;Marche;Macerata;1;43009;43009;43009;ITI;ITI3;ITI33;ITI;ITI3;ITI33;
Castelsantangelo sul Nera;C267;11;43;43;10;43010;Centro;Marche;Macerata;1;43010;43010;43010;ITI;ITI3;ITI33;ITI;ITI3;ITI33;
Cessapalombo;C582;11;43;43;11;43011;Centro;Marche;Macerata;1;43011;43011;43011;ITI;ITI3;ITI33;ITI;ITI3;ITI33;
Cingoli;C704;11;43;43;12;43012;Centro;Marche;Macerata;1;43012;43012;43012;ITI;ITI3;ITI33;ITI;ITI3;ITI33;
Civitanova Marche;C770;11;43;43;13;43013;Centro;Marche;Macerata;1;43013;43013;43013;ITI;ITI3;ITI33;ITI;ITI3;ITI33;
Colmurano;C886;11;43;43;14;43014;Centro;Marche;Macerata;1;43014;43014;43014;ITI;ITI3;ITI33;ITI;ITI3;ITI33;
Corridonia;D042;11;43;43;15;43015;Centro;Marche;Macerata;1;43015;43015;43015;ITI;ITI3;ITI33;ITI;ITI3;ITI33;
Esanatoglia;D429;11;43;43;16;43016;Centro;Marche;Macerata;1;43016;43016;43016;ITI;ITI3;ITI33;ITI;ITI3;ITI33;
Fiastra;D564;11;43;43;17;43017;Centro;Marche;Macerata;1;43017;43017;43017;ITI;ITI3;ITI33;ITI;ITI3;ITI33;
Fiuminata;D628;11;43;43;19;43019;Centro;Marche;Macerata;1;43019;43019;43019;ITI;ITI3;ITI33;ITI;ITI3;ITI33;
Gagliole;D853;11;43;43;20;43020;Centro;Marche;Macerata;1;43020;43020;43020;ITI;ITI3;ITI33;ITI;ITI3;ITI33;
Gualdo;E228;11;43;43;21;43021;Centro;Marche;Macerata;1;43021;43021;43021;ITI;ITI3;ITI33;ITI;ITI3;ITI33;
Loro Piceno;E694;11;43;43;22;43022;Centro;Marche;Macerata;1;43022;43022;43022;ITI;ITI3;ITI33;ITI;ITI3;ITI33;
Macerata;E783;11;43;43;23;43023;Centro;Marche;Macerata;1;43023;43023;43023;ITI;ITI3;ITI33;ITI;ITI3;ITI33;
Matelica;F051;11;43;43;24;43024;Centro;Marche;Macerata;1;43024;43024;43024;ITI;ITI3;ITI33;ITI;ITI3;ITI33;
Mogliano;F268;11;43;43;25;43025;Centro;Marche;Macerata;1;43025;43025;43025;ITI;ITI3;ITI33;ITI;ITI3;ITI33;
Montecassiano;F454;11;43;43;26;43026;Centro;Marche;Macerata;1;43026;43026;43026;ITI;ITI3;ITI33;ITI;ITI3;ITI33;
Monte Cavallo;F460;11;43;43;27;43027;Centro;Marche;Macerata;1;43027;43027;43027;ITI;ITI3;ITI33;ITI;ITI3;ITI33;
Montecosaro;F482;11;43;43;28;43028;Centro;Marche;Macerata;1;43028;43028;43028;ITI;ITI3;ITI33;ITI;ITI3;ITI33;
Montefano;F496;11;43;43;29;43029;Centro;Marche;Macerata;1;43029;43029;43029;ITI;ITI3;ITI33;ITI;ITI3;ITI33;
Montelupone;F552;11;43;43;30;43030;Centro;Marche;Macerata;1;43030;43030;43030;ITI;ITI3;ITI33;ITI;ITI3;ITI33;
Monte San Giusto;F621;11;43;43;31;43031;Centro;Marche;Macerata;1;43031;43031;43031;ITI;ITI3;ITI33;ITI;ITI3;ITI33;
Monte San Martino;F622;11;43;43;32;43032;Centro;Marche;Macerata;1;43032;43032;43032;ITI;ITI3;ITI33;ITI;ITI3;ITI33;
Morrovalle;F749;11;43;43;33;43033;Centro;Marche;Macerata;1;43033;43033;43033;ITI;ITI3;ITI33;ITI;ITI3;ITI33;
Muccia;F793;11;43;43;34;43034;Centro;Marche;Macerata;1;43034;43034;43034;ITI;ITI3;ITI33;ITI;ITI3;ITI33;
Penna San Giovanni;G436;11;43;43;35;43035;Centro;Marche;Macerata;1;43035;43035;43035;ITI;ITI3;ITI33;ITI;ITI3;ITI33;
Petriolo;G515;11;43;43;36;43036;Centro;Marche;Macerata;1;43036;43036;43036;ITI;ITI3;ITI33;ITI;ITI3;ITI33;
Pieve Torina;G657;11;43;43;38;43038;Centro;Marche;Macerata;1;43038;43038;43038;ITI;ITI3;ITI33;ITI;ITI3;ITI33;
Pioraco;G690;11;43;43;39;43039;Centro;Marche;Macerata;1;43039;43039;43039;ITI;ITI3;ITI33;ITI;ITI3;ITI33;
Poggio San Vicino;D566;11;43;43;40;43040;Centro;Marche;Macerata;1;43040;43040;43040;ITI;ITI3;ITI33;ITI;ITI3;ITI33;
Pollenza;F567;11;43;43;41;43041;Centro;Marche;Macerata;1;43041;43041;43041;ITI;ITI3;ITI33;ITI;ITI3;ITI33;
Porto Recanati;G919;11;43;43;42;43042;Centro;Marche;Macerata;1;43042;43042;43042;ITI;ITI3;ITI33;ITI;ITI3;ITI33;
Potenza Picena;F632;11;43;43;43;43043;Centro;Marche;Macerata;1;43043;43043;43043;ITI;ITI3;ITI33;ITI;ITI3;ITI33;
Recanati;H211;11;43;43;44;43044;Centro;Marche;Macerata;1;43044;43044;43044;ITI;ITI3;ITI33;ITI;ITI3;ITI33;
Ripe San Ginesio;H323;11;43;43;45;43045;Centro;Marche;Macerata;1;43045;43045;43045;ITI;ITI3;ITI33;ITI;ITI3;ITI33;
San Ginesio;H876;11;43;43;46;43046;Centro;Marche;Macerata;1;43046;43046;43046;ITI;ITI3;ITI33;ITI;ITI3;ITI33;
San Severino Marche;I156;11;43;43;47;43047;Centro;Marche;Macerata;1;43047;43047;43047;ITI;ITI3;ITI33;ITI;ITI3;ITI33;
Sant'Angelo in Pontano;I286;11;43;43;48;43048;Centro;Marche;Macerata;1;43048;43048;43048;ITI;ITI3;ITI33;ITI;ITI3;ITI33;
Sarnano;I436;11;43;43;49;43049;Centro;Marche;Macerata;1;43049;43049;43049;ITI;ITI3;ITI33;ITI;ITI3;ITI33;
Sefro;I569;11;43;43;50;43050;Centro;Marche;Macerata;1;43050;43050;43050;ITI;ITI3;ITI33;ITI;ITI3;ITI33;
Serrapetrona;I651;11;43;43;51;43051;Centro;Marche;Macerata;1;43051;43051;43051;ITI;ITI3;ITI33;ITI;ITI3;ITI33;
Serravalle di Chienti;I661;11;43;43;52;43052;Centro;Marche;Macerata;1;43052;43052;43052;ITI;ITI3;ITI33;ITI;ITI3;ITI33;
Tolentino;L191;11;43;43;53;43053;Centro;Marche;Macerata;1;43053;43053;43053;ITI;ITI3;ITI33;ITI;ITI3;ITI33;
Treia;L366;11;43;43;54;43054;Centro;Marche;Macerata;1;43054;43054;43054;ITI;ITI3;ITI33;ITI;ITI3;ITI33;
Urbisaglia;L501;11;43;43;55;43055;Centro;Marche;Macerata;1;43055;43055;43055;ITI;ITI3;ITI33;ITI;ITI3;ITI33;
Ussita;L517;11;43;43;56;43056;Centro;Marche;Macerata;1;43056;43056;43056;ITI;ITI3;ITI33;ITI;ITI3;ITI33;
Visso;M078;11;43;43;57;43057;Centro;Marche;Macerata;1;43057;43057;43057;ITI;ITI3;ITI33;ITI;ITI3;ITI33;
Valfornace;M382;11;43;43;58;43058;Centro;Marche;Macerata;1;43058;43058;43058;ITI;ITI3;ITI33;ITI;ITI3;ITI33;
Acquasanta Terme;A044;11;44;44;1;44001;Centro;Marche;Ascoli Piceno;1;44001;44001;44001;ITI;ITI3;ITI34;ITI;ITI3;ITI34;
Acquaviva Picena;A047;11;44;44;2;44002;Centro;Marche;Ascoli Piceno;1;44002;44002;44002;ITI;ITI3;ITI34;ITI;ITI3;ITI34;
Appignano del Tronto;A335;11;44;44;5;44005;Centro;Marche;Ascoli Piceno;1;44005;44005;44005;ITI;ITI3;ITI34;ITI;ITI3;ITI34;
Arquata del Tronto;A437;11;44;44;6;44006;Centro;Marche;Ascoli Piceno;1;44006;44006;44006;ITI;ITI3;ITI34;ITI;ITI3;ITI34;
Ascoli Piceno;A462;11;44;44;7;44007;Centro;Marche;Ascoli Piceno;1;44007;44007;44007;ITI;ITI3;ITI34;ITI;ITI3;ITI34;
Carassai;B727;11;44;44;10;44010;Centro;Marche;Ascoli Piceno;1;44010;44010;44010;ITI;ITI3;ITI34;ITI;ITI3;ITI34;
Castel di Lama;C093;11;44;44;11;44011;Centro;Marche;Ascoli Piceno;1;44011;44011;44011;ITI;ITI3;ITI34;ITI;ITI3;ITI34;
Castignano;C321;11;44;44;12;44012;Centro;Marche;Ascoli Piceno;1;44012;44012;44012;ITI;ITI3;ITI34;ITI;ITI3;ITI34;
Castorano;C331;11;44;44;13;44013;Centro;Marche;Ascoli Piceno;1;44013;44013;44013;ITI;ITI3;ITI34;ITI;ITI3;ITI34;
Colli del Tronto;C877;11;44;44;14;44014;Centro;Marche;Ascoli Piceno;1;44014;44014;44014;ITI;ITI3;ITI34;ITI;ITI3;ITI34;
Comunanza;C935;11;44;44;15;44015;Centro;Marche;Ascoli Piceno;1;44015;44015;44015;ITI;ITI3;ITI34;ITI;ITI3;ITI34;
Cossignano;D096;11;44;44;16;44016;Centro;Marche;Ascoli Piceno;1;44016;44016;44016;ITI;ITI3;ITI34;ITI;ITI3;ITI34;
Cupra Marittima;D210;11;44;44;17;44017;Centro;Marche;Ascoli Piceno;1;44017;44017;44017;ITI;ITI3;ITI34;ITI;ITI3;ITI34;
Folignano;D652;11;44;44;20;44020;Centro;Marche;Ascoli Piceno;1;44020;44020;44020;ITI;ITI3;ITI34;ITI;ITI3;ITI34;
Force;D691;11;44;44;21;44021;Centro;Marche;Ascoli Piceno;1;44021;44021;44021;ITI;ITI3;ITI34;ITI;ITI3;ITI34;
Grottammare;E207;11;44;44;23;44023;Centro;Marche;Ascoli Piceno;1;44023;44023;44023;ITI;ITI3;ITI34;ITI;ITI3;ITI34;
Maltignano;E868;11;44;44;27;44027;Centro;Marche;Ascoli Piceno;1;44027;44027;44027;ITI;ITI3;ITI34;ITI;ITI3;ITI34;
Massignano;F044;11;44;44;29;44029;Centro;Marche;Ascoli Piceno;1;44029;44029;44029;ITI;ITI3;ITI34;ITI;ITI3;ITI34;
Monsampolo del Tronto;F380;11;44;44;31;44031;Centro;Marche;Ascoli Piceno;1;44031;44031;44031;ITI;ITI3;ITI34;ITI;ITI3;ITI34;
Montalto delle Marche;F415;11;44;44;32;44032;Centro;Marche;Ascoli Piceno;1;44032;44032;44032;ITI;ITI3;ITI34;ITI;ITI3;ITI34;
Montedinove;F487;11;44;44;34;44034;Centro;Marche;Ascoli Piceno;1;44034;44034;44034;ITI;ITI3;ITI34;ITI;ITI3;ITI34;
Montefiore dell'Aso;F501;11;44;44;36;44036;Centro;Marche;Ascoli Piceno;1;44036;44036;44036;ITI;ITI3;ITI34;ITI;ITI3;ITI34;
Montegallo;F516;11;44;44;38;44038;Centro;Marche;Ascoli Piceno;1;44038;44038;44038;ITI;ITI3;ITI34;ITI;ITI3;ITI34;
Montemonaco;F570;11;44;44;44;44044;Centro;Marche;Ascoli Piceno;1;44044;44044;44044;ITI;ITI3;ITI34;ITI;ITI3;ITI34;
Monteprandone;F591;11;44;44;45;44045;Centro;Marche;Ascoli Piceno;1;44045;44045;44045;ITI;ITI3;ITI34;ITI;ITI3;ITI34;
Offida;G005;11;44;44;54;44054;Centro;Marche;Ascoli Piceno;1;44054;44054;44054;ITI;ITI3;ITI34;ITI;ITI3;ITI34;
Palmiano;G289;11;44;44;56;44056;Centro;Marche;Ascoli Piceno;1;44056;44056;44056;ITI;ITI3;ITI34;ITI;ITI3;ITI34;
Ripatransone;H321;11;44;44;63;44063;Centro;Marche;Ascoli Piceno;1;44063;44063;44063;ITI;ITI3;ITI34;ITI;ITI3;ITI34;
Roccafluvione;H390;11;44;44;64;44064;Centro;Marche;Ascoli Piceno;1;44064;44064;44064;ITI;ITI3;ITI34;ITI;ITI3;ITI34;
Rotella;H588;11;44;44;65;44065;Centro;Marche;Ascoli Piceno;1;44065;44065;44065;ITI;ITI3;ITI34;ITI;ITI3;ITI34;
San Benedetto del Tronto;H769;11;44;44;66;44066;Centro;Marche;Ascoli Piceno;1;44066;44066;44066;ITI;ITI3;ITI34;ITI;ITI3;ITI34;
Spinetoli;I912;11;44;44;71;44071;Centro;Marche;Ascoli Piceno;1;44071;44071;44071;ITI;ITI3;ITI34;ITI;ITI3;ITI34;
Venarotta;L728;11;44;44;73;44073;Centro;Marche;Ascoli Piceno;1;44073;44073;44073;ITI;ITI3;ITI34;ITI;ITI3;ITI34;
Altidona;A233;11;109;109;1;109001;Centro;Marche;Fermo;1;109001;44003;44003;ITI;ITI3;ITI35;ITI;ITI3;ITI35;
Amandola;A252;11;109;109;2;109002;Centro;Marche;Fermo;1;109002;44004;44004;ITI;ITI3;ITI35;ITI;ITI3;ITI35;
Belmonte Piceno;A760;11;109;109;3;109003;Centro;Marche;Fermo;1;109003;44008;44008;ITI;ITI3;ITI35;ITI;ITI3;ITI35;
Campofilone;B534;11;109;109;4;109004;Centro;Marche;Fermo;1;109004;44009;44009;ITI;ITI3;ITI35;ITI;ITI3;ITI35;
Falerone;D477;11;109;109;5;109005;Centro;Marche;Fermo;1;109005;44018;44018;ITI;ITI3;ITI35;ITI;ITI3;ITI35;
Fermo;D542;11;109;109;6;109006;Centro;Marche;Fermo;1;109006;44019;44019;ITI;ITI3;ITI35;ITI;ITI3;ITI35;
Francavilla d'Ete;D760;11;109;109;7;109007;Centro;Marche;Fermo;1;109007;44022;44022;ITI;ITI3;ITI35;ITI;ITI3;ITI35;
Grottazzolina;E208;11;109;109;8;109008;Centro;Marche;Fermo;1;109008;44024;44024;ITI;ITI3;ITI35;ITI;ITI3;ITI35;
Lapedona;E447;11;109;109;9;109009;Centro;Marche;Fermo;1;109009;44025;44025;ITI;ITI3;ITI35;ITI;ITI3;ITI35;
Magliano di Tenna;E807;11;109;109;10;109010;Centro;Marche;Fermo;1;109010;44026;44026;ITI;ITI3;ITI35;ITI;ITI3;ITI35;
Massa Fermana;F021;11;109;109;11;109011;Centro;Marche;Fermo;1;109011;44028;44028;ITI;ITI3;ITI35;ITI;ITI3;ITI35;
Monsampietro Morico;F379;11;109;109;12;109012;Centro;Marche;Fermo;1;109012;44030;44030;ITI;ITI3;ITI35;ITI;ITI3;ITI35;
Montappone;F428;11;109;109;13;109013;Centro;Marche;Fermo;1;109013;44033;44033;ITI;ITI3;ITI35;ITI;ITI3;ITI35;
Montefalcone Appennino;F493;11;109;109;14;109014;Centro;Marche;Fermo;1;109014;44035;44035;ITI;ITI3;ITI35;ITI;ITI3;ITI35;
Montefortino;F509;11;109;109;15;109015;Centro;Marche;Fermo;1;109015;44037;44037;ITI;ITI3;ITI35;ITI;ITI3;ITI35;
Monte Giberto;F517;11;109;109;16;109016;Centro;Marche;Fermo;1;109016;44039;44039;ITI;ITI3;ITI35;ITI;ITI3;ITI35;
Montegiorgio;F520;11;109;109;17;109017;Centro;Marche;Fermo;1;109017;44040;44040;ITI;ITI3;ITI35;ITI;ITI3;ITI35;
Montegranaro;F522;11;109;109;18;109018;Centro;Marche;Fermo;1;109018;44041;44041;ITI;ITI3;ITI35;ITI;ITI3;ITI35;
Monteleone di Fermo;F536;11;109;109;19;109019;Centro;Marche;Fermo;1;109019;44042;44042;ITI;ITI3;ITI35;ITI;ITI3;ITI35;
Montelparo;F549;11;109;109;20;109020;Centro;Marche;Fermo;1;109020;44043;44043;ITI;ITI3;ITI35;ITI;ITI3;ITI35;
Monte Rinaldo;F599;11;109;109;21;109021;Centro;Marche;Fermo;1;109021;44046;44046;ITI;ITI3;ITI35;ITI;ITI3;ITI35;
Monterubbiano;F614;11;109;109;22;109022;Centro;Marche;Fermo;1;109022;44047;44047;ITI;ITI3;ITI35;ITI;ITI3;ITI35;
Monte San Pietrangeli;F626;11;109;109;23;109023;Centro;Marche;Fermo;1;109023;44048;44048;ITI;ITI3;ITI35;ITI;ITI3;ITI35;
Monte Urano;F653;11;109;109;24;109024;Centro;Marche;Fermo;1;109024;44049;44049;ITI;ITI3;ITI35;ITI;ITI3;ITI35;
Monte Vidon Combatte;F664;11;109;109;25;109025;Centro;Marche;Fermo;1;109025;44050;44050;ITI;ITI3;ITI35;ITI;ITI3;ITI35;
Monte Vidon Corrado;F665;11;109;109;26;109026;Centro;Marche;Fermo;1;109026;44051;44051;ITI;ITI3;ITI35;ITI;ITI3;ITI35;
Montottone;F697;11;109;109;27;109027;Centro;Marche;Fermo;1;109027;44052;44052;ITI;ITI3;ITI35;ITI;ITI3;ITI35;
Moresco;F722;11;109;109;28;109028;Centro;Marche;Fermo;1;109028;44053;44053;ITI;ITI3;ITI35;ITI;ITI3;ITI35;
Ortezzano;G137;11;109;109;29;109029;Centro;Marche;Fermo;1;109029;44055;44055;ITI;ITI3;ITI35;ITI;ITI3;ITI35;
Pedaso;G403;11;109;109;30;109030;Centro;Marche;Fermo;1;109030;44057;44057;ITI;ITI3;ITI35;ITI;ITI3;ITI35;
Petritoli;G516;11;109;109;31;109031;Centro;Marche;Fermo;1;109031;44058;44058;ITI;ITI3;ITI35;ITI;ITI3;ITI35;
Ponzano di Fermo;G873;11;109;109;32;109032;Centro;Marche;Fermo;1;109032;44059;44059;ITI;ITI3;ITI35;ITI;ITI3;ITI35;
Porto San Giorgio;G920;11;109;109;33;109033;Centro;Marche;Fermo;1;109033;44060;44060;ITI;ITI3;ITI35;ITI;ITI3;ITI35;
Porto Sant'Elpidio;G921;11;109;109;34;109034;Centro;Marche;Fermo;1;109034;44061;44061;ITI;ITI3;ITI35;ITI;ITI3;ITI35;
Rapagnano;H182;11;109;109;35;109035;Centro;Marche;Fermo;1;109035;44062;44062;ITI;ITI3;ITI35;ITI;ITI3;ITI35;
Santa Vittoria in Matenano;I315;11;109;109;36;109036;Centro;Marche;Fermo;1;109036;44067;44067;ITI;ITI3;ITI35;ITI;ITI3;ITI35;
Sant'Elpidio a Mare;I324;11;109;109;37;109037;Centro;Marche;Fermo;1;109037;44068;44068;ITI;ITI3;ITI35;ITI;ITI3;ITI35;
Servigliano;C070;11;109;109;38;109038;Centro;Marche;Fermo;1;109038;44069;44069;ITI;ITI3;ITI35;ITI;ITI3;ITI35;
Smerillo;I774;11;109;109;39;109039;Centro;Marche;Fermo;1;109039;44070;44070;ITI;ITI3;ITI35;ITI;ITI3;ITI35;
Torre San Patrizio;L279;11;109;109;40;109040;Centro;Marche;Fermo;1;109040;44072;44072;ITI;ITI3;ITI35;ITI;ITI3;ITI35;
Acquapendente;A040;12;56;56;1;56001;Centro;Lazio;Viterbo;1;56001;56001;56001;ITI;ITI4;ITI41;ITI;ITI4;ITI41;
Arlena di Castro;A412;12;56;56;2;56002;Centro;Lazio;Viterbo;1;56002;56002;56002;ITI;ITI4;ITI41;ITI;ITI4;ITI41;
Bagnoregio;A577;12;56;56;3;56003;Centro;Lazio;Viterbo;1;56003;56003;56003;ITI;ITI4;ITI41;ITI;ITI4;ITI41;
Barbarano Romano;A628;12;56;56;4;56004;Centro;Lazio;Viterbo;1;56004;56004;56004;ITI;ITI4;ITI41;ITI;ITI4;ITI41;
Bassano Romano;A704;12;56;56;5;56005;Centro;Lazio;Viterbo;1;56005;56005;56005;ITI;ITI4;ITI41;ITI;ITI4;ITI41;
Bassano in Teverina;A706;12;56;56;6;56006;Centro;Lazio;Viterbo;1;56006;56006;56006;ITI;ITI4;ITI41;ITI;ITI4;ITI41;
Blera;A857;12;56;56;7;56007;Centro;Lazio;Viterbo;1;56007;56007;56007;ITI;ITI4;ITI41;ITI;ITI4;ITI41;
Bolsena;A949;12;56;56;8;56008;Centro;Lazio;Viterbo;1;56008;56008;56008;ITI;ITI4;ITI41;ITI;ITI4;ITI41;
Bomarzo;A955;12;56;56;9;56009;Centro;Lazio;Viterbo;1;56009;56009;56009;ITI;ITI4;ITI41;ITI;ITI4;ITI41;
Calcata;B388;12;56;56;10;56010;Centro;Lazio;Viterbo;1;56010;56010;56010;ITI;ITI4;ITI41;ITI;ITI4;ITI41;
Canepina;B597;12;56;56;11;56011;Centro;Lazio;Viterbo;1;56011;56011;56011;ITI;ITI4;ITI41;ITI;ITI4;ITI41;
Canino;B604;12;56;56;12;56012;Centro;Lazio;Viterbo;1;56012;56012;56012;ITI;ITI4;ITI41;ITI;ITI4;ITI41;
Capodimonte;B663;12;56;56;13;56013;Centro;Lazio;Viterbo;1;56013;56013;56013;ITI;ITI4;ITI41;ITI;ITI4;ITI41;
Capranica;B688;12;56;56;14;56014;Centro;Lazio;Viterbo;1;56014;56014;56014;ITI;ITI4;ITI41;ITI;ITI4;ITI41;
Caprarola;B691;12;56;56;15;56015;Centro;Lazio;Viterbo;1;56015;56015;56015;ITI;ITI4;ITI41;ITI;ITI4;ITI41;
Carbognano;B735;12;56;56;16;56016;Centro;Lazio;Viterbo;1;56016;56016;56016;ITI;ITI4;ITI41;ITI;ITI4;ITI41;
Castel Sant'Elia;C269;12;56;56;17;56017;Centro;Lazio;Viterbo;1;56017;56017;56017;ITI;ITI4;ITI41;ITI;ITI4;ITI41;
Castiglione in Teverina;C315;12;56;56;18;56018;Centro;Lazio;Viterbo;1;56018;56018;56018;ITI;ITI4;ITI41;ITI;ITI4;ITI41;
Celleno;C446;12;56;56;19;56019;Centro;Lazio;Viterbo;1;56019;56019;56019;ITI;ITI4;ITI41;ITI;ITI4;ITI41;
Cellere;C447;12;56;56;20;56020;Centro;Lazio;Viterbo;1;56020;56020;56020;ITI;ITI4;ITI41;ITI;ITI4;ITI41;
Civita Castellana;C765;12;56;56;21;56021;Centro;Lazio;Viterbo;1;56021;56021;56021;ITI;ITI4;ITI41;ITI;ITI4;ITI41;
Civitella d'Agliano;C780;12;56;56;22;56022;Centro;Lazio;Viterbo;1;56022;56022;56022;ITI;ITI4;ITI41;ITI;ITI4;ITI41;
Corchiano;C988;12;56;56;23;56023;Centro;Lazio;Viterbo;1;56023;56023;56023;ITI;ITI4;ITI41;ITI;ITI4;ITI41;
Fabrica di Roma;D452;12;56;56;24;56024;Centro;Lazio;Viterbo;1;56024;56024;56024;ITI;ITI4;ITI41;ITI;ITI4;ITI41;
Faleria;D475;12;56;56;25;56025;Centro;Lazio;Viterbo;1;56025;56025;56025;ITI;ITI4;ITI41;ITI;ITI4;ITI41;
Farnese;D503;12;56;56;26;56026;Centro;Lazio;Viterbo;1;56026;56026;56026;ITI;ITI4;ITI41;ITI;ITI4;ITI41;
Gallese;D870;12;56;56;27;56027;Centro;Lazio;Viterbo;1;56027;56027;56027;ITI;ITI4;ITI41;ITI;ITI4;ITI41;
Gradoli;E126;12;56;56;28;56028;Centro;Lazio;Viterbo;1;56028;56028;56028;ITI;ITI4;ITI41;ITI;ITI4;ITI41;
Graffignano;E128;12;56;56;29;56029;Centro;Lazio;Viterbo;1;56029;56029;56029;ITI;ITI4;ITI41;ITI;ITI4;ITI41;
Grotte di Castro;E210;12;56;56;30;56030;Centro;Lazio;Viterbo;1;56030;56030;56030;ITI;ITI4;ITI41;ITI;ITI4;ITI41;
Ischia di Castro;E330;12;56;56;31;56031;Centro;Lazio;Viterbo;1;56031;56031;56031;ITI;ITI4;ITI41;ITI;ITI4;ITI41;
Latera;E467;12;56;56;32;56032;Centro;Lazio;Viterbo;1;56032;56032;56032;ITI;ITI4;ITI41;ITI;ITI4;ITI41;
Lubriano;E713;12;56;56;33;56033;Centro;Lazio;Viterbo;1;56033;56033;56033;ITI;ITI4;ITI41;ITI;ITI4;ITI41;
Marta;E978;12;56;56;34;56034;Centro;Lazio;Viterbo;1;56034;56034;56034;ITI;ITI4;ITI41;ITI;ITI4;ITI41;
Montalto di Castro;F419;12;56;56;35;56035;Centro;Lazio;Viterbo;1;56035;56035;56035;ITI;ITI4;ITI41;ITI;ITI4;ITI41;
Montefiascone;F499;12;56;56;36;56036;Centro;Lazio;Viterbo;1;56036;56036;56036;ITI;ITI4;ITI41;ITI;ITI4;ITI41;
Monte Romano;F603;12;56;56;37;56037;Centro;Lazio;Viterbo;1;56037;56037;56037;ITI;ITI4;ITI41;ITI;ITI4;ITI41;
Monterosi;F606;12;56;56;38;56038;Centro;Lazio;Viterbo;1;56038;56038;56038;ITI;ITI4;ITI41;ITI;ITI4;ITI41;
Nepi;F868;12;56;56;39;56039;Centro;Lazio;Viterbo;1;56039;56039;56039;ITI;ITI4;ITI41;ITI;ITI4;ITI41;
Onano;G065;12;56;56;40;56040;Centro;Lazio;Viterbo;1;56040;56040;56040;ITI;ITI4;ITI41;ITI;ITI4;ITI41;
Oriolo Romano;G111;12;56;56;41;56041;Centro;Lazio;Viterbo;1;56041;56041;56041;ITI;ITI4;ITI41;ITI;ITI4;ITI41;
Orte;G135;12;56;56;42;56042;Centro;Lazio;Viterbo;1;56042;56042;56042;ITI;ITI4;ITI41;ITI;ITI4;ITI41;
Piansano;G571;12;56;56;43;56043;Centro;Lazio;Viterbo;1;56043;56043;56043;ITI;ITI4;ITI41;ITI;ITI4;ITI41;
Proceno;H071;12;56;56;44;56044;Centro;Lazio;Viterbo;1;56044;56044;56044;ITI;ITI4;ITI41;ITI;ITI4;ITI41;
Ronciglione;H534;12;56;56;45;56045;Centro;Lazio;Viterbo;1;56045;56045;56045;ITI;ITI4;ITI41;ITI;ITI4;ITI41;
Villa San Giovanni in Tuscia;H913;12;56;56;46;56046;Centro;Lazio;Viterbo;1;56046;56046;56046;ITI;ITI4;ITI41;ITI;ITI4;ITI41;
San Lorenzo Nuovo;H969;12;56;56;47;56047;Centro;Lazio;Viterbo;1;56047;56047;56047;ITI;ITI4;ITI41;ITI;ITI4;ITI41;
Soriano nel Cimino;I855;12;56;56;48;56048;Centro;Lazio;Viterbo;1;56048;56048;56048;ITI;ITI4;ITI41;ITI;ITI4;ITI41;
Sutri;L017;12;56;56;49;56049;Centro;Lazio;Viterbo;1;56049;56049;56049;ITI;ITI4;ITI41;ITI;ITI4;ITI41;
Tarquinia;D024;12;56;56;50;56050;Centro;Lazio;Viterbo;1;56050;56050;56050;ITI;ITI4;ITI41;ITI;ITI4;ITI41;
Tessennano;L150;12;56;56;51;56051;Centro;Lazio;Viterbo;1;56051;56051;56051;ITI;ITI4;ITI41;ITI;ITI4;ITI41;
Tuscania;L310;12;56;56;52;56052;Centro;Lazio;Viterbo;1;56052;56052;56052;ITI;ITI4;ITI41;ITI;ITI4;ITI41;
Valentano;L569;12;56;56;53;56053;Centro;Lazio;Viterbo;1;56053;56053;56053;ITI;ITI4;ITI41;ITI;ITI4;ITI41;
Vallerano;L612;12;56;56;54;56054;Centro;Lazio;Viterbo;1;56054;56054;56054;ITI;ITI4;ITI41;ITI;ITI4;ITI41;
Vasanello;A701;12;56;56;55;56055;Centro;Lazio;Viterbo;1;56055;56055;56055;ITI;ITI4;ITI41;ITI;ITI4;ITI41;
Vejano;L713;12;56;56;56;56056;Centro;Lazio;Viterbo;1;56056;56056;56056;ITI;ITI4;ITI41;ITI;ITI4;ITI41;
Vetralla;L814;12;56;56;57;56057;Centro;Lazio;Viterbo;1;56057;56057;56057;ITI;ITI4;ITI41;ITI;ITI4;ITI41;
Vignanello;L882;12;56;56;58;56058;Centro;Lazio;Viterbo;1;56058;56058;56058;ITI;ITI4;ITI41;ITI;ITI4;ITI41;
Viterbo;M082;12;56;56;59;56059;Centro;Lazio;Viterbo;1;56059;56059;56059;ITI;ITI4;ITI41;ITI;ITI4;ITI41;
Vitorchiano;M086;12;56;56;60;56060;Centro;Lazio;Viterbo;1;56060;56060;56060;ITI;ITI4;ITI41;ITI;ITI4;ITI41;
Accumoli;A019;12;57;57;1;57001;Centro;Lazio;Rieti;1;57001;57001;57001;ITI;ITI4;ITI42;ITI;ITI4;ITI42;
Amatrice;A258;12;57;57;2;57002;Centro;Lazio;Rieti;1;57002;57002;57002;ITI;ITI4;ITI42;ITI;ITI4;ITI42;
Antrodoco;A315;12;57;57;3;57003;Centro;Lazio;Rieti;1;57003;57003;57003;ITI;ITI4;ITI42;ITI;ITI4;ITI42;
Ascrea;A464;12;57;57;4;57004;Centro;Lazio;Rieti;1;57004;57004;57004;ITI;ITI4;ITI42;ITI;ITI4;ITI42;
Belmonte in Sabina;A765;12;57;57;5;57005;Centro;Lazio;Rieti;1;57005;57005;57005;ITI;ITI4;ITI42;ITI;ITI4;ITI42;
Borbona;A981;12;57;57;6;57006;Centro;Lazio;Rieti;1;57006;57006;57006;ITI;ITI4;ITI42;ITI;ITI4;ITI42;
Borgorose;B008;12;57;57;7;57007;Centro;Lazio;Rieti;1;57007;57007;57007;ITI;ITI4;ITI42;ITI;ITI4;ITI42;
Borgo Velino;A996;12;57;57;8;57008;Centro;Lazio;Rieti;1;57008;57008;57008;ITI;ITI4;ITI42;ITI;ITI4;ITI42;
Cantalice;B627;12;57;57;9;57009;Centro;Lazio;Rieti;1;57009;57009;57009;ITI;ITI4;ITI42;ITI;ITI4;ITI42;
Cantalupo in Sabina;B631;12;57;57;10;57010;Centro;Lazio;Rieti;1;57010;57010;57010;ITI;ITI4;ITI42;ITI;ITI4;ITI42;
Casaprota;B934;12;57;57;11;57011;Centro;Lazio;Rieti;1;57011;57011;57011;ITI;ITI4;ITI42;ITI;ITI4;ITI42;
Casperia;A472;12;57;57;12;57012;Centro;Lazio;Rieti;1;57012;57012;57012;ITI;ITI4;ITI42;ITI;ITI4;ITI42;
Castel di Tora;C098;12;57;57;13;57013;Centro;Lazio;Rieti;1;57013;57013;57013;ITI;ITI4;ITI42;ITI;ITI4;ITI42;
Castelnuovo di Farfa;C224;12;57;57;14;57014;Centro;Lazio;Rieti;1;57014;57014;57014;ITI;ITI4;ITI42;ITI;ITI4;ITI42;
Castel Sant'Angelo;C268;12;57;57;15;57015;Centro;Lazio;Rieti;1;57015;57015;57015;ITI;ITI4;ITI42;ITI;ITI4;ITI42;
Cittaducale;C746;12;57;57;16;57016;Centro;Lazio;Rieti;1;57016;57016;57016;ITI;ITI4;ITI42;ITI;ITI4;ITI42;
Cittareale;C749;12;57;57;17;57017;Centro;Lazio;Rieti;1;57017;57017;57017;ITI;ITI4;ITI42;ITI;ITI4;ITI42;
Collalto Sabino;C841;12;57;57;18;57018;Centro;Lazio;Rieti;1;57018;57018;57018;ITI;ITI4;ITI42;ITI;ITI4;ITI42;
Colle di Tora;C857;12;57;57;19;57019;Centro;Lazio;Rieti;1;57019;57019;57019;ITI;ITI4;ITI42;ITI;ITI4;ITI42;
Collegiove;C859;12;57;57;20;57020;Centro;Lazio;Rieti;1;57020;57020;57020;ITI;ITI4;ITI42;ITI;ITI4;ITI42;
Collevecchio;C876;12;57;57;21;57021;Centro;Lazio;Rieti;1;57021;57021;57021;ITI;ITI4;ITI42;ITI;ITI4;ITI42;
Colli sul Velino;C880;12;57;57;22;57022;Centro;Lazio;Rieti;1;57022;57022;57022;ITI;ITI4;ITI42;ITI;ITI4;ITI42;
Concerviano;C946;12;57;57;23;57023;Centro;Lazio;Rieti;1;57023;57023;57023;ITI;ITI4;ITI42;ITI;ITI4;ITI42;
Configni;C959;12;57;57;24;57024;Centro;Lazio;Rieti;1;57024;57024;57024;ITI;ITI4;ITI42;ITI;ITI4;ITI42;
Contigliano;C969;12;57;57;25;57025;Centro;Lazio;Rieti;1;57025;57025;57025;ITI;ITI4;ITI42;ITI;ITI4;ITI42;
Cottanello;D124;12;57;57;26;57026;Centro;Lazio;Rieti;1;57026;57026;57026;ITI;ITI4;ITI42;ITI;ITI4;ITI42;
Fara in Sabina;D493;12;57;57;27;57027;Centro;Lazio;Rieti;1;57027;57027;57027;ITI;ITI4;ITI42;ITI;ITI4;ITI42;
Fiamignano;D560;12;57;57;28;57028;Centro;Lazio;Rieti;1;57028;57028;57028;ITI;ITI4;ITI42;ITI;ITI4;ITI42;
Forano;D689;12;57;57;29;57029;Centro;Lazio;Rieti;1;57029;57029;57029;ITI;ITI4;ITI42;ITI;ITI4;ITI42;
Frasso Sabino;D785;12;57;57;30;57030;Centro;Lazio;Rieti;1;57030;57030;57030;ITI;ITI4;ITI42;ITI;ITI4;ITI42;
Greccio;E160;12;57;57;31;57031;Centro;Lazio;Rieti;1;57031;57031;57031;ITI;ITI4;ITI42;ITI;ITI4;ITI42;
Labro;E393;12;57;57;32;57032;Centro;Lazio;Rieti;1;57032;57032;57032;ITI;ITI4;ITI42;ITI;ITI4;ITI42;
Leonessa;E535;12;57;57;33;57033;Centro;Lazio;Rieti;1;57033;57033;57033;ITI;ITI4;ITI42;ITI;ITI4;ITI42;
Longone Sabino;E681;12;57;57;34;57034;Centro;Lazio;Rieti;1;57034;57034;57034;ITI;ITI4;ITI42;ITI;ITI4;ITI42;
Magliano Sabina;E812;12;57;57;35;57035;Centro;Lazio;Rieti;1;57035;57035;57035;ITI;ITI4;ITI42;ITI;ITI4;ITI42;
Marcetelli;E927;12;57;57;36;57036;Centro;Lazio;Rieti;1;57036;57036;57036;ITI;ITI4;ITI42;ITI;ITI4;ITI42;
Micigliano;F193;12;57;57;37;57037;Centro;Lazio;Rieti;1;57037;57037;57037;ITI;ITI4;ITI42;ITI;ITI4;ITI42;
Mompeo;F319;12;57;57;38;57038;Centro;Lazio;Rieti;1;57038;57038;57038;ITI;ITI4;ITI42;ITI;ITI4;ITI42;
Montasola;F430;12;57;57;39;57039;Centro;Lazio;Rieti;1;57039;57039;57039;ITI;ITI4;ITI42;ITI;ITI4;ITI42;
Montebuono;F446;12;57;57;40;57040;Centro;Lazio;Rieti;1;57040;57040;57040;ITI;ITI4;ITI42;ITI;ITI4;ITI42;
Monteleone Sabino;F541;12;57;57;41;57041;Centro;Lazio;Rieti;1;57041;57041;57041;ITI;ITI4;ITI42;ITI;ITI4;ITI42;
Montenero Sabino;F579;12;57;57;42;57042;Centro;Lazio;Rieti;1;57042;57042;57042;ITI;ITI4;ITI42;ITI;ITI4;ITI42;
Monte San Giovanni in Sabina;F619;12;57;57;43;57043;Centro;Lazio;Rieti;1;57043;57043;57043;ITI;ITI4;ITI42;ITI;ITI4;ITI42;
Montopoli di Sabina;F687;12;57;57;44;57044;Centro;Lazio;Rieti;1;57044;57044;57044;ITI;ITI4;ITI42;ITI;ITI4;ITI42;
Morro Reatino;F746;12;57;57;45;57045;Centro;Lazio;Rieti;1;57045;57045;57045;ITI;ITI4;ITI42;ITI;ITI4;ITI42;
Nespolo;F876;12;57;57;46;57046;Centro;Lazio;Rieti;1;57046;57046;57046;ITI;ITI4;ITI42;ITI;ITI4;ITI42;
Orvinio;B595;12;57;57;47;57047;Centro;Lazio;Rieti;1;57047;57047;57047;ITI;ITI4;ITI42;ITI;ITI4;ITI42;
Paganico Sabino;G232;12;57;57;48;57048;Centro;Lazio;Rieti;1;57048;57048;57048;ITI;ITI4;ITI42;ITI;ITI4;ITI42;
Pescorocchiano;G498;12;57;57;49;57049;Centro;Lazio;Rieti;1;57049;57049;57049;ITI;ITI4;ITI42;ITI;ITI4;ITI42;
Petrella Salto;G513;12;57;57;50;57050;Centro;Lazio;Rieti;1;57050;57050;57050;ITI;ITI4;ITI42;ITI;ITI4;ITI42;
Poggio Bustone;G756;12;57;57;51;57051;Centro;Lazio;Rieti;1;57051;57051;57051;ITI;ITI4;ITI42;ITI;ITI4;ITI42;
Poggio Catino;G757;12;57;57;52;57052;Centro;Lazio;Rieti;1;57052;57052;57052;ITI;ITI4;ITI42;ITI;ITI4;ITI42;
Poggio Mirteto;G763;12;57;57;53;57053;Centro;Lazio;Rieti;1;57053;57053;57053;ITI;ITI4;ITI42;ITI;ITI4;ITI42;
Poggio Moiano;G764;12;57;57;54;57054;Centro;Lazio;Rieti;1;57054;57054;57054;ITI;ITI4;ITI42;ITI;ITI4;ITI42;
Poggio Nativo;G765;12;57;57;55;57055;Centro;Lazio;Rieti;1;57055;57055;57055;ITI;ITI4;ITI42;ITI;ITI4;ITI42;
Poggio San Lorenzo;G770;12;57;57;56;57056;Centro;Lazio;Rieti;1;57056;57056;57056;ITI;ITI4;ITI42;ITI;ITI4;ITI42;
Posta;G934;12;57;57;57;57057;Centro;Lazio;Rieti;1;57057;57057;57057;ITI;ITI4;ITI42;ITI;ITI4;ITI42;
Pozzaglia Sabina;G951;12;57;57;58;57058;Centro;Lazio;Rieti;1;57058;57058;57058;ITI;ITI4;ITI42;ITI;ITI4;ITI42;
Rieti;H282;12;57;57;59;57059;Centro;Lazio;Rieti;1;57059;57059;57059;ITI;ITI4;ITI42;ITI;ITI4;ITI42;
Rivodutri;H354;12;57;57;60;57060;Centro;Lazio;Rieti;1;57060;57060;57060;ITI;ITI4;ITI42;ITI;ITI4;ITI42;
Roccantica;H427;12;57;57;61;57061;Centro;Lazio;Rieti;1;57061;57061;57061;ITI;ITI4;ITI42;ITI;ITI4;ITI42;
Rocca Sinibalda;H446;12;57;57;62;57062;Centro;Lazio;Rieti;1;57062;57062;57062;ITI;ITI4;ITI42;ITI;ITI4;ITI42;
Salisano;H713;12;57;57;63;57063;Centro;Lazio;Rieti;1;57063;57063;57063;ITI;ITI4;ITI42;ITI;ITI4;ITI42;
Scandriglia;I499;12;57;57;64;57064;Centro;Lazio;Rieti;1;57064;57064;57064;ITI;ITI4;ITI42;ITI;ITI4;ITI42;
Selci;I581;12;57;57;65;57065;Centro;Lazio;Rieti;1;57065;57065;57065;ITI;ITI4;ITI42;ITI;ITI4;ITI42;
Stimigliano;I959;12;57;57;66;57066;Centro;Lazio;Rieti;1;57066;57066;57066;ITI;ITI4;ITI42;ITI;ITI4;ITI42;
Tarano;L046;12;57;57;67;57067;Centro;Lazio;Rieti;1;57067;57067;57067;ITI;ITI4;ITI42;ITI;ITI4;ITI42;
Toffia;L189;12;57;57;68;57068;Centro;Lazio;Rieti;1;57068;57068;57068;ITI;ITI4;ITI42;ITI;ITI4;ITI42;
Torricella in Sabina;L293;12;57;57;69;57069;Centro;Lazio;Rieti;1;57069;57069;57069;ITI;ITI4;ITI42;ITI;ITI4;ITI42;
Torri in Sabina;L286;12;57;57;70;57070;Centro;Lazio;Rieti;1;57070;57070;57070;ITI;ITI4;ITI42;ITI;ITI4;ITI42;
Turania;G507;12;57;57;71;57071;Centro;Lazio;Rieti;1;57071;57071;57071;ITI;ITI4;ITI42;ITI;ITI4;ITI42;
Vacone;L525;12;57;57;72;57072;Centro;Lazio;Rieti;1;57072;57072;57072;ITI;ITI4;ITI42;ITI;ITI4;ITI42;
Varco Sabino;L676;12;57;57;73;57073;Centro;Lazio;Rieti;1;57073;57073;57073;ITI;ITI4;ITI42;ITI;ITI4;ITI42;
Affile;A062;12;258;58;1;58001;Centro;Lazio;Roma;3;58001;58001;58001;ITI;ITI4;ITI43;ITI;ITI4;ITI43;
Agosta;A084;12;258;58;2;58002;Centro;Lazio;Roma;3;58002;58002;58002;ITI;ITI4;ITI43;ITI;ITI4;ITI43;
Albano Laziale;A132;12;258;58;3;58003;Centro;Lazio;Roma;3;58003;58003;58003;ITI;ITI4;ITI43;ITI;ITI4;ITI43;
Allumiere;A210;12;258;58;4;58004;Centro;Lazio;Roma;3;58004;58004;58004;ITI;ITI4;ITI43;ITI;ITI4;ITI43;
Anguillara Sabazia;A297;12;258;58;5;58005;Centro;Lazio;Roma;3;58005;58005;58005;ITI;ITI4;ITI43;ITI;ITI4;ITI43;
Anticoli Corrado;A309;12;258;58;6;58006;Centro;Lazio;Roma;3;58006;58006;58006;ITI;ITI4;ITI43;ITI;ITI4;ITI43;
Anzio;A323;12;258;58;7;58007;Centro;Lazio;Roma;3;58007;58007;58007;ITI;ITI4;ITI43;ITI;ITI4;ITI43;
Arcinazzo Romano;A370;12;258;58;8;58008;Centro;Lazio;Roma;3;58008;58008;58008;ITI;ITI4;ITI43;ITI;ITI4;ITI43;
Ariccia;A401;12;258;58;9;58009;Centro;Lazio;Roma;3;58009;58009;58009;ITI;ITI4;ITI43;ITI;ITI4;ITI43;
Arsoli;A446;12;258;58;10;58010;Centro;Lazio;Roma;3;58010;58010;58010;ITI;ITI4;ITI43;ITI;ITI4;ITI43;
Artena;A449;12;258;58;11;58011;Centro;Lazio;Roma;3;58011;58011;58011;ITI;ITI4;ITI43;ITI;ITI4;ITI43;
Bellegra;A749;12;258;58;12;58012;Centro;Lazio;Roma;3;58012;58012;58012;ITI;ITI4;ITI43;ITI;ITI4;ITI43;
Bracciano;B114;12;258;58;13;58013;Centro;Lazio;Roma;3;58013;58013;58013;ITI;ITI4;ITI43;ITI;ITI4;ITI43;
Camerata Nuova;B472;12;258;58;14;58014;Centro;Lazio;Roma;3;58014;58014;58014;ITI;ITI4;ITI43;ITI;ITI4;ITI43;
Campagnano di Roma;B496;12;258;58;15;58015;Centro;Lazio;Roma;3;58015;58015;58015;ITI;ITI4;ITI43;ITI;ITI4;ITI43;
Canale Monterano;B576;12;258;58;16;58016;Centro;Lazio;Roma;3;58016;58016;58016;ITI;ITI4;ITI43;ITI;ITI4;ITI43;
Canterano;B635;12;258;58;17;58017;Centro;Lazio;Roma;3;58017;58017;58017;ITI;ITI4;ITI43;ITI;ITI4;ITI43;
Capena;B649;12;258;58;18;58018;Centro;Lazio;Roma;3;58018;58018;58018;ITI;ITI4;ITI43;ITI;ITI4;ITI43;
Capranica Prenestina;B687;12;258;58;19;58019;Centro;Lazio;Roma;3;58019;58019;58019;ITI;ITI4;ITI43;ITI;ITI4;ITI43;
Carpineto Romano;B828;12;258;58;20;58020;Centro;Lazio;Roma;3;58020;58020;58020;ITI;ITI4;ITI43;ITI;ITI4;ITI43;
Casape;B932;12;258;58;21;58021;Centro;Lazio;Roma;3;58021;58021;58021;ITI;ITI4;ITI43;ITI;ITI4;ITI43;
Castel Gandolfo;C116;12;258;58;22;58022;Centro;Lazio;Roma;3;58022;58022;58022;ITI;ITI4;ITI43;ITI;ITI4;ITI43;
Castel Madama;C203;12;258;58;23;58023;Centro;Lazio;Roma;3;58023;58023;58023;ITI;ITI4;ITI43;ITI;ITI4;ITI43;
Castelnuovo di Porto;C237;12;258;58;24;58024;Centro;Lazio;Roma;3;58024;58024;58024;ITI;ITI4;ITI43;ITI;ITI4;ITI43;
Castel San Pietro Romano;C266;12;258;58;25;58025;Centro;Lazio;Roma;3;58025;58025;58025;ITI;ITI4;ITI43;ITI;ITI4;ITI43;
Cave;C390;12;258;58;26;58026;Centro;Lazio;Roma;3;58026;58026;58026;ITI;ITI4;ITI43;ITI;ITI4;ITI43;
Cerreto Laziale;C518;12;258;58;27;58027;Centro;Lazio;Roma;3;58027;58027;58027;ITI;ITI4;ITI43;ITI;ITI4;ITI43;
Cervara di Roma;C543;12;258;58;28;58028;Centro;Lazio;Roma;3;58028;58028;58028;ITI;ITI4;ITI43;ITI;ITI4;ITI43;
Cerveteri;C552;12;258;58;29;58029;Centro;Lazio;Roma;3;58029;58029;58029;ITI;ITI4;ITI43;ITI;ITI4;ITI43;
Ciciliano;C677;12;258;58;30;58030;Centro;Lazio;Roma;3;58030;58030;58030;ITI;ITI4;ITI43;ITI;ITI4;ITI43;
Cineto Romano;C702;12;258;58;31;58031;Centro;Lazio;Roma;3;58031;58031;58031;ITI;ITI4;ITI43;ITI;ITI4;ITI43;
Civitavecchia;C773;12;258;58;32;58032;Centro;Lazio;Roma;3;58032;58032;58032;ITI;ITI4;ITI43;ITI;ITI4;ITI43;
Civitella San Paolo;C784;12;258;58;33;58033;Centro;Lazio;Roma;3;58033;58033;58033;ITI;ITI4;ITI43;ITI;ITI4;ITI43;
Colleferro;C858;12;258;58;34;58034;Centro;Lazio;Roma;3;58034;58034;58034;ITI;ITI4;ITI43;ITI;ITI4;ITI43;
Colonna;C900;12;258;58;35;58035;Centro;Lazio;Roma;3;58035;58035;58035;ITI;ITI4;ITI43;ITI;ITI4;ITI43;
Fiano Romano;D561;12;258;58;36;58036;Centro;Lazio;Roma;3;58036;58036;58036;ITI;ITI4;ITI43;ITI;ITI4;ITI43;
Filacciano;D586;12;258;58;37;58037;Centro;Lazio;Roma;3;58037;58037;58037;ITI;ITI4;ITI43;ITI;ITI4;ITI43;
Formello;D707;12;258;58;38;58038;Centro;Lazio;Roma;3;58038;58038;58038;ITI;ITI4;ITI43;ITI;ITI4;ITI43;
Frascati;D773;12;258;58;39;58039;Centro;Lazio;Roma;3;58039;58039;58039;ITI;ITI4;ITI43;ITI;ITI4;ITI43;
Gallicano nel Lazio;D875;12;258;58;40;58040;Centro;Lazio;Roma;3;58040;58040;58040;ITI;ITI4;ITI43;ITI;ITI4;ITI43;
Gavignano;D945;12;258;58;41;58041;Centro;Lazio;Roma;3;58041;58041;58041;ITI;ITI4;ITI43;ITI;ITI4;ITI43;
Genazzano;D964;12;258;58;42;58042;Centro;Lazio;Roma;3;58042;58042;58042;ITI;ITI4;ITI43;ITI;ITI4;ITI43;
Genzano di Roma;D972;12;258;58;43;58043;Centro;Lazio;Roma;3;58043;58043;58043;ITI;ITI4;ITI43;ITI;ITI4;ITI43;
Gerano;D978;12;258;58;44;58044;Centro;Lazio;Roma;3;58044;58044;58044;ITI;ITI4;ITI43;ITI;ITI4;ITI43;
Gorga;E091;12;258;58;45;58045;Centro;Lazio;Roma;3;58045;58045;58045;ITI;ITI4;ITI43;ITI;ITI4;ITI43;
Grottaferrata;E204;12;258;58;46;58046;Centro;Lazio;Roma;3;58046;58046;58046;ITI;ITI4;ITI43;ITI;ITI4;ITI43;
Guidonia Montecelio;E263;12;258;58;47;58047;Centro;Lazio;Roma;3;58047;58047;58047;ITI;ITI4;ITI43;ITI;ITI4;ITI43;
Jenne;E382;12;258;58;48;58048;Centro;Lazio;Roma;3;58048;58048;58048;ITI;ITI4;ITI43;ITI;ITI4;ITI43;
Labico;E392;12;258;58;49;58049;Centro;Lazio;Roma;3;58049;58049;58049;ITI;ITI4;ITI43;ITI;ITI4;ITI43;
Lanuvio;C767;12;258;58;50;58050;Centro;Lazio;Roma;3;58050;58050;58050;ITI;ITI4;ITI43;ITI;ITI4;ITI43;
Licenza;E576;12;258;58;51;58051;Centro;Lazio;Roma;3;58051;58051;58051;ITI;ITI4;ITI43;ITI;ITI4;ITI43;
Magliano Romano;E813;12;258;58;52;58052;Centro;Lazio;Roma;3;58052;58052;58052;ITI;ITI4;ITI43;ITI;ITI4;ITI43;
Mandela;B632;12;258;58;53;58053;Centro;Lazio;Roma;3;58053;58053;58053;ITI;ITI4;ITI43;ITI;ITI4;ITI43;
Manziana;E900;12;258;58;54;58054;Centro;Lazio;Roma;3;58054;58054;58054;ITI;ITI4;ITI43;ITI;ITI4;ITI43;
Marano Equo;E908;12;258;58;55;58055;Centro;Lazio;Roma;3;58055;58055;58055;ITI;ITI4;ITI43;ITI;ITI4;ITI43;
Marcellina;E924;12;258;58;56;58056;Centro;Lazio;Roma;3;58056;58056;58056;ITI;ITI4;ITI43;ITI;ITI4;ITI43;
Marino;E958;12;258;58;57;58057;Centro;Lazio;Roma;3;58057;58057;58057;ITI;ITI4;ITI43;ITI;ITI4;ITI43;
Mazzano Romano;F064;12;258;58;58;58058;Centro;Lazio;Roma;3;58058;58058;58058;ITI;ITI4;ITI43;ITI;ITI4;ITI43;
Mentana;F127;12;258;58;59;58059;Centro;Lazio;Roma;3;58059;58059;58059;ITI;ITI4;ITI43;ITI;ITI4;ITI43;
Monte Compatri;F477;12;258;58;60;58060;Centro;Lazio;Roma;3;58060;58060;58060;ITI;ITI4;ITI43;ITI;ITI4;ITI43;
Monteflavio;F504;12;258;58;61;58061;Centro;Lazio;Roma;3;58061;58061;58061;ITI;ITI4;ITI43;ITI;ITI4;ITI43;
Montelanico;F534;12;258;58;62;58062;Centro;Lazio;Roma;3;58062;58062;58062;ITI;ITI4;ITI43;ITI;ITI4;ITI43;
Montelibretti;F545;12;258;58;63;58063;Centro;Lazio;Roma;3;58063;58063;58063;ITI;ITI4;ITI43;ITI;ITI4;ITI43;
Monte Porzio Catone;F590;12;258;58;64;58064;Centro;Lazio;Roma;3;58064;58064;58064;ITI;ITI4;ITI43;ITI;ITI4;ITI43;
Monterotondo;F611;12;258;58;65;58065;Centro;Lazio;Roma;3;58065;58065;58065;ITI;ITI4;ITI43;ITI;ITI4;ITI43;
Montorio Romano;F692;12;258;58;66;58066;Centro;Lazio;Roma;3;58066;58066;58066;ITI;ITI4;ITI43;ITI;ITI4;ITI43;
Moricone;F730;12;258;58;67;58067;Centro;Lazio;Roma;3;58067;58067;58067;ITI;ITI4;ITI43;ITI;ITI4;ITI43;
Morlupo;F734;12;258;58;68;58068;Centro;Lazio;Roma;3;58068;58068;58068;ITI;ITI4;ITI43;ITI;ITI4;ITI43;
Nazzano;F857;12;258;58;69;58069;Centro;Lazio;Roma;3;58069;58069;58069;ITI;ITI4;ITI43;ITI;ITI4;ITI43;
Nemi;F865;12;258;58;70;58070;Centro;Lazio;Roma;3;58070;58070;58070;ITI;ITI4;ITI43;ITI;ITI4;ITI43;
Nerola;F871;12;258;58;71;58071;Centro;Lazio;Roma;3;58071;58071;58071;ITI;ITI4;ITI43;ITI;ITI4;ITI43;
Nettuno;F880;12;258;58;72;58072;Centro;Lazio;Roma;3;58072;58072;58072;ITI;ITI4;ITI43;ITI;ITI4;ITI43;
Olevano Romano;G022;12;258;58;73;58073;Centro;Lazio;Roma;3;58073;58073;58073;ITI;ITI4;ITI43;ITI;ITI4;ITI43;
Palestrina;G274;12;258;58;74;58074;Centro;Lazio;Roma;3;58074;58074;58074;ITI;ITI4;ITI43;ITI;ITI4;ITI43;
Palombara Sabina;G293;12;258;58;75;58075;Centro;Lazio;Roma;3;58075;58075;58075;ITI;ITI4;ITI43;ITI;ITI4;ITI43;
Percile;G444;12;258;58;76;58076;Centro;Lazio;Roma;3;58076;58076;58076;ITI;ITI4;ITI43;ITI;ITI4;ITI43;
Pisoniano;G704;12;258;58;77;58077;Centro;Lazio;Roma;3;58077;58077;58077;ITI;ITI4;ITI43;ITI;ITI4;ITI43;
Poli;G784;12;258;58;78;58078;Centro;Lazio;Roma;3;58078;58078;58078;ITI;ITI4;ITI43;ITI;ITI4;ITI43;
Pomezia;G811;12;258;58;79;58079;Centro;Lazio;Roma;3;58079;58079;58079;ITI;ITI4;ITI43;ITI;ITI4;ITI43;
Ponzano Romano;G874;12;258;58;80;58080;Centro;Lazio;Roma;3;58080;58080;58080;ITI;ITI4;ITI43;ITI;ITI4;ITI43;
Riano;H267;12;258;58;81;58081;Centro;Lazio;Roma;3;58081;58081;58081;ITI;ITI4;ITI43;ITI;ITI4;ITI43;
Rignano Flaminio;H288;12;258;58;82;58082;Centro;Lazio;Roma;3;58082;58082;58082;ITI;ITI4;ITI43;ITI;ITI4;ITI43;
Riofreddo;H300;12;258;58;83;58083;Centro;Lazio;Roma;3;58083;58083;58083;ITI;ITI4;ITI43;ITI;ITI4;ITI43;
Rocca Canterano;H387;12;258;58;84;58084;Centro;Lazio;Roma;3;58084;58084;58084;ITI;ITI4;ITI43;ITI;ITI4;ITI43;
Rocca di Cave;H401;12;258;58;85;58085;Centro;Lazio;Roma;3;58085;58085;58085;ITI;ITI4;ITI43;ITI;ITI4;ITI43;
Rocca di Papa;H404;12;258;58;86;58086;Centro;Lazio;Roma;3;58086;58086;58086;ITI;ITI4;ITI43;ITI;ITI4;ITI43;
Roccagiovine;H411;12;258;58;87;58087;Centro;Lazio;Roma;3;58087;58087;58087;ITI;ITI4;ITI43;ITI;ITI4;ITI43;
Rocca Priora;H432;12;258;58;88;58088;Centro;Lazio;Roma;3;58088;58088;58088;ITI;ITI4;ITI43;ITI;ITI4;ITI43;
Rocca Santo Stefano;H441;12;258;58;89;58089;Centro;Lazio;Roma;3;58089;58089;58089;ITI;ITI4;ITI43;ITI;ITI4;ITI43;
Roiate;H494;12;258;58;90;58090;Centro;Lazio;Roma;3;58090;58090;58090;ITI;ITI4;ITI43;ITI;ITI4;ITI43;
Roma;H501;12;258;58;91;58091;Centro;Lazio;Roma;3;58091;58091;58091;ITI;ITI4;ITI43;ITI;ITI4;ITI43;
Roviano;H618;12;258;58;92;58092;Centro;Lazio;Roma;3;58092;58092;58092;ITI;ITI4;ITI43;ITI;ITI4;ITI43;
Sacrofano;H658;12;258;58;93;58093;Centro;Lazio;Roma;3;58093;58093;58093;ITI;ITI4;ITI43;ITI;ITI4;ITI43;
Sambuci;H745;12;258;58;94;58094;Centro;Lazio;Roma;3;58094;58094;58094;ITI;ITI4;ITI43;ITI;ITI4;ITI43;
San Gregorio da Sassola;H942;12;258;58;95;58095;Centro;Lazio;Roma;3;58095;58095;58095;ITI;ITI4;ITI43;ITI;ITI4;ITI43;
San Polo dei Cavalieri;I125;12;258;58;96;58096;Centro;Lazio;Roma;3;58096;58096;58096;ITI;ITI4;ITI43;ITI;ITI4;ITI43;
Santa Marinella;I255;12;258;58;97;58097;Centro;Lazio;Roma;3;58097;58097;58097;ITI;ITI4;ITI43;ITI;ITI4;ITI43;
Sant'Angelo Romano;I284;12;258;58;98;58098;Centro;Lazio;Roma;3;58098;58098;58098;ITI;ITI4;ITI43;ITI;ITI4;ITI43;
Sant'Oreste;I352;12;258;58;99;58099;Centro;Lazio;Roma;3;58099;58099;58099;ITI;ITI4;ITI43;ITI;ITI4;ITI43;
San Vito Romano;I400;12;258;58;100;58100;Centro;Lazio;Roma;3;58100;58100;58100;ITI;ITI4;ITI43;ITI;ITI4;ITI43;
Saracinesco;I424;12;258;58;101;58101;Centro;Lazio;Roma;3;58101;58101;58101;ITI;ITI4;ITI43;ITI;ITI4;ITI43;
Segni;I573;12;258;58;102;58102;Centro;Lazio;Roma;3;58102;58102;58102;ITI;ITI4;ITI43;ITI;ITI4;ITI43;
Subiaco;I992;12;258;58;103;58103;Centro;Lazio;Roma;3;58103;58103;58103;ITI;ITI4;ITI43;ITI;ITI4;ITI43;
Tivoli;L182;12;258;58;104;58104;Centro;Lazio;Roma;3;58104;58104;58104;ITI;ITI4;ITI43;ITI;ITI4;ITI43;
Tolfa;L192;12;258;58;105;58105;Centro;Lazio;Roma;3;58105;58105;58105;ITI;ITI4;ITI43;ITI;ITI4;ITI43;
Torrita Tiberina;L302;12;258;58;106;58106;Centro;Lazio;Roma;3;58106;58106;58106;ITI;ITI4;ITI43;ITI;ITI4;ITI43;
Trevignano Romano;L401;12;258;58;107;58107;Centro;Lazio;Roma;3;58107;58107;58107;ITI;ITI4;ITI43;ITI;ITI4;ITI43;
Vallepietra;L611;12;258;58;108;58108;Centro;Lazio;Roma;3;58108;58108;58108;ITI;ITI4;ITI43;ITI;ITI4;ITI43;
Vallinfreda;L625;12;258;58;109;58109;Centro;Lazio;Roma;3;58109;58109;58109;ITI;ITI4;ITI43;ITI;ITI4;ITI43;
Valmontone;L639;12;258;58;110;58110;Centro;Lazio;Roma;3;58110;58110;58110;ITI;ITI4;ITI43;ITI;ITI4;ITI43;
Velletri;L719;12;258;58;111;58111;Centro;Lazio;Roma;3;58111;58111;58111;ITI;ITI4;ITI43;ITI;ITI4;ITI43;
Vicovaro;L851;12;258;58;112;58112;Centro;Lazio;Roma;3;58112;58112;58112;ITI;ITI4;ITI43;ITI;ITI4;ITI43;
Vivaro Romano;M095;12;258;58;113;58113;Centro;Lazio;Roma;3;58113;58113;58113;ITI;ITI4;ITI43;ITI;ITI4;ITI43;
Zagarolo;M141;12;258;58;114;58114;Centro;Lazio;Roma;3;58114;58114;58114;ITI;ITI4;ITI43;ITI;ITI4;ITI43;
Lariano;M207;12;258;58;115;58115;Centro;Lazio;Roma;3;58115;58115;58115;ITI;ITI4;ITI43;ITI;ITI4;ITI43;
Ladispoli;M212;12;258;58;116;58116;Centro;Lazio;Roma;3;58116;58116;58116;ITI;ITI4;ITI43;ITI;ITI4;ITI43;
Ardea;M213;12;258;58;117;58117;Centro;Lazio;Roma;3;58117;58117;58117;ITI;ITI4;ITI43;ITI;ITI4;ITI43;
Ciampino;M272;12;258;58;118;58118;Centro;Lazio;Roma;3;58118;58118;58118;ITI;ITI4;ITI43;ITI;ITI4;ITI43;
San Cesareo;M295;12;258;58;119;58119;Centro;Lazio;Roma;3;58119;58119;58119;ITI;ITI4;ITI43;ITI;ITI4;ITI43;
Fiumicino;M297;12;258;58;120;58120;Centro;Lazio;Roma;3;58120;58120;58120;ITI;ITI4;ITI43;ITI;ITI4;ITI43;
Fonte Nuova;M309;12;258;58;122;58122;Centro;Lazio;Roma;3;58122;58122;58122;ITI;ITI4;ITI43;ITI;ITI4;ITI43;
Aprilia;A341;12;59;59;1;59001;Centro;Lazio;Latina;1;59001;59001;59001;ITI;ITI4;ITI44;ITI;ITI4;ITI44;
Bassiano;A707;12;59;59;2;59002;Centro;Lazio;Latina;1;59002;59002;59002;ITI;ITI4;ITI44;ITI;ITI4;ITI44;
Campodimele;B527;12;59;59;3;59003;Centro;Lazio;Latina;1;59003;59003;59003;ITI;ITI4;ITI44;ITI;ITI4;ITI44;
Castelforte;C104;12;59;59;4;59004;Centro;Lazio;Latina;1;59004;59004;59004;ITI;ITI4;ITI44;ITI;ITI4;ITI44;
Cisterna di Latina;C740;12;59;59;5;59005;Centro;Lazio;Latina;1;59005;59005;59005;ITI;ITI4;ITI44;ITI;ITI4;ITI44;
Cori;D003;12;59;59;6;59006;Centro;Lazio;Latina;1;59006;59006;59006;ITI;ITI4;ITI44;ITI;ITI4;ITI44;
Fondi;D662;12;59;59;7;59007;Centro;Lazio;Latina;1;59007;59007;59007;ITI;ITI4;ITI44;ITI;ITI4;ITI44;
Formia;D708;12;59;59;8;59008;Centro;Lazio;Latina;1;59008;59008;59008;ITI;ITI4;ITI44;ITI;ITI4;ITI44;
Gaeta;D843;12;59;59;9;59009;Centro;Lazio;Latina;1;59009;59009;59009;ITI;ITI4;ITI44;ITI;ITI4;ITI44;
Itri;E375;12;59;59;10;59010;Centro;Lazio;Latina;1;59010;59010;59010;ITI;ITI4;ITI44;ITI;ITI4;ITI44;
Latina;E472;12;59;59;11;59011;Centro;Lazio;Latina;1;59011;59011;59011;ITI;ITI4;ITI44;ITI;ITI4;ITI44;
Lenola;E527;12;59;59;12;59012;Centro;Lazio;Latina;1;59012;59012;59012;ITI;ITI4;ITI44;ITI;ITI4;ITI44;
Maenza;E798;12;59;59;13;59013;Centro;Lazio;Latina;1;59013;59013;59013;ITI;ITI4;ITI44;ITI;ITI4;ITI44;
Minturno;F224;12;59;59;14;59014;Centro;Lazio;Latina;1;59014;59014;59014;ITI;ITI4;ITI44;ITI;ITI4;ITI44;
Monte San Biagio;F616;12;59;59;15;59015;Centro;Lazio;Latina;1;59015;59015;59015;ITI;ITI4;ITI44;ITI;ITI4;ITI44;
Norma;F937;12;59;59;16;59016;Centro;Lazio;Latina;1;59016;59016;59016;ITI;ITI4;ITI44;ITI;ITI4;ITI44;
Pontinia;G865;12;59;59;17;59017;Centro;Lazio;Latina;1;59017;59017;59017;ITI;ITI4;ITI44;ITI;ITI4;ITI44;
Ponza;G871;12;59;59;18;59018;Centro;Lazio;Latina;1;59018;59018;59018;ITI;ITI4;ITI44;ITI;ITI4;ITI44;
Priverno;G698;12;59;59;19;59019;Centro;Lazio;Latina;1;59019;59019;59019;ITI;ITI4;ITI44;ITI;ITI4;ITI44;
Prossedi;H076;12;59;59;20;59020;Centro;Lazio;Latina;1;59020;59020;59020;ITI;ITI4;ITI44;ITI;ITI4;ITI44;
Roccagorga;H413;12;59;59;21;59021;Centro;Lazio;Latina;1;59021;59021;59021;ITI;ITI4;ITI44;ITI;ITI4;ITI44;
Rocca Massima;H421;12;59;59;22;59022;Centro;Lazio;Latina;1;59022;59022;59022;ITI;ITI4;ITI44;ITI;ITI4;ITI44;
Roccasecca dei Volsci;H444;12;59;59;23;59023;Centro;Lazio;Latina;1;59023;59023;59023;ITI;ITI4;ITI44;ITI;ITI4;ITI44;
Sabaudia;H647;12;59;59;24;59024;Centro;Lazio;Latina;1;59024;59024;59024;ITI;ITI4;ITI44;ITI;ITI4;ITI44;
San Felice Circeo;H836;12;59;59;25;59025;Centro;Lazio;Latina;1;59025;59025;59025;ITI;ITI4;ITI44;ITI;ITI4;ITI44;
Santi Cosma e Damiano;I339;12;59;59;26;59026;Centro;Lazio;Latina;1;59026;59026;59026;ITI;ITI4;ITI44;ITI;ITI4;ITI44;
Sermoneta;I634;12;59;59;27;59027;Centro;Lazio;Latina;1;59027;59027;59027;ITI;ITI4;ITI44;ITI;ITI4;ITI44;
Sezze;I712;12;59;59;28;59028;Centro;Lazio;Latina;1;59028;59028;59028;ITI;ITI4;ITI44;ITI;ITI4;ITI44;
Sonnino;I832;12;59;59;29;59029;Centro;Lazio;Latina;1;59029;59029;59029;ITI;ITI4;ITI44;ITI;ITI4;ITI44;
Sperlonga;I892;12;59;59;30;59030;Centro;Lazio;Latina;1;59030;59030;59030;ITI;ITI4;ITI44;ITI;ITI4;ITI44;
Spigno Saturnia;I902;12;59;59;31;59031;Centro;Lazio;Latina;1;59031;59031;59031;ITI;ITI4;ITI44;ITI;ITI4;ITI44;
Terracina;L120;12;59;59;32;59032;Centro;Lazio;Latina;1;59032;59032;59032;ITI;ITI4;ITI44;ITI;ITI4;ITI44;
Ventotene;L742;12;59;59;33;59033;Centro;Lazio;Latina;1;59033;59033;59033;ITI;ITI4;ITI44;ITI;ITI4;ITI44;
Acquafondata;A032;12;60;60;1;60001;Centro;Lazio;Frosinone;1;60001;60001;60001;ITI;ITI4;ITI45;ITI;ITI4;ITI45;
Acuto;A054;12;60;60;2;60002;Centro;Lazio;Frosinone;1;60002;60002;60002;ITI;ITI4;ITI45;ITI;ITI4;ITI45;
Alatri;A123;12;60;60;3;60003;Centro;Lazio;Frosinone;1;60003;60003;60003;ITI;ITI4;ITI45;ITI;ITI4;ITI45;
Alvito;A244;12;60;60;4;60004;Centro;Lazio;Frosinone;1;60004;60004;60004;ITI;ITI4;ITI45;ITI;ITI4;ITI45;
Amaseno;A256;12;60;60;5;60005;Centro;Lazio;Frosinone;1;60005;60005;60005;ITI;ITI4;ITI45;ITI;ITI4;ITI45;
Anagni;A269;12;60;60;6;60006;Centro;Lazio;Frosinone;1;60006;60006;60006;ITI;ITI4;ITI45;ITI;ITI4;ITI45;
Aquino;A348;12;60;60;7;60007;Centro;Lazio;Frosinone;1;60007;60007;60007;ITI;ITI4;ITI45;ITI;ITI4;ITI45;
Arce;A363;12;60;60;8;60008;Centro;Lazio;Frosinone;1;60008;60008;60008;ITI;ITI4;ITI45;ITI;ITI4;ITI45;
Arnara;A421;12;60;60;9;60009;Centro;Lazio;Frosinone;1;60009;60009;60009;ITI;ITI4;ITI45;ITI;ITI4;ITI45;
Arpino;A433;12;60;60;10;60010;Centro;Lazio;Frosinone;1;60010;60010;60010;ITI;ITI4;ITI45;ITI;ITI4;ITI45;
Atina;A486;12;60;60;11;60011;Centro;Lazio;Frosinone;1;60011;60011;60011;ITI;ITI4;ITI45;ITI;ITI4;ITI45;
Ausonia;A502;12;60;60;12;60012;Centro;Lazio;Frosinone;1;60012;60012;60012;ITI;ITI4;ITI45;ITI;ITI4;ITI45;
Belmonte Castello;A763;12;60;60;13;60013;Centro;Lazio;Frosinone;1;60013;60013;60013;ITI;ITI4;ITI45;ITI;ITI4;ITI45;
Boville Ernica;A720;12;60;60;14;60014;Centro;Lazio;Frosinone;1;60014;60014;60014;ITI;ITI4;ITI45;ITI;ITI4;ITI45;
Broccostella;B195;12;60;60;15;60015;Centro;Lazio;Frosinone;1;60015;60015;60015;ITI;ITI4;ITI45;ITI;ITI4;ITI45;
Campoli Appennino;B543;12;60;60;16;60016;Centro;Lazio;Frosinone;1;60016;60016;60016;ITI;ITI4;ITI45;ITI;ITI4;ITI45;
Casalattico;B862;12;60;60;17;60017;Centro;Lazio;Frosinone;1;60017;60017;60017;ITI;ITI4;ITI45;ITI;ITI4;ITI45;
Casalvieri;B919;12;60;60;18;60018;Centro;Lazio;Frosinone;1;60018;60018;60018;ITI;ITI4;ITI45;ITI;ITI4;ITI45;
Cassino;C034;12;60;60;19;60019;Centro;Lazio;Frosinone;1;60019;60019;60019;ITI;ITI4;ITI45;ITI;ITI4;ITI45;
Castelliri;C177;12;60;60;20;60020;Centro;Lazio;Frosinone;1;60020;60020;60020;ITI;ITI4;ITI45;ITI;ITI4;ITI45;
Castelnuovo Parano;C223;12;60;60;21;60021;Centro;Lazio;Frosinone;1;60021;60021;60021;ITI;ITI4;ITI45;ITI;ITI4;ITI45;
Castrocielo;C340;12;60;60;22;60022;Centro;Lazio;Frosinone;1;60022;60022;60022;ITI;ITI4;ITI45;ITI;ITI4;ITI45;
Castro dei Volsci;C338;12;60;60;23;60023;Centro;Lazio;Frosinone;1;60023;60023;60023;ITI;ITI4;ITI45;ITI;ITI4;ITI45;
Ceccano;C413;12;60;60;24;60024;Centro;Lazio;Frosinone;1;60024;60024;60024;ITI;ITI4;ITI45;ITI;ITI4;ITI45;
Ceprano;C479;12;60;60;25;60025;Centro;Lazio;Frosinone;1;60025;60025;60025;ITI;ITI4;ITI45;ITI;ITI4;ITI45;
Cervaro;C545;12;60;60;26;60026;Centro;Lazio;Frosinone;1;60026;60026;60026;ITI;ITI4;ITI45;ITI;ITI4;ITI45;
Colfelice;C836;12;60;60;27;60027;Centro;Lazio;Frosinone;1;60027;60027;60027;ITI;ITI4;ITI45;ITI;ITI4;ITI45;
Collepardo;C864;12;60;60;28;60028;Centro;Lazio;Frosinone;1;60028;60028;60028;ITI;ITI4;ITI45;ITI;ITI4;ITI45;
Colle San Magno;C870;12;60;60;29;60029;Centro;Lazio;Frosinone;1;60029;60029;60029;ITI;ITI4;ITI45;ITI;ITI4;ITI45;
Coreno Ausonio;C998;12;60;60;30;60030;Centro;Lazio;Frosinone;1;60030;60030;60030;ITI;ITI4;ITI45;ITI;ITI4;ITI45;
Esperia;D440;12;60;60;31;60031;Centro;Lazio;Frosinone;1;60031;60031;60031;ITI;ITI4;ITI45;ITI;ITI4;ITI45;
Falvaterra;D483;12;60;60;32;60032;Centro;Lazio;Frosinone;1;60032;60032;60032;ITI;ITI4;ITI45;ITI;ITI4;ITI45;
Ferentino;D539;12;60;60;33;60033;Centro;Lazio;Frosinone;1;60033;60033;60033;ITI;ITI4;ITI45;ITI;ITI4;ITI45;
Filettino;D591;12;60;60;34;60034;Centro;Lazio;Frosinone;1;60034;60034;60034;ITI;ITI4;ITI45;ITI;ITI4;ITI45;
Fiuggi;A310;12;60;60;35;60035;Centro;Lazio;Frosinone;1;60035;60035;60035;ITI;ITI4;ITI45;ITI;ITI4;ITI45;
Fontana Liri;D667;12;60;60;36;60036;Centro;Lazio;Frosinone;1;60036;60036;60036;ITI;ITI4;ITI45;ITI;ITI4;ITI45;
Fontechiari;D682;12;60;60;37;60037;Centro;Lazio;Frosinone;1;60037;60037;60037;ITI;ITI4;ITI45;ITI;ITI4;ITI45;
Frosinone;D810;12;60;60;38;60038;Centro;Lazio;Frosinone;1;60038;60038;60038;ITI;ITI4;ITI45;ITI;ITI4;ITI45;
Fumone;D819;12;60;60;39;60039;Centro;Lazio;Frosinone;1;60039;60039;60039;ITI;ITI4;ITI45;ITI;ITI4;ITI45;
Gallinaro;D881;12;60;60;40;60040;Centro;Lazio;Frosinone;1;60040;60040;60040;ITI;ITI4;ITI45;ITI;ITI4;ITI45;
Giuliano di Roma;E057;12;60;60;41;60041;Centro;Lazio;Frosinone;1;60041;60041;60041;ITI;ITI4;ITI45;ITI;ITI4;ITI45;
Guarcino;E236;12;60;60;42;60042;Centro;Lazio;Frosinone;1;60042;60042;60042;ITI;ITI4;ITI45;ITI;ITI4;ITI45;
Isola del Liri;E340;12;60;60;43;60043;Centro;Lazio;Frosinone;1;60043;60043;60043;ITI;ITI4;ITI45;ITI;ITI4;ITI45;
Monte San Giovanni Campano;F620;12;60;60;44;60044;Centro;Lazio;Frosinone;1;60044;60044;60044;ITI;ITI4;ITI45;ITI;ITI4;ITI45;
Morolo;F740;12;60;60;45;60045;Centro;Lazio;Frosinone;1;60045;60045;60045;ITI;ITI4;ITI45;ITI;ITI4;ITI45;
Paliano;G276;12;60;60;46;60046;Centro;Lazio;Frosinone;1;60046;60046;60046;ITI;ITI4;ITI45;ITI;ITI4;ITI45;
Pastena;G362;12;60;60;47;60047;Centro;Lazio;Frosinone;1;60047;60047;60047;ITI;ITI4;ITI45;ITI;ITI4;ITI45;
Patrica;G374;12;60;60;48;60048;Centro;Lazio;Frosinone;1;60048;60048;60048;ITI;ITI4;ITI45;ITI;ITI4;ITI45;
Pescosolido;G500;12;60;60;49;60049;Centro;Lazio;Frosinone;1;60049;60049;60049;ITI;ITI4;ITI45;ITI;ITI4;ITI45;
Picinisco;G591;12;60;60;50;60050;Centro;Lazio;Frosinone;1;60050;60050;60050;ITI;ITI4;ITI45;ITI;ITI4;ITI45;
Pico;G592;12;60;60;51;60051;Centro;Lazio;Frosinone;1;60051;60051;60051;ITI;ITI4;ITI45;ITI;ITI4;ITI45;
Piedimonte San Germano;G598;12;60;60;52;60052;Centro;Lazio;Frosinone;1;60052;60052;60052;ITI;ITI4;ITI45;ITI;ITI4;ITI45;
Piglio;G659;12;60;60;53;60053;Centro;Lazio;Frosinone;1;60053;60053;60053;ITI;ITI4;ITI45;ITI;ITI4;ITI45;
Pignataro Interamna;G662;12;60;60;54;60054;Centro;Lazio;Frosinone;1;60054;60054;60054;ITI;ITI4;ITI45;ITI;ITI4;ITI45;
Pofi;G749;12;60;60;55;60055;Centro;Lazio;Frosinone;1;60055;60055;60055;ITI;ITI4;ITI45;ITI;ITI4;ITI45;
Pontecorvo;G838;12;60;60;56;60056;Centro;Lazio;Frosinone;1;60056;60056;60056;ITI;ITI4;ITI45;ITI;ITI4;ITI45;
Posta Fibreno;G935;12;60;60;57;60057;Centro;Lazio;Frosinone;1;60057;60057;60057;ITI;ITI4;ITI45;ITI;ITI4;ITI45;
Ripi;H324;12;60;60;58;60058;Centro;Lazio;Frosinone;1;60058;60058;60058;ITI;ITI4;ITI45;ITI;ITI4;ITI45;
Rocca d'Arce;H393;12;60;60;59;60059;Centro;Lazio;Frosinone;1;60059;60059;60059;ITI;ITI4;ITI45;ITI;ITI4;ITI45;
Roccasecca;H443;12;60;60;60;60060;Centro;Lazio;Frosinone;1;60060;60060;60060;ITI;ITI4;ITI45;ITI;ITI4;ITI45;
San Biagio Saracinisco;H779;12;60;60;61;60061;Centro;Lazio;Frosinone;1;60061;60061;60061;ITI;ITI4;ITI45;ITI;ITI4;ITI45;
San Donato Val di Comino;H824;12;60;60;62;60062;Centro;Lazio;Frosinone;1;60062;60062;60062;ITI;ITI4;ITI45;ITI;ITI4;ITI45;
San Giorgio a Liri;H880;12;60;60;63;60063;Centro;Lazio;Frosinone;1;60063;60063;60063;ITI;ITI4;ITI45;ITI;ITI4;ITI45;
San Giovanni Incarico;H917;12;60;60;64;60064;Centro;Lazio;Frosinone;1;60064;60064;60064;ITI;ITI4;ITI45;ITI;ITI4;ITI45;
Sant'Ambrogio sul Garigliano;I256;12;60;60;65;60065;Centro;Lazio;Frosinone;1;60065;60065;60065;ITI;ITI4;ITI45;ITI;ITI4;ITI45;
Sant'Andrea del Garigliano;I265;12;60;60;66;60066;Centro;Lazio;Frosinone;1;60066;60066;60066;ITI;ITI4;ITI45;ITI;ITI4;ITI45;
Sant'Apollinare;I302;12;60;60;67;60067;Centro;Lazio;Frosinone;1;60067;60067;60067;ITI;ITI4;ITI45;ITI;ITI4;ITI45;
Sant'Elia Fiumerapido;I321;12;60;60;68;60068;Centro;Lazio;Frosinone;1;60068;60068;60068;ITI;ITI4;ITI45;ITI;ITI4;ITI45;
Santopadre;I351;12;60;60;69;60069;Centro;Lazio;Frosinone;1;60069;60069;60069;ITI;ITI4;ITI45;ITI;ITI4;ITI45;
San Vittore del Lazio;I408;12;60;60;70;60070;Centro;Lazio;Frosinone;1;60070;60070;60070;ITI;ITI4;ITI45;ITI;ITI4;ITI45;
Serrone;I669;12;60;60;71;60071;Centro;Lazio;Frosinone;1;60071;60071;60071;ITI;ITI4;ITI45;ITI;ITI4;ITI45;
Settefrati;I697;12;60;60;72;60072;Centro;Lazio;Frosinone;1;60072;60072;60072;ITI;ITI4;ITI45;ITI;ITI4;ITI45;
Sgurgola;I716;12;60;60;73;60073;Centro;Lazio;Frosinone;1;60073;60073;60073;ITI;ITI4;ITI45;ITI;ITI4;ITI45;
Sora;I838;12;60;60;74;60074;Centro;Lazio;Frosinone;1;60074;60074;60074;ITI;ITI4;ITI45;ITI;ITI4;ITI45;
Strangolagalli;I973;12;60;60;75;60075;Centro;Lazio;Frosinone;1;60075;60075;60075;ITI;ITI4;ITI45;ITI;ITI4;ITI45;
Supino;L009;12;60;60;76;60076;Centro;Lazio;Frosinone;1;60076;60076;60076;ITI;ITI4;ITI45;ITI;ITI4;ITI45;
Terelle;L105;12;60;60;77;60077;Centro;Lazio;Frosinone;1;60077;60077;60077;ITI;ITI4;ITI45;ITI;ITI4;ITI45;
Torre Cajetani;L243;12;60;60;78;60078;Centro;Lazio;Frosinone;1;60078;60078;60078;ITI;ITI4;ITI45;ITI;ITI4;ITI45;
Torrice;L290;12;60;60;79;60079;Centro;Lazio;Frosinone;1;60079;60079;60079;ITI;ITI4;ITI45;ITI;ITI4;ITI45;
Trevi nel Lazio;L398;12;60;60;80;60080;Centro;Lazio;Frosinone;1;60080;60080;60080;ITI;ITI4;ITI45;ITI;ITI4;ITI45;
Trivigliano;L437;12;60;60;81;60081;Centro;Lazio;Frosinone;1;60081;60081;60081;ITI;ITI4;ITI45;ITI;ITI4;ITI45;
Vallecorsa;L598;12;60;60;82;60082;Centro;Lazio;Frosinone;1;60082;60082;60082;ITI;ITI4;ITI45;ITI;ITI4;ITI45;
Vallemaio;L605;12;60;60;83;60083;Centro;Lazio;Frosinone;1;60083;60083;60083;ITI;ITI4;ITI45;ITI;ITI4;ITI45;
Vallerotonda;L614;12;60;60;84;60084;Centro;Lazio;Frosinone;1;60084;60084;60084;ITI;ITI4;ITI45;ITI;ITI4;ITI45;
Veroli;L780;12;60;60;85;60085;Centro;Lazio;Frosinone;1;60085;60085;60085;ITI;ITI4;ITI45;ITI;ITI4;ITI45;
Vicalvi;L836;12;60;60;86;60086;Centro;Lazio;Frosinone;1;60086;60086;60086;ITI;ITI4;ITI45;ITI;ITI4;ITI45;
Vico nel Lazio;L843;12;60;60;87;60087;Centro;Lazio;Frosinone;1;60087;60087;60087;ITI;ITI4;ITI45;ITI;ITI4;ITI45;
Villa Latina;A081;12;60;60;88;60088;Centro;Lazio;Frosinone;1;60088;60088;60088;ITI;ITI4;ITI45;ITI;ITI4;ITI45;
Villa Santa Lucia;L905;12;60;60;89;60089;Centro;Lazio;Frosinone;1;60089;60089;60089;ITI;ITI4;ITI45;ITI;ITI4;ITI45;
Villa Santo Stefano;I364;12;60;60;90;60090;Centro;Lazio;Frosinone;1;60090;60090;60090;ITI;ITI4;ITI45;ITI;ITI4;ITI45;
Viticuso;M083;12;60;60;91;60091;Centro;Lazio;Frosinone;1;60091;60091;60091;ITI;ITI4;ITI45;ITI;ITI4;ITI45;
Acciano;A018;13;66;66;1;66001;Sud;Abruzzo;L'Aquila;1;66001;66001;66001;ITF;ITF1;ITF11;ITF;ITF1;ITF11;
Aielli;A100;13;66;66;2;66002;Sud;Abruzzo;L'Aquila;1;66002;66002;66002;ITF;ITF1;ITF11;ITF;ITF1;ITF11;
Alfedena;A187;13;66;66;3;66003;Sud;Abruzzo;L'Aquila;1;66003;66003;66003;ITF;ITF1;ITF11;ITF;ITF1;ITF11;
Anversa degli Abruzzi;A318;13;66;66;4;66004;Sud;Abruzzo;L'Aquila;1;66004;66004;66004;ITF;ITF1;ITF11;ITF;ITF1;ITF11;
Ateleta;A481;13;66;66;5;66005;Sud;Abruzzo;L'Aquila;1;66005;66005;66005;ITF;ITF1;ITF11;ITF;ITF1;ITF11;
Avezzano;A515;13;66;66;6;66006;Sud;Abruzzo;L'Aquila;1;66006;66006;66006;ITF;ITF1;ITF11;ITF;ITF1;ITF11;
Balsorano;A603;13;66;66;7;66007;Sud;Abruzzo;L'Aquila;1;66007;66007;66007;ITF;ITF1;ITF11;ITF;ITF1;ITF11;
Barete;A656;13;66;66;8;66008;Sud;Abruzzo;L'Aquila;1;66008;66008;66008;ITF;ITF1;ITF11;ITF;ITF1;ITF11;
Barisciano;A667;13;66;66;9;66009;Sud;Abruzzo;L'Aquila;1;66009;66009;66009;ITF;ITF1;ITF11;ITF;ITF1;ITF11;
Barrea;A678;13;66;66;10;66010;Sud;Abruzzo;L'Aquila;1;66010;66010;66010;ITF;ITF1;ITF11;ITF;ITF1;ITF11;
Bisegna;A884;13;66;66;11;66011;Sud;Abruzzo;L'Aquila;1;66011;66011;66011;ITF;ITF1;ITF11;ITF;ITF1;ITF11;
Bugnara;B256;13;66;66;12;66012;Sud;Abruzzo;L'Aquila;1;66012;66012;66012;ITF;ITF1;ITF11;ITF;ITF1;ITF11;
Cagnano Amiterno;B358;13;66;66;13;66013;Sud;Abruzzo;L'Aquila;1;66013;66013;66013;ITF;ITF1;ITF11;ITF;ITF1;ITF11;
Calascio;B382;13;66;66;14;66014;Sud;Abruzzo;L'Aquila;1;66014;66014;66014;ITF;ITF1;ITF11;ITF;ITF1;ITF11;
Campo di Giove;B526;13;66;66;15;66015;Sud;Abruzzo;L'Aquila;1;66015;66015;66015;ITF;ITF1;ITF11;ITF;ITF1;ITF11;
Campotosto;B569;13;66;66;16;66016;Sud;Abruzzo;L'Aquila;1;66016;66016;66016;ITF;ITF1;ITF11;ITF;ITF1;ITF11;
Canistro;B606;13;66;66;17;66017;Sud;Abruzzo;L'Aquila;1;66017;66017;66017;ITF;ITF1;ITF11;ITF;ITF1;ITF11;
Cansano;B624;13;66;66;18;66018;Sud;Abruzzo;L'Aquila;1;66018;66018;66018;ITF;ITF1;ITF11;ITF;ITF1;ITF11;
Capestrano;B651;13;66;66;19;66019;Sud;Abruzzo;L'Aquila;1;66019;66019;66019;ITF;ITF1;ITF11;ITF;ITF1;ITF11;
Capistrello;B656;13;66;66;20;66020;Sud;Abruzzo;L'Aquila;1;66020;66020;66020;ITF;ITF1;ITF11;ITF;ITF1;ITF11;
Capitignano;B658;13;66;66;21;66021;Sud;Abruzzo;L'Aquila;1;66021;66021;66021;ITF;ITF1;ITF11;ITF;ITF1;ITF11;
Caporciano;B672;13;66;66;22;66022;Sud;Abruzzo;L'Aquila;1;66022;66022;66022;ITF;ITF1;ITF11;ITF;ITF1;ITF11;
Cappadocia;B677;13;66;66;23;66023;Sud;Abruzzo;L'Aquila;1;66023;66023;66023;ITF;ITF1;ITF11;ITF;ITF1;ITF11;
Carapelle Calvisio;B725;13;66;66;24;66024;Sud;Abruzzo;L'Aquila;1;66024;66024;66024;ITF;ITF1;ITF11;ITF;ITF1;ITF11;
Carsoli;B842;13;66;66;25;66025;Sud;Abruzzo;L'Aquila;1;66025;66025;66025;ITF;ITF1;ITF11;ITF;ITF1;ITF11;
Castel del Monte;C083;13;66;66;26;66026;Sud;Abruzzo;L'Aquila;1;66026;66026;66026;ITF;ITF1;ITF11;ITF;ITF1;ITF11;
Castel di Ieri;C090;13;66;66;27;66027;Sud;Abruzzo;L'Aquila;1;66027;66027;66027;ITF;ITF1;ITF11;ITF;ITF1;ITF11;
Castel di Sangro;C096;13;66;66;28;66028;Sud;Abruzzo;L'Aquila;1;66028;66028;66028;ITF;ITF1;ITF11;ITF;ITF1;ITF11;
Castellafiume;C126;13;66;66;29;66029;Sud;Abruzzo;L'Aquila;1;66029;66029;66029;ITF;ITF1;ITF11;ITF;ITF1;ITF11;
Castelvecchio Calvisio;C278;13;66;66;30;66030;Sud;Abruzzo;L'Aquila;1;66030;66030;66030;ITF;ITF1;ITF11;ITF;ITF1;ITF11;
Castelvecchio Subequo;C279;13;66;66;31;66031;Sud;Abruzzo;L'Aquila;1;66031;66031;66031;ITF;ITF1;ITF11;ITF;ITF1;ITF11;
Celano;C426;13;66;66;32;66032;Sud;Abruzzo;L'Aquila;1;66032;66032;66032;ITF;ITF1;ITF11;ITF;ITF1;ITF11;
Cerchio;C492;13;66;66;33;66033;Sud;Abruzzo;L'Aquila;1;66033;66033;66033;ITF;ITF1;ITF11;ITF;ITF1;ITF11;
Civita d'Antino;C766;13;66;66;34;66034;Sud;Abruzzo;L'Aquila;1;66034;66034;66034;ITF;ITF1;ITF11;ITF;ITF1;ITF11;
Civitella Alfedena;C778;13;66;66;35;66035;Sud;Abruzzo;L'Aquila;1;66035;66035;66035;ITF;ITF1;ITF11;ITF;ITF1;ITF11;
Civitella Roveto;C783;13;66;66;36;66036;Sud;Abruzzo;L'Aquila;1;66036;66036;66036;ITF;ITF1;ITF11;ITF;ITF1;ITF11;
Cocullo;C811;13;66;66;37;66037;Sud;Abruzzo;L'Aquila;1;66037;66037;66037;ITF;ITF1;ITF11;ITF;ITF1;ITF11;
Collarmele;C844;13;66;66;38;66038;Sud;Abruzzo;L'Aquila;1;66038;66038;66038;ITF;ITF1;ITF11;ITF;ITF1;ITF11;
Collelongo;C862;13;66;66;39;66039;Sud;Abruzzo;L'Aquila;1;66039;66039;66039;ITF;ITF1;ITF11;ITF;ITF1;ITF11;
Collepietro;C866;13;66;66;40;66040;Sud;Abruzzo;L'Aquila;1;66040;66040;66040;ITF;ITF1;ITF11;ITF;ITF1;ITF11;
Corfinio;C999;13;66;66;41;66041;Sud;Abruzzo;L'Aquila;1;66041;66041;66041;ITF;ITF1;ITF11;ITF;ITF1;ITF11;
Fagnano Alto;D465;13;66;66;42;66042;Sud;Abruzzo;L'Aquila;1;66042;66042;66042;ITF;ITF1;ITF11;ITF;ITF1;ITF11;
Fontecchio;D681;13;66;66;43;66043;Sud;Abruzzo;L'Aquila;1;66043;66043;66043;ITF;ITF1;ITF11;ITF;ITF1;ITF11;
Fossa;D736;13;66;66;44;66044;Sud;Abruzzo;L'Aquila;1;66044;66044;66044;ITF;ITF1;ITF11;ITF;ITF1;ITF11;
Gagliano Aterno;D850;13;66;66;45;66045;Sud;Abruzzo;L'Aquila;1;66045;66045;66045;ITF;ITF1;ITF11;ITF;ITF1;ITF11;
Gioia dei Marsi;E040;13;66;66;46;66046;Sud;Abruzzo;L'Aquila;1;66046;66046;66046;ITF;ITF1;ITF11;ITF;ITF1;ITF11;
Goriano Sicoli;E096;13;66;66;47;66047;Sud;Abruzzo;L'Aquila;1;66047;66047;66047;ITF;ITF1;ITF11;ITF;ITF1;ITF11;
Introdacqua;E307;13;66;66;48;66048;Sud;Abruzzo;L'Aquila;1;66048;66048;66048;ITF;ITF1;ITF11;ITF;ITF1;ITF11;
L'Aquila;A345;13;66;66;49;66049;Sud;Abruzzo;L'Aquila;1;66049;66049;66049;ITF;ITF1;ITF11;ITF;ITF1;ITF11;
Lecce nei Marsi;E505;13;66;66;50;66050;Sud;Abruzzo;L'Aquila;1;66050;66050;66050;ITF;ITF1;ITF11;ITF;ITF1;ITF11;
Luco dei Marsi;E723;13;66;66;51;66051;Sud;Abruzzo;L'Aquila;1;66051;66051;66051;ITF;ITF1;ITF11;ITF;ITF1;ITF11;
Lucoli;E724;13;66;66;52;66052;Sud;Abruzzo;L'Aquila;1;66052;66052;66052;ITF;ITF1;ITF11;ITF;ITF1;ITF11;
Magliano de' Marsi;E811;13;66;66;53;66053;Sud;Abruzzo;L'Aquila;1;66053;66053;66053;ITF;ITF1;ITF11;ITF;ITF1;ITF11;
Massa d'Albe;F022;13;66;66;54;66054;Sud;Abruzzo;L'Aquila;1;66054;66054;66054;ITF;ITF1;ITF11;ITF;ITF1;ITF11;
Molina Aterno;M255;13;66;66;55;66055;Sud;Abruzzo;L'Aquila;1;66055;66055;66055;ITF;ITF1;ITF11;ITF;ITF1;ITF11;
Montereale;F595;13;66;66;56;66056;Sud;Abruzzo;L'Aquila;1;66056;66056;66056;ITF;ITF1;ITF11;ITF;ITF1;ITF11;
Morino;F732;13;66;66;57;66057;Sud;Abruzzo;L'Aquila;1;66057;66057;66057;ITF;ITF1;ITF11;ITF;ITF1;ITF11;
Navelli;F852;13;66;66;58;66058;Sud;Abruzzo;L'Aquila;1;66058;66058;66058;ITF;ITF1;ITF11;ITF;ITF1;ITF11;
Ocre;F996;13;66;66;59;66059;Sud;Abruzzo;L'Aquila;1;66059;66059;66059;ITF;ITF1;ITF11;ITF;ITF1;ITF11;
Ofena;G002;13;66;66;60;66060;Sud;Abruzzo;L'Aquila;1;66060;66060;66060;ITF;ITF1;ITF11;ITF;ITF1;ITF11;
Opi;G079;13;66;66;61;66061;Sud;Abruzzo;L'Aquila;1;66061;66061;66061;ITF;ITF1;ITF11;ITF;ITF1;ITF11;
Oricola;G102;13;66;66;62;66062;Sud;Abruzzo;L'Aquila;1;66062;66062;66062;ITF;ITF1;ITF11;ITF;ITF1;ITF11;
Ortona dei Marsi;G142;13;66;66;63;66063;Sud;Abruzzo;L'Aquila;1;66063;66063;66063;ITF;ITF1;ITF11;ITF;ITF1;ITF11;
Ortucchio;G145;13;66;66;64;66064;Sud;Abruzzo;L'Aquila;1;66064;66064;66064;ITF;ITF1;ITF11;ITF;ITF1;ITF11;
Ovindoli;G200;13;66;66;65;66065;Sud;Abruzzo;L'Aquila;1;66065;66065;66065;ITF;ITF1;ITF11;ITF;ITF1;ITF11;
Pacentro;G210;13;66;66;66;66066;Sud;Abruzzo;L'Aquila;1;66066;66066;66066;ITF;ITF1;ITF11;ITF;ITF1;ITF11;
Pereto;G449;13;66;66;67;66067;Sud;Abruzzo;L'Aquila;1;66067;66067;66067;ITF;ITF1;ITF11;ITF;ITF1;ITF11;
Pescasseroli;G484;13;66;66;68;66068;Sud;Abruzzo;L'Aquila;1;66068;66068;66068;ITF;ITF1;ITF11;ITF;ITF1;ITF11;
Pescina;G492;13;66;66;69;66069;Sud;Abruzzo;L'Aquila;1;66069;66069;66069;ITF;ITF1;ITF11;ITF;ITF1;ITF11;
Pescocostanzo;G493;13;66;66;70;66070;Sud;Abruzzo;L'Aquila;1;66070;66070;66070;ITF;ITF1;ITF11;ITF;ITF1;ITF11;
Pettorano sul Gizio;G524;13;66;66;71;66071;Sud;Abruzzo;L'Aquila;1;66071;66071;66071;ITF;ITF1;ITF11;ITF;ITF1;ITF11;
Pizzoli;G726;13;66;66;72;66072;Sud;Abruzzo;L'Aquila;1;66072;66072;66072;ITF;ITF1;ITF11;ITF;ITF1;ITF11;
Poggio Picenze;G766;13;66;66;73;66073;Sud;Abruzzo;L'Aquila;1;66073;66073;66073;ITF;ITF1;ITF11;ITF;ITF1;ITF11;
Prata d'Ansidonia;G992;13;66;66;74;66074;Sud;Abruzzo;L'Aquila;1;66074;66074;66074;ITF;ITF1;ITF11;ITF;ITF1;ITF11;
Pratola Peligna;H007;13;66;66;75;66075;Sud;Abruzzo;L'Aquila;1;66075;66075;66075;ITF;ITF1;ITF11;ITF;ITF1;ITF11;
Prezza;H056;13;66;66;76;66076;Sud;Abruzzo;L'Aquila;1;66076;66076;66076;ITF;ITF1;ITF11;ITF;ITF1;ITF11;
Raiano;H166;13;66;66;77;66077;Sud;Abruzzo;L'Aquila;1;66077;66077;66077;ITF;ITF1;ITF11;ITF;ITF1;ITF11;
Rivisondoli;H353;13;66;66;78;66078;Sud;Abruzzo;L'Aquila;1;66078;66078;66078;ITF;ITF1;ITF11;ITF;ITF1;ITF11;
Roccacasale;H389;13;66;66;79;66079;Sud;Abruzzo;L'Aquila;1;66079;66079;66079;ITF;ITF1;ITF11;ITF;ITF1;ITF11;
Rocca di Botte;H399;13;66;66;80;66080;Sud;Abruzzo;L'Aquila;1;66080;66080;66080;ITF;ITF1;ITF11;ITF;ITF1;ITF11;
Rocca di Cambio;H400;13;66;66;81;66081;Sud;Abruzzo;L'Aquila;1;66081;66081;66081;ITF;ITF1;ITF11;ITF;ITF1;ITF11;
Rocca di Mezzo;H402;13;66;66;82;66082;Sud;Abruzzo;L'Aquila;1;66082;66082;66082;ITF;ITF1;ITF11;ITF;ITF1;ITF11;
Rocca Pia;H429;13;66;66;83;66083;Sud;Abruzzo;L'Aquila;1;66083;66083;66083;ITF;ITF1;ITF11;ITF;ITF1;ITF11;
Roccaraso;H434;13;66;66;84;66084;Sud;Abruzzo;L'Aquila;1;66084;66084;66084;ITF;ITF1;ITF11;ITF;ITF1;ITF11;
San Benedetto dei Marsi;H772;13;66;66;85;66085;Sud;Abruzzo;L'Aquila;1;66085;66085;66085;ITF;ITF1;ITF11;ITF;ITF1;ITF11;
San Benedetto in Perillis;H773;13;66;66;86;66086;Sud;Abruzzo;L'Aquila;1;66086;66086;66086;ITF;ITF1;ITF11;ITF;ITF1;ITF11;
San Demetrio ne' Vestini;H819;13;66;66;87;66087;Sud;Abruzzo;L'Aquila;1;66087;66087;66087;ITF;ITF1;ITF11;ITF;ITF1;ITF11;
San Pio delle Camere;I121;13;66;66;88;66088;Sud;Abruzzo;L'Aquila;1;66088;66088;66088;ITF;ITF1;ITF11;ITF;ITF1;ITF11;
Sante Marie;I326;13;66;66;89;66089;Sud;Abruzzo;L'Aquila;1;66089;66089;66089;ITF;ITF1;ITF11;ITF;ITF1;ITF11;
Sant'Eusanio Forconese;I336;13;66;66;90;66090;Sud;Abruzzo;L'Aquila;1;66090;66090;66090;ITF;ITF1;ITF11;ITF;ITF1;ITF11;
Santo Stefano di Sessanio;I360;13;66;66;91;66091;Sud;Abruzzo;L'Aquila;1;66091;66091;66091;ITF;ITF1;ITF11;ITF;ITF1;ITF11;
San Vincenzo Valle Roveto;I389;13;66;66;92;66092;Sud;Abruzzo;L'Aquila;1;66092;66092;66092;ITF;ITF1;ITF11;ITF;ITF1;ITF11;
Scanno;I501;13;66;66;93;66093;Sud;Abruzzo;L'Aquila;1;66093;66093;66093;ITF;ITF1;ITF11;ITF;ITF1;ITF11;
Scontrone;I543;13;66;66;94;66094;Sud;Abruzzo;L'Aquila;1;66094;66094;66094;ITF;ITF1;ITF11;ITF;ITF1;ITF11;
Scoppito;I546;13;66;66;95;66095;Sud;Abruzzo;L'Aquila;1;66095;66095;66095;ITF;ITF1;ITF11;ITF;ITF1;ITF11;
Scurcola Marsicana;I553;13;66;66;96;66096;Sud;Abruzzo;L'Aquila;1;66096;66096;66096;ITF;ITF1;ITF11;ITF;ITF1;ITF11;
Secinaro;I558;13;66;66;97;66097;Sud;Abruzzo;L'Aquila;1;66097;66097;66097;ITF;ITF1;ITF11;ITF;ITF1;ITF11;
Sulmona;I804;13;66;66;98;66098;Sud;Abruzzo;L'Aquila;1;66098;66098;66098;ITF;ITF1;ITF11;ITF;ITF1;ITF11;
Tagliacozzo;L025;13;66;66;99;66099;Sud;Abruzzo;L'Aquila;1;66099;66099;66099;ITF;ITF1;ITF11;ITF;ITF1;ITF11;
Tione degli Abruzzi;L173;13;66;66;100;66100;Sud;Abruzzo;L'Aquila;1;66100;66100;66100;ITF;ITF1;ITF11;ITF;ITF1;ITF11;
Tornimparte;L227;13;66;66;101;66101;Sud;Abruzzo;L'Aquila;1;66101;66101;66101;ITF;ITF1;ITF11;ITF;ITF1;ITF11;
Trasacco;L334;13;66;66;102;66102;Sud;Abruzzo;L'Aquila;1;66102;66102;66102;ITF;ITF1;ITF11;ITF;ITF1;ITF11;
Villalago;L958;13;66;66;103;66103;Sud;Abruzzo;L'Aquila;1;66103;66103;66103;ITF;ITF1;ITF11;ITF;ITF1;ITF11;
Villa Santa Lucia degli Abruzzi;M021;13;66;66;104;66104;Sud;Abruzzo;L'Aquila;1;66104;66104;66104;ITF;ITF1;ITF11;ITF;ITF1;ITF11;
Villa Sant'Angelo;M023;13;66;66;105;66105;Sud;Abruzzo;L'Aquila;1;66105;66105;66105;ITF;ITF1;ITF11;ITF;ITF1;ITF11;
Villavallelonga;M031;13;66;66;106;66106;Sud;Abruzzo;L'Aquila;1;66106;66106;66106;ITF;ITF1;ITF11;ITF;ITF1;ITF11;
Villetta Barrea;M041;13;66;66;107;66107;Sud;Abruzzo;L'Aquila;1;66107;66107;66107;ITF;ITF1;ITF11;ITF;ITF1;ITF11;
Vittorito;M090;13;66;66;108;66108;Sud;Abruzzo;L'Aquila;1;66108;66108;66108;ITF;ITF1;ITF11;ITF;ITF1;ITF11;
Alba Adriatica;A125;13;67;67;1;67001;Sud;Abruzzo;Teramo;1;67001;67001;67001;ITF;ITF1;ITF12;ITF;ITF1;ITF12;
Ancarano;A270;13;67;67;2;67002;Sud;Abruzzo;Teramo;1;67002;67002;67002;ITF;ITF1;ITF12;ITF;ITF1;ITF12;
Arsita;A445;13;67;67;3;67003;Sud;Abruzzo;Teramo;1;67003;67003;67003;ITF;ITF1;ITF12;ITF;ITF1;ITF12;
Atri;A488;13;67;67;4;67004;Sud;Abruzzo;Teramo;1;67004;67004;67004;ITF;ITF1;ITF12;ITF;ITF1;ITF12;
Basciano;A692;13;67;67;5;67005;Sud;Abruzzo;Teramo;1;67005;67005;67005;ITF;ITF1;ITF12;ITF;ITF1;ITF12;
Bellante;A746;13;67;67;6;67006;Sud;Abruzzo;Teramo;1;67006;67006;67006;ITF;ITF1;ITF12;ITF;ITF1;ITF12;
Bisenti;A885;13;67;67;7;67007;Sud;Abruzzo;Teramo;1;67007;67007;67007;ITF;ITF1;ITF12;ITF;ITF1;ITF12;
Campli;B515;13;67;67;8;67008;Sud;Abruzzo;Teramo;1;67008;67008;67008;ITF;ITF1;ITF12;ITF;ITF1;ITF12;
Canzano;B640;13;67;67;9;67009;Sud;Abruzzo;Teramo;1;67009;67009;67009;ITF;ITF1;ITF12;ITF;ITF1;ITF12;
Castel Castagna;C040;13;67;67;10;67010;Sud;Abruzzo;Teramo;1;67010;67010;67010;ITF;ITF1;ITF12;ITF;ITF1;ITF12;
Castellalto;C128;13;67;67;11;67011;Sud;Abruzzo;Teramo;1;67011;67011;67011;ITF;ITF1;ITF12;ITF;ITF1;ITF12;
Castelli;C169;13;67;67;12;67012;Sud;Abruzzo;Teramo;1;67012;67012;67012;ITF;ITF1;ITF12;ITF;ITF1;ITF12;
Castiglione Messer Raimondo;C316;13;67;67;13;67013;Sud;Abruzzo;Teramo;1;67013;67013;67013;ITF;ITF1;ITF12;ITF;ITF1;ITF12;
Castilenti;C322;13;67;67;14;67014;Sud;Abruzzo;Teramo;1;67014;67014;67014;ITF;ITF1;ITF12;ITF;ITF1;ITF12;
Cellino Attanasio;C449;13;67;67;15;67015;Sud;Abruzzo;Teramo;1;67015;67015;67015;ITF;ITF1;ITF12;ITF;ITF1;ITF12;
Cermignano;C517;13;67;67;16;67016;Sud;Abruzzo;Teramo;1;67016;67016;67016;ITF;ITF1;ITF12;ITF;ITF1;ITF12;
Civitella del Tronto;C781;13;67;67;17;67017;Sud;Abruzzo;Teramo;1;67017;67017;67017;ITF;ITF1;ITF12;ITF;ITF1;ITF12;
Colledara;C311;13;67;67;18;67018;Sud;Abruzzo;Teramo;1;67018;67018;67018;ITF;ITF1;ITF12;ITF;ITF1;ITF12;
Colonnella;C901;13;67;67;19;67019;Sud;Abruzzo;Teramo;1;67019;67019;67019;ITF;ITF1;ITF12;ITF;ITF1;ITF12;
Controguerra;C972;13;67;67;20;67020;Sud;Abruzzo;Teramo;1;67020;67020;67020;ITF;ITF1;ITF12;ITF;ITF1;ITF12;
Corropoli;D043;13;67;67;21;67021;Sud;Abruzzo;Teramo;1;67021;67021;67021;ITF;ITF1;ITF12;ITF;ITF1;ITF12;
Cortino;D076;13;67;67;22;67022;Sud;Abruzzo;Teramo;1;67022;67022;67022;ITF;ITF1;ITF12;ITF;ITF1;ITF12;
Crognaleto;D179;13;67;67;23;67023;Sud;Abruzzo;Teramo;1;67023;67023;67023;ITF;ITF1;ITF12;ITF;ITF1;ITF12;
Fano Adriano;D489;13;67;67;24;67024;Sud;Abruzzo;Teramo;1;67024;67024;67024;ITF;ITF1;ITF12;ITF;ITF1;ITF12;
Giulianova;E058;13;67;67;25;67025;Sud;Abruzzo;Teramo;1;67025;67025;67025;ITF;ITF1;ITF12;ITF;ITF1;ITF12;
Isola del Gran Sasso d'Italia;E343;13;67;67;26;67026;Sud;Abruzzo;Teramo;1;67026;67026;67026;ITF;ITF1;ITF12;ITF;ITF1;ITF12;
Montefino;F500;13;67;67;27;67027;Sud;Abruzzo;Teramo;1;67027;67027;67027;ITF;ITF1;ITF12;ITF;ITF1;ITF12;
Montorio al Vomano;F690;13;67;67;28;67028;Sud;Abruzzo;Teramo;1;67028;67028;67028;ITF;ITF1;ITF12;ITF;ITF1;ITF12;
Morro d'Oro;F747;13;67;67;29;67029;Sud;Abruzzo;Teramo;1;67029;67029;67029;ITF;ITF1;ITF12;ITF;ITF1;ITF12;
Mosciano Sant'Angelo;F764;13;67;67;30;67030;Sud;Abruzzo;Teramo;1;67030;67030;67030;ITF;ITF1;ITF12;ITF;ITF1;ITF12;
Nereto;F870;13;67;67;31;67031;Sud;Abruzzo;Teramo;1;67031;67031;67031;ITF;ITF1;ITF12;ITF;ITF1;ITF12;
Notaresco;F942;13;67;67;32;67032;Sud;Abruzzo;Teramo;1;67032;67032;67032;ITF;ITF1;ITF12;ITF;ITF1;ITF12;
Penna Sant'Andrea;G437;13;67;67;33;67033;Sud;Abruzzo;Teramo;1;67033;67033;67033;ITF;ITF1;ITF12;ITF;ITF1;ITF12;
Pietracamela;G608;13;67;67;34;67034;Sud;Abruzzo;Teramo;1;67034;67034;67034;ITF;ITF1;ITF12;ITF;ITF1;ITF12;
Pineto;F831;13;67;67;35;67035;Sud;Abruzzo;Teramo;1;67035;67035;67035;ITF;ITF1;ITF12;ITF;ITF1;ITF12;
Rocca Santa Maria;H440;13;67;67;36;67036;Sud;Abruzzo;Teramo;1;67036;67036;67036;ITF;ITF1;ITF12;ITF;ITF1;ITF12;
Roseto degli Abruzzi;F585;13;67;67;37;67037;Sud;Abruzzo;Teramo;1;67037;67037;67037;ITF;ITF1;ITF12;ITF;ITF1;ITF12;
Sant'Egidio alla Vibrata;I318;13;67;67;38;67038;Sud;Abruzzo;Teramo;1;67038;67038;67038;ITF;ITF1;ITF12;ITF;ITF1;ITF12;
Sant'Omero;I348;13;67;67;39;67039;Sud;Abruzzo;Teramo;1;67039;67039;67039;ITF;ITF1;ITF12;ITF;ITF1;ITF12;
Silvi;I741;13;67;67;40;67040;Sud;Abruzzo;Teramo;1;67040;67040;67040;ITF;ITF1;ITF12;ITF;ITF1;ITF12;
Teramo;L103;13;67;67;41;67041;Sud;Abruzzo;Teramo;1;67041;67041;67041;ITF;ITF1;ITF12;ITF;ITF1;ITF12;
Torano Nuovo;L207;13;67;67;42;67042;Sud;Abruzzo;Teramo;1;67042;67042;67042;ITF;ITF1;ITF12;ITF;ITF1;ITF12;
Torricella Sicura;L295;13;67;67;43;67043;Sud;Abruzzo;Teramo;1;67043;67043;67043;ITF;ITF1;ITF12;ITF;ITF1;ITF12;
Tortoreto;L307;13;67;67;44;67044;Sud;Abruzzo;Teramo;1;67044;67044;67044;ITF;ITF1;ITF12;ITF;ITF1;ITF12;
Tossicia;L314;13;67;67;45;67045;Sud;Abruzzo;Teramo;1;67045;67045;67045;ITF;ITF1;ITF12;ITF;ITF1;ITF12;
Valle Castellana;L597;13;67;67;46;67046;Sud;Abruzzo;Teramo;1;67046;67046;67046;ITF;ITF1;ITF12;ITF;ITF1;ITF12;
Martinsicuro;E989;13;67;67;47;67047;Sud;Abruzzo;Teramo;1;67047;67047;67047;ITF;ITF1;ITF12;ITF;ITF1;ITF12;
Abbateggio;A008;13;68;68;1;68001;Sud;Abruzzo;Pescara;1;68001;68001;68001;ITF;ITF1;ITF13;ITF;ITF1;ITF13;
Alanno;A120;13;68;68;2;68002;Sud;Abruzzo;Pescara;1;68002;68002;68002;ITF;ITF1;ITF13;ITF;ITF1;ITF13;
Bolognano;A945;13;68;68;3;68003;Sud;Abruzzo;Pescara;1;68003;68003;68003;ITF;ITF1;ITF13;ITF;ITF1;ITF13;
Brittoli;B193;13;68;68;4;68004;Sud;Abruzzo;Pescara;1;68004;68004;68004;ITF;ITF1;ITF13;ITF;ITF1;ITF13;
Bussi sul Tirino;B294;13;68;68;5;68005;Sud;Abruzzo;Pescara;1;68005;68005;68005;ITF;ITF1;ITF13;ITF;ITF1;ITF13;
Cappelle sul Tavo;B681;13;68;68;6;68006;Sud;Abruzzo;Pescara;1;68006;68006;68006;ITF;ITF1;ITF13;ITF;ITF1;ITF13;
Caramanico Terme;B722;13;68;68;7;68007;Sud;Abruzzo;Pescara;1;68007;68007;68007;ITF;ITF1;ITF13;ITF;ITF1;ITF13;
Carpineto della Nora;B827;13;68;68;8;68008;Sud;Abruzzo;Pescara;1;68008;68008;68008;ITF;ITF1;ITF13;ITF;ITF1;ITF13;
Castiglione a Casauria;C308;13;68;68;9;68009;Sud;Abruzzo;Pescara;1;68009;68009;68009;ITF;ITF1;ITF13;ITF;ITF1;ITF13;
Catignano;C354;13;68;68;10;68010;Sud;Abruzzo;Pescara;1;68010;68010;68010;ITF;ITF1;ITF13;ITF;ITF1;ITF13;
Cepagatti;C474;13;68;68;11;68011;Sud;Abruzzo;Pescara;1;68011;68011;68011;ITF;ITF1;ITF13;ITF;ITF1;ITF13;
Citt‡ Sant'Angelo;C750;13;68;68;12;68012;Sud;Abruzzo;Pescara;1;68012;68012;68012;ITF;ITF1;ITF13;ITF;ITF1;ITF13;
Civitaquana;C771;13;68;68;13;68013;Sud;Abruzzo;Pescara;1;68013;68013;68013;ITF;ITF1;ITF13;ITF;ITF1;ITF13;
Civitella Casanova;C779;13;68;68;14;68014;Sud;Abruzzo;Pescara;1;68014;68014;68014;ITF;ITF1;ITF13;ITF;ITF1;ITF13;
Collecorvino;C853;13;68;68;15;68015;Sud;Abruzzo;Pescara;1;68015;68015;68015;ITF;ITF1;ITF13;ITF;ITF1;ITF13;
Corvara;D078;13;68;68;16;68016;Sud;Abruzzo;Pescara;1;68016;68016;68016;ITF;ITF1;ITF13;ITF;ITF1;ITF13;
Cugnoli;D201;13;68;68;17;68017;Sud;Abruzzo;Pescara;1;68017;68017;68017;ITF;ITF1;ITF13;ITF;ITF1;ITF13;
Elice;D394;13;68;68;18;68018;Sud;Abruzzo;Pescara;1;68018;68018;68018;ITF;ITF1;ITF13;ITF;ITF1;ITF13;
Farindola;D501;13;68;68;19;68019;Sud;Abruzzo;Pescara;1;68019;68019;68019;ITF;ITF1;ITF13;ITF;ITF1;ITF13;
Lettomanoppello;E558;13;68;68;20;68020;Sud;Abruzzo;Pescara;1;68020;68020;68020;ITF;ITF1;ITF13;ITF;ITF1;ITF13;
Loreto Aprutino;E691;13;68;68;21;68021;Sud;Abruzzo;Pescara;1;68021;68021;68021;ITF;ITF1;ITF13;ITF;ITF1;ITF13;
Manoppello;E892;13;68;68;22;68022;Sud;Abruzzo;Pescara;1;68022;68022;68022;ITF;ITF1;ITF13;ITF;ITF1;ITF13;
Montebello di Bertona;F441;13;68;68;23;68023;Sud;Abruzzo;Pescara;1;68023;68023;68023;ITF;ITF1;ITF13;ITF;ITF1;ITF13;
Montesilvano;F646;13;68;68;24;68024;Sud;Abruzzo;Pescara;1;68024;68024;68024;ITF;ITF1;ITF13;ITF;ITF1;ITF13;
Moscufo;F765;13;68;68;25;68025;Sud;Abruzzo;Pescara;1;68025;68025;68025;ITF;ITF1;ITF13;ITF;ITF1;ITF13;
Nocciano;F908;13;68;68;26;68026;Sud;Abruzzo;Pescara;1;68026;68026;68026;ITF;ITF1;ITF13;ITF;ITF1;ITF13;
Penne;G438;13;68;68;27;68027;Sud;Abruzzo;Pescara;1;68027;68027;68027;ITF;ITF1;ITF13;ITF;ITF1;ITF13;
Pescara;G482;13;68;68;28;68028;Sud;Abruzzo;Pescara;1;68028;68028;68028;ITF;ITF1;ITF13;ITF;ITF1;ITF13;
Pescosansonesco;G499;13;68;68;29;68029;Sud;Abruzzo;Pescara;1;68029;68029;68029;ITF;ITF1;ITF13;ITF;ITF1;ITF13;
Pianella;G555;13;68;68;30;68030;Sud;Abruzzo;Pescara;1;68030;68030;68030;ITF;ITF1;ITF13;ITF;ITF1;ITF13;
Picciano;G589;13;68;68;31;68031;Sud;Abruzzo;Pescara;1;68031;68031;68031;ITF;ITF1;ITF13;ITF;ITF1;ITF13;
Pietranico;G621;13;68;68;32;68032;Sud;Abruzzo;Pescara;1;68032;68032;68032;ITF;ITF1;ITF13;ITF;ITF1;ITF13;
Popoli Terme;G878;13;68;68;33;68033;Sud;Abruzzo;Pescara;1;68033;68033;68033;ITF;ITF1;ITF13;ITF;ITF1;ITF13;
Roccamorice;H425;13;68;68;34;68034;Sud;Abruzzo;Pescara;1;68034;68034;68034;ITF;ITF1;ITF13;ITF;ITF1;ITF13;
Rosciano;H562;13;68;68;35;68035;Sud;Abruzzo;Pescara;1;68035;68035;68035;ITF;ITF1;ITF13;ITF;ITF1;ITF13;
Salle;H715;13;68;68;36;68036;Sud;Abruzzo;Pescara;1;68036;68036;68036;ITF;ITF1;ITF13;ITF;ITF1;ITF13;
Sant'Eufemia a Maiella;I332;13;68;68;37;68037;Sud;Abruzzo;Pescara;1;68037;68037;68037;ITF;ITF1;ITF13;ITF;ITF1;ITF13;
San Valentino in Abruzzo Citeriore;I376;13;68;68;38;68038;Sud;Abruzzo;Pescara;1;68038;68038;68038;ITF;ITF1;ITF13;ITF;ITF1;ITF13;
Scafa;I482;13;68;68;39;68039;Sud;Abruzzo;Pescara;1;68039;68039;68039;ITF;ITF1;ITF13;ITF;ITF1;ITF13;
Serramonacesca;I649;13;68;68;40;68040;Sud;Abruzzo;Pescara;1;68040;68040;68040;ITF;ITF1;ITF13;ITF;ITF1;ITF13;
Spoltore;I922;13;68;68;41;68041;Sud;Abruzzo;Pescara;1;68041;68041;68041;ITF;ITF1;ITF13;ITF;ITF1;ITF13;
Tocco da Casauria;L186;13;68;68;42;68042;Sud;Abruzzo;Pescara;1;68042;68042;68042;ITF;ITF1;ITF13;ITF;ITF1;ITF13;
Torre de' Passeri;L263;13;68;68;43;68043;Sud;Abruzzo;Pescara;1;68043;68043;68043;ITF;ITF1;ITF13;ITF;ITF1;ITF13;
Turrivalignani;L475;13;68;68;44;68044;Sud;Abruzzo;Pescara;1;68044;68044;68044;ITF;ITF1;ITF13;ITF;ITF1;ITF13;
Vicoli;L846;13;68;68;45;68045;Sud;Abruzzo;Pescara;1;68045;68045;68045;ITF;ITF1;ITF13;ITF;ITF1;ITF13;
Villa Celiera;L922;13;68;68;46;68046;Sud;Abruzzo;Pescara;1;68046;68046;68046;ITF;ITF1;ITF13;ITF;ITF1;ITF13;
Altino;A235;13;69;69;1;69001;Sud;Abruzzo;Chieti;1;69001;69001;69001;ITF;ITF1;ITF14;ITF;ITF1;ITF14;
Archi;A367;13;69;69;2;69002;Sud;Abruzzo;Chieti;1;69002;69002;69002;ITF;ITF1;ITF14;ITF;ITF1;ITF14;
Ari;A398;13;69;69;3;69003;Sud;Abruzzo;Chieti;1;69003;69003;69003;ITF;ITF1;ITF14;ITF;ITF1;ITF14;
Arielli;A402;13;69;69;4;69004;Sud;Abruzzo;Chieti;1;69004;69004;69004;ITF;ITF1;ITF14;ITF;ITF1;ITF14;
Atessa;A485;13;69;69;5;69005;Sud;Abruzzo;Chieti;1;69005;69005;69005;ITF;ITF1;ITF14;ITF;ITF1;ITF14;
Bomba;A956;13;69;69;6;69006;Sud;Abruzzo;Chieti;1;69006;69006;69006;ITF;ITF1;ITF14;ITF;ITF1;ITF14;
Borrello;B057;13;69;69;7;69007;Sud;Abruzzo;Chieti;1;69007;69007;69007;ITF;ITF1;ITF14;ITF;ITF1;ITF14;
Bucchianico;B238;13;69;69;8;69008;Sud;Abruzzo;Chieti;1;69008;69008;69008;ITF;ITF1;ITF14;ITF;ITF1;ITF14;
Montebello sul Sangro;B268;13;69;69;9;69009;Sud;Abruzzo;Chieti;1;69009;69009;69009;ITF;ITF1;ITF14;ITF;ITF1;ITF14;
Canosa Sannita;B620;13;69;69;10;69010;Sud;Abruzzo;Chieti;1;69010;69010;69010;ITF;ITF1;ITF14;ITF;ITF1;ITF14;
Carpineto Sinello;B826;13;69;69;11;69011;Sud;Abruzzo;Chieti;1;69011;69011;69011;ITF;ITF1;ITF14;ITF;ITF1;ITF14;
Carunchio;B853;13;69;69;12;69012;Sud;Abruzzo;Chieti;1;69012;69012;69012;ITF;ITF1;ITF14;ITF;ITF1;ITF14;
Casacanditella;B859;13;69;69;13;69013;Sud;Abruzzo;Chieti;1;69013;69013;69013;ITF;ITF1;ITF14;ITF;ITF1;ITF14;
Casalanguida;B861;13;69;69;14;69014;Sud;Abruzzo;Chieti;1;69014;69014;69014;ITF;ITF1;ITF14;ITF;ITF1;ITF14;
Casalbordino;B865;13;69;69;15;69015;Sud;Abruzzo;Chieti;1;69015;69015;69015;ITF;ITF1;ITF14;ITF;ITF1;ITF14;
Casalincontrada;B896;13;69;69;16;69016;Sud;Abruzzo;Chieti;1;69016;69016;69016;ITF;ITF1;ITF14;ITF;ITF1;ITF14;
Casoli;B985;13;69;69;17;69017;Sud;Abruzzo;Chieti;1;69017;69017;69017;ITF;ITF1;ITF14;ITF;ITF1;ITF14;
Castel Frentano;C114;13;69;69;18;69018;Sud;Abruzzo;Chieti;1;69018;69018;69018;ITF;ITF1;ITF14;ITF;ITF1;ITF14;
Castelguidone;C123;13;69;69;19;69019;Sud;Abruzzo;Chieti;1;69019;69019;69019;ITF;ITF1;ITF14;ITF;ITF1;ITF14;
Castiglione Messer Marino;C298;13;69;69;20;69020;Sud;Abruzzo;Chieti;1;69020;69020;69020;ITF;ITF1;ITF14;ITF;ITF1;ITF14;
Celenza sul Trigno;C428;13;69;69;21;69021;Sud;Abruzzo;Chieti;1;69021;69021;69021;ITF;ITF1;ITF14;ITF;ITF1;ITF14;
Chieti;C632;13;69;69;22;69022;Sud;Abruzzo;Chieti;1;69022;69022;69022;ITF;ITF1;ITF14;ITF;ITF1;ITF14;
Civitaluparella;C768;13;69;69;23;69023;Sud;Abruzzo;Chieti;1;69023;69023;69023;ITF;ITF1;ITF14;ITF;ITF1;ITF14;
Civitella Messer Raimondo;C776;13;69;69;24;69024;Sud;Abruzzo;Chieti;1;69024;69024;69024;ITF;ITF1;ITF14;ITF;ITF1;ITF14;
Colledimacine;C855;13;69;69;25;69025;Sud;Abruzzo;Chieti;1;69025;69025;69025;ITF;ITF1;ITF14;ITF;ITF1;ITF14;
Colledimezzo;C856;13;69;69;26;69026;Sud;Abruzzo;Chieti;1;69026;69026;69026;ITF;ITF1;ITF14;ITF;ITF1;ITF14;
Crecchio;D137;13;69;69;27;69027;Sud;Abruzzo;Chieti;1;69027;69027;69027;ITF;ITF1;ITF14;ITF;ITF1;ITF14;
Cupello;D209;13;69;69;28;69028;Sud;Abruzzo;Chieti;1;69028;69028;69028;ITF;ITF1;ITF14;ITF;ITF1;ITF14;
Dogliola;D315;13;69;69;29;69029;Sud;Abruzzo;Chieti;1;69029;69029;69029;ITF;ITF1;ITF14;ITF;ITF1;ITF14;
Fara Filiorum Petri;D494;13;69;69;30;69030;Sud;Abruzzo;Chieti;1;69030;69030;69030;ITF;ITF1;ITF14;ITF;ITF1;ITF14;
Fara San Martino;D495;13;69;69;31;69031;Sud;Abruzzo;Chieti;1;69031;69031;69031;ITF;ITF1;ITF14;ITF;ITF1;ITF14;
Filetto;D592;13;69;69;32;69032;Sud;Abruzzo;Chieti;1;69032;69032;69032;ITF;ITF1;ITF14;ITF;ITF1;ITF14;
Fossacesia;D738;13;69;69;33;69033;Sud;Abruzzo;Chieti;1;69033;69033;69033;ITF;ITF1;ITF14;ITF;ITF1;ITF14;
Fraine;D757;13;69;69;34;69034;Sud;Abruzzo;Chieti;1;69034;69034;69034;ITF;ITF1;ITF14;ITF;ITF1;ITF14;
Francavilla al Mare;D763;13;69;69;35;69035;Sud;Abruzzo;Chieti;1;69035;69035;69035;ITF;ITF1;ITF14;ITF;ITF1;ITF14;
Fresagrandinaria;D796;13;69;69;36;69036;Sud;Abruzzo;Chieti;1;69036;69036;69036;ITF;ITF1;ITF14;ITF;ITF1;ITF14;
Frisa;D803;13;69;69;37;69037;Sud;Abruzzo;Chieti;1;69037;69037;69037;ITF;ITF1;ITF14;ITF;ITF1;ITF14;
Furci;D823;13;69;69;38;69038;Sud;Abruzzo;Chieti;1;69038;69038;69038;ITF;ITF1;ITF14;ITF;ITF1;ITF14;
Gamberale;D898;13;69;69;39;69039;Sud;Abruzzo;Chieti;1;69039;69039;69039;ITF;ITF1;ITF14;ITF;ITF1;ITF14;
Gessopalena;D996;13;69;69;40;69040;Sud;Abruzzo;Chieti;1;69040;69040;69040;ITF;ITF1;ITF14;ITF;ITF1;ITF14;
Gissi;E052;13;69;69;41;69041;Sud;Abruzzo;Chieti;1;69041;69041;69041;ITF;ITF1;ITF14;ITF;ITF1;ITF14;
Giuliano Teatino;E056;13;69;69;42;69042;Sud;Abruzzo;Chieti;1;69042;69042;69042;ITF;ITF1;ITF14;ITF;ITF1;ITF14;
Guardiagrele;E243;13;69;69;43;69043;Sud;Abruzzo;Chieti;1;69043;69043;69043;ITF;ITF1;ITF14;ITF;ITF1;ITF14;
Guilmi;E266;13;69;69;44;69044;Sud;Abruzzo;Chieti;1;69044;69044;69044;ITF;ITF1;ITF14;ITF;ITF1;ITF14;
Lama dei Peligni;E424;13;69;69;45;69045;Sud;Abruzzo;Chieti;1;69045;69045;69045;ITF;ITF1;ITF14;ITF;ITF1;ITF14;
Lanciano;E435;13;69;69;46;69046;Sud;Abruzzo;Chieti;1;69046;69046;69046;ITF;ITF1;ITF14;ITF;ITF1;ITF14;
Lentella;E531;13;69;69;47;69047;Sud;Abruzzo;Chieti;1;69047;69047;69047;ITF;ITF1;ITF14;ITF;ITF1;ITF14;
Lettopalena;E559;13;69;69;48;69048;Sud;Abruzzo;Chieti;1;69048;69048;69048;ITF;ITF1;ITF14;ITF;ITF1;ITF14;
Liscia;E611;13;69;69;49;69049;Sud;Abruzzo;Chieti;1;69049;69049;69049;ITF;ITF1;ITF14;ITF;ITF1;ITF14;
Miglianico;F196;13;69;69;50;69050;Sud;Abruzzo;Chieti;1;69050;69050;69050;ITF;ITF1;ITF14;ITF;ITF1;ITF14;
Montazzoli;F433;13;69;69;51;69051;Sud;Abruzzo;Chieti;1;69051;69051;69051;ITF;ITF1;ITF14;ITF;ITF1;ITF14;
Monteferrante;F498;13;69;69;52;69052;Sud;Abruzzo;Chieti;1;69052;69052;69052;ITF;ITF1;ITF14;ITF;ITF1;ITF14;
Montelapiano;F535;13;69;69;53;69053;Sud;Abruzzo;Chieti;1;69053;69053;69053;ITF;ITF1;ITF14;ITF;ITF1;ITF14;
Montenerodomo;F578;13;69;69;54;69054;Sud;Abruzzo;Chieti;1;69054;69054;69054;ITF;ITF1;ITF14;ITF;ITF1;ITF14;
Monteodorisio;F582;13;69;69;55;69055;Sud;Abruzzo;Chieti;1;69055;69055;69055;ITF;ITF1;ITF14;ITF;ITF1;ITF14;
Mozzagrogna;F785;13;69;69;56;69056;Sud;Abruzzo;Chieti;1;69056;69056;69056;ITF;ITF1;ITF14;ITF;ITF1;ITF14;
Orsogna;G128;13;69;69;57;69057;Sud;Abruzzo;Chieti;1;69057;69057;69057;ITF;ITF1;ITF14;ITF;ITF1;ITF14;
Ortona;G141;13;69;69;58;69058;Sud;Abruzzo;Chieti;1;69058;69058;69058;ITF;ITF1;ITF14;ITF;ITF1;ITF14;
Paglieta;G237;13;69;69;59;69059;Sud;Abruzzo;Chieti;1;69059;69059;69059;ITF;ITF1;ITF14;ITF;ITF1;ITF14;
Palena;G271;13;69;69;60;69060;Sud;Abruzzo;Chieti;1;69060;69060;69060;ITF;ITF1;ITF14;ITF;ITF1;ITF14;
Palmoli;G290;13;69;69;61;69061;Sud;Abruzzo;Chieti;1;69061;69061;69061;ITF;ITF1;ITF14;ITF;ITF1;ITF14;
Palombaro;G294;13;69;69;62;69062;Sud;Abruzzo;Chieti;1;69062;69062;69062;ITF;ITF1;ITF14;ITF;ITF1;ITF14;
Pennadomo;G434;13;69;69;63;69063;Sud;Abruzzo;Chieti;1;69063;69063;69063;ITF;ITF1;ITF14;ITF;ITF1;ITF14;
Pennapiedimonte;G435;13;69;69;64;69064;Sud;Abruzzo;Chieti;1;69064;69064;69064;ITF;ITF1;ITF14;ITF;ITF1;ITF14;
Perano;G441;13;69;69;65;69065;Sud;Abruzzo;Chieti;1;69065;69065;69065;ITF;ITF1;ITF14;ITF;ITF1;ITF14;
Pizzoferrato;G724;13;69;69;66;69066;Sud;Abruzzo;Chieti;1;69066;69066;69066;ITF;ITF1;ITF14;ITF;ITF1;ITF14;
Poggiofiorito;G760;13;69;69;67;69067;Sud;Abruzzo;Chieti;1;69067;69067;69067;ITF;ITF1;ITF14;ITF;ITF1;ITF14;
Pollutri;G799;13;69;69;68;69068;Sud;Abruzzo;Chieti;1;69068;69068;69068;ITF;ITF1;ITF14;ITF;ITF1;ITF14;
Pretoro;H052;13;69;69;69;69069;Sud;Abruzzo;Chieti;1;69069;69069;69069;ITF;ITF1;ITF14;ITF;ITF1;ITF14;
Quadri;H098;13;69;69;70;69070;Sud;Abruzzo;Chieti;1;69070;69070;69070;ITF;ITF1;ITF14;ITF;ITF1;ITF14;
Rapino;H184;13;69;69;71;69071;Sud;Abruzzo;Chieti;1;69071;69071;69071;ITF;ITF1;ITF14;ITF;ITF1;ITF14;
Ripa Teatina;H320;13;69;69;72;69072;Sud;Abruzzo;Chieti;1;69072;69072;69072;ITF;ITF1;ITF14;ITF;ITF1;ITF14;
Roccamontepiano;H424;13;69;69;73;69073;Sud;Abruzzo;Chieti;1;69073;69073;69073;ITF;ITF1;ITF14;ITF;ITF1;ITF14;
Rocca San Giovanni;H439;13;69;69;74;69074;Sud;Abruzzo;Chieti;1;69074;69074;69074;ITF;ITF1;ITF14;ITF;ITF1;ITF14;
Roccascalegna;H442;13;69;69;75;69075;Sud;Abruzzo;Chieti;1;69075;69075;69075;ITF;ITF1;ITF14;ITF;ITF1;ITF14;
Roccaspinalveti;H448;13;69;69;76;69076;Sud;Abruzzo;Chieti;1;69076;69076;69076;ITF;ITF1;ITF14;ITF;ITF1;ITF14;
Roio del Sangro;H495;13;69;69;77;69077;Sud;Abruzzo;Chieti;1;69077;69077;69077;ITF;ITF1;ITF14;ITF;ITF1;ITF14;
Rosello;H566;13;69;69;78;69078;Sud;Abruzzo;Chieti;1;69078;69078;69078;ITF;ITF1;ITF14;ITF;ITF1;ITF14;
San Buono;H784;13;69;69;79;69079;Sud;Abruzzo;Chieti;1;69079;69079;69079;ITF;ITF1;ITF14;ITF;ITF1;ITF14;
San Giovanni Lipioni;H923;13;69;69;80;69080;Sud;Abruzzo;Chieti;1;69080;69080;69080;ITF;ITF1;ITF14;ITF;ITF1;ITF14;
San Giovanni Teatino;D690;13;69;69;81;69081;Sud;Abruzzo;Chieti;1;69081;69081;69081;ITF;ITF1;ITF14;ITF;ITF1;ITF14;
San Martino sulla Marrucina;H991;13;69;69;82;69082;Sud;Abruzzo;Chieti;1;69082;69082;69082;ITF;ITF1;ITF14;ITF;ITF1;ITF14;
San Salvo;I148;13;69;69;83;69083;Sud;Abruzzo;Chieti;1;69083;69083;69083;ITF;ITF1;ITF14;ITF;ITF1;ITF14;
Santa Maria Imbaro;I244;13;69;69;84;69084;Sud;Abruzzo;Chieti;1;69084;69084;69084;ITF;ITF1;ITF14;ITF;ITF1;ITF14;
Sant'Eusanio del Sangro;I335;13;69;69;85;69085;Sud;Abruzzo;Chieti;1;69085;69085;69085;ITF;ITF1;ITF14;ITF;ITF1;ITF14;
San Vito Chietino;I394;13;69;69;86;69086;Sud;Abruzzo;Chieti;1;69086;69086;69086;ITF;ITF1;ITF14;ITF;ITF1;ITF14;
Scerni;I520;13;69;69;87;69087;Sud;Abruzzo;Chieti;1;69087;69087;69087;ITF;ITF1;ITF14;ITF;ITF1;ITF14;
Schiavi di Abruzzo;I526;13;69;69;88;69088;Sud;Abruzzo;Chieti;1;69088;69088;69088;ITF;ITF1;ITF14;ITF;ITF1;ITF14;
Taranta Peligna;L047;13;69;69;89;69089;Sud;Abruzzo;Chieti;1;69089;69089;69089;ITF;ITF1;ITF14;ITF;ITF1;ITF14;
Tollo;L194;13;69;69;90;69090;Sud;Abruzzo;Chieti;1;69090;69090;69090;ITF;ITF1;ITF14;ITF;ITF1;ITF14;
Torino di Sangro;L218;13;69;69;91;69091;Sud;Abruzzo;Chieti;1;69091;69091;69091;ITF;ITF1;ITF14;ITF;ITF1;ITF14;
Tornareccio;L224;13;69;69;92;69092;Sud;Abruzzo;Chieti;1;69092;69092;69092;ITF;ITF1;ITF14;ITF;ITF1;ITF14;
Torrebruna;L253;13;69;69;93;69093;Sud;Abruzzo;Chieti;1;69093;69093;69093;ITF;ITF1;ITF14;ITF;ITF1;ITF14;
Torrevecchia Teatina;L284;13;69;69;94;69094;Sud;Abruzzo;Chieti;1;69094;69094;69094;ITF;ITF1;ITF14;ITF;ITF1;ITF14;
Torricella Peligna;L291;13;69;69;95;69095;Sud;Abruzzo;Chieti;1;69095;69095;69095;ITF;ITF1;ITF14;ITF;ITF1;ITF14;
Treglio;L363;13;69;69;96;69096;Sud;Abruzzo;Chieti;1;69096;69096;69096;ITF;ITF1;ITF14;ITF;ITF1;ITF14;
Tufillo;L459;13;69;69;97;69097;Sud;Abruzzo;Chieti;1;69097;69097;69097;ITF;ITF1;ITF14;ITF;ITF1;ITF14;
Vacri;L526;13;69;69;98;69098;Sud;Abruzzo;Chieti;1;69098;69098;69098;ITF;ITF1;ITF14;ITF;ITF1;ITF14;
Vasto;E372;13;69;69;99;69099;Sud;Abruzzo;Chieti;1;69099;69099;69099;ITF;ITF1;ITF14;ITF;ITF1;ITF14;
Villalfonsina;L961;13;69;69;100;69100;Sud;Abruzzo;Chieti;1;69100;69100;69100;ITF;ITF1;ITF14;ITF;ITF1;ITF14;
Villamagna;L964;13;69;69;101;69101;Sud;Abruzzo;Chieti;1;69101;69101;69101;ITF;ITF1;ITF14;ITF;ITF1;ITF14;
Villa Santa Maria;M022;13;69;69;102;69102;Sud;Abruzzo;Chieti;1;69102;69102;69102;ITF;ITF1;ITF14;ITF;ITF1;ITF14;
Pietraferrazzana;G613;13;69;69;103;69103;Sud;Abruzzo;Chieti;1;69103;69103;69103;ITF;ITF1;ITF14;ITF;ITF1;ITF14;
Fallo;D480;13;69;69;104;69104;Sud;Abruzzo;Chieti;1;69104;69104;69104;ITF;ITF1;ITF14;ITF;ITF1;ITF14;
Acquaviva Collecroce;A050;14;70;70;1;70001;Sud;Molise;Campobasso;1;70001;70001;70001;ITF;ITF2;ITF22;ITF;ITF2;ITF22;
Baranello;A616;14;70;70;2;70002;Sud;Molise;Campobasso;1;70002;70002;70002;ITF;ITF2;ITF22;ITF;ITF2;ITF22;
Bojano;A930;14;70;70;3;70003;Sud;Molise;Campobasso;1;70003;70003;70003;ITF;ITF2;ITF22;ITF;ITF2;ITF22;
Bonefro;A971;14;70;70;4;70004;Sud;Molise;Campobasso;1;70004;70004;70004;ITF;ITF2;ITF22;ITF;ITF2;ITF22;
Busso;B295;14;70;70;5;70005;Sud;Molise;Campobasso;1;70005;70005;70005;ITF;ITF2;ITF22;ITF;ITF2;ITF22;
Campobasso;B519;14;70;70;6;70006;Sud;Molise;Campobasso;1;70006;70006;70006;ITF;ITF2;ITF22;ITF;ITF2;ITF22;
Campochiaro;B522;14;70;70;7;70007;Sud;Molise;Campobasso;1;70007;70007;70007;ITF;ITF2;ITF22;ITF;ITF2;ITF22;
Campodipietra;B528;14;70;70;8;70008;Sud;Molise;Campobasso;1;70008;70008;70008;ITF;ITF2;ITF22;ITF;ITF2;ITF22;
Campolieto;B544;14;70;70;9;70009;Sud;Molise;Campobasso;1;70009;70009;70009;ITF;ITF2;ITF22;ITF;ITF2;ITF22;
Campomarino;B550;14;70;70;10;70010;Sud;Molise;Campobasso;1;70010;70010;70010;ITF;ITF2;ITF22;ITF;ITF2;ITF22;
Casacalenda;B858;14;70;70;11;70011;Sud;Molise;Campobasso;1;70011;70011;70011;ITF;ITF2;ITF22;ITF;ITF2;ITF22;
Casalciprano;B871;14;70;70;12;70012;Sud;Molise;Campobasso;1;70012;70012;70012;ITF;ITF2;ITF22;ITF;ITF2;ITF22;
Castelbottaccio;C066;14;70;70;13;70013;Sud;Molise;Campobasso;1;70013;70013;70013;ITF;ITF2;ITF22;ITF;ITF2;ITF22;
Castellino del Biferno;C175;14;70;70;14;70014;Sud;Molise;Campobasso;1;70014;70014;70014;ITF;ITF2;ITF22;ITF;ITF2;ITF22;
Castelmauro;C197;14;70;70;15;70015;Sud;Molise;Campobasso;1;70015;70015;70015;ITF;ITF2;ITF22;ITF;ITF2;ITF22;
Castropignano;C346;14;70;70;16;70016;Sud;Molise;Campobasso;1;70016;70016;70016;ITF;ITF2;ITF22;ITF;ITF2;ITF22;
Cercemaggiore;C486;14;70;70;17;70017;Sud;Molise;Campobasso;1;70017;70017;70017;ITF;ITF2;ITF22;ITF;ITF2;ITF22;
Cercepiccola;C488;14;70;70;18;70018;Sud;Molise;Campobasso;1;70018;70018;70018;ITF;ITF2;ITF22;ITF;ITF2;ITF22;
Civitacampomarano;C764;14;70;70;19;70019;Sud;Molise;Campobasso;1;70019;70019;70019;ITF;ITF2;ITF22;ITF;ITF2;ITF22;
Colle d'Anchise;C854;14;70;70;20;70020;Sud;Molise;Campobasso;1;70020;70020;70020;ITF;ITF2;ITF22;ITF;ITF2;ITF22;
Colletorto;C875;14;70;70;21;70021;Sud;Molise;Campobasso;1;70021;70021;70021;ITF;ITF2;ITF22;ITF;ITF2;ITF22;
Duronia;C772;14;70;70;22;70022;Sud;Molise;Campobasso;1;70022;70022;70022;ITF;ITF2;ITF22;ITF;ITF2;ITF22;
Ferrazzano;D550;14;70;70;23;70023;Sud;Molise;Campobasso;1;70023;70023;70023;ITF;ITF2;ITF22;ITF;ITF2;ITF22;
Fossalto;D737;14;70;70;24;70024;Sud;Molise;Campobasso;1;70024;70024;70024;ITF;ITF2;ITF22;ITF;ITF2;ITF22;
Gambatesa;D896;14;70;70;25;70025;Sud;Molise;Campobasso;1;70025;70025;70025;ITF;ITF2;ITF22;ITF;ITF2;ITF22;
Gildone;E030;14;70;70;26;70026;Sud;Molise;Campobasso;1;70026;70026;70026;ITF;ITF2;ITF22;ITF;ITF2;ITF22;
Guardialfiera;E244;14;70;70;27;70027;Sud;Molise;Campobasso;1;70027;70027;70027;ITF;ITF2;ITF22;ITF;ITF2;ITF22;
Guardiaregia;E248;14;70;70;28;70028;Sud;Molise;Campobasso;1;70028;70028;70028;ITF;ITF2;ITF22;ITF;ITF2;ITF22;
Guglionesi;E259;14;70;70;29;70029;Sud;Molise;Campobasso;1;70029;70029;70029;ITF;ITF2;ITF22;ITF;ITF2;ITF22;
Jelsi;E381;14;70;70;30;70030;Sud;Molise;Campobasso;1;70030;70030;70030;ITF;ITF2;ITF22;ITF;ITF2;ITF22;
Larino;E456;14;70;70;31;70031;Sud;Molise;Campobasso;1;70031;70031;70031;ITF;ITF2;ITF22;ITF;ITF2;ITF22;
Limosano;E599;14;70;70;32;70032;Sud;Molise;Campobasso;1;70032;70032;70032;ITF;ITF2;ITF22;ITF;ITF2;ITF22;
Lucito;E722;14;70;70;33;70033;Sud;Molise;Campobasso;1;70033;70033;70033;ITF;ITF2;ITF22;ITF;ITF2;ITF22;
Lupara;E748;14;70;70;34;70034;Sud;Molise;Campobasso;1;70034;70034;70034;ITF;ITF2;ITF22;ITF;ITF2;ITF22;
Macchia Valfortore;E780;14;70;70;35;70035;Sud;Molise;Campobasso;1;70035;70035;70035;ITF;ITF2;ITF22;ITF;ITF2;ITF22;
Mafalda;E799;14;70;70;36;70036;Sud;Molise;Campobasso;1;70036;70036;70036;ITF;ITF2;ITF22;ITF;ITF2;ITF22;
Matrice;F055;14;70;70;37;70037;Sud;Molise;Campobasso;1;70037;70037;70037;ITF;ITF2;ITF22;ITF;ITF2;ITF22;
Mirabello Sannitico;F233;14;70;70;38;70038;Sud;Molise;Campobasso;1;70038;70038;70038;ITF;ITF2;ITF22;ITF;ITF2;ITF22;
Molise;F294;14;70;70;39;70039;Sud;Molise;Campobasso;1;70039;70039;70039;ITF;ITF2;ITF22;ITF;ITF2;ITF22;
Monacilioni;F322;14;70;70;40;70040;Sud;Molise;Campobasso;1;70040;70040;70040;ITF;ITF2;ITF22;ITF;ITF2;ITF22;
Montagano;F391;14;70;70;41;70041;Sud;Molise;Campobasso;1;70041;70041;70041;ITF;ITF2;ITF22;ITF;ITF2;ITF22;
Montecilfone;F475;14;70;70;42;70042;Sud;Molise;Campobasso;1;70042;70042;70042;ITF;ITF2;ITF22;ITF;ITF2;ITF22;
Montefalcone nel Sannio;F495;14;70;70;43;70043;Sud;Molise;Campobasso;1;70043;70043;70043;ITF;ITF2;ITF22;ITF;ITF2;ITF22;
Montelongo;F548;14;70;70;44;70044;Sud;Molise;Campobasso;1;70044;70044;70044;ITF;ITF2;ITF22;ITF;ITF2;ITF22;
Montemitro;F569;14;70;70;45;70045;Sud;Molise;Campobasso;1;70045;70045;70045;ITF;ITF2;ITF22;ITF;ITF2;ITF22;
Montenero di Bisaccia;F576;14;70;70;46;70046;Sud;Molise;Campobasso;1;70046;70046;70046;ITF;ITF2;ITF22;ITF;ITF2;ITF22;
Montorio nei Frentani;F689;14;70;70;47;70047;Sud;Molise;Campobasso;1;70047;70047;70047;ITF;ITF2;ITF22;ITF;ITF2;ITF22;
Morrone del Sannio;F748;14;70;70;48;70048;Sud;Molise;Campobasso;1;70048;70048;70048;ITF;ITF2;ITF22;ITF;ITF2;ITF22;
Oratino;G086;14;70;70;49;70049;Sud;Molise;Campobasso;1;70049;70049;70049;ITF;ITF2;ITF22;ITF;ITF2;ITF22;
Palata;G257;14;70;70;50;70050;Sud;Molise;Campobasso;1;70050;70050;70050;ITF;ITF2;ITF22;ITF;ITF2;ITF22;
Petacciato;G506;14;70;70;51;70051;Sud;Molise;Campobasso;1;70051;70051;70051;ITF;ITF2;ITF22;ITF;ITF2;ITF22;
Petrella Tifernina;G512;14;70;70;52;70052;Sud;Molise;Campobasso;1;70052;70052;70052;ITF;ITF2;ITF22;ITF;ITF2;ITF22;
Pietracatella;G609;14;70;70;53;70053;Sud;Molise;Campobasso;1;70053;70053;70053;ITF;ITF2;ITF22;ITF;ITF2;ITF22;
Pietracupa;G610;14;70;70;54;70054;Sud;Molise;Campobasso;1;70054;70054;70054;ITF;ITF2;ITF22;ITF;ITF2;ITF22;
Portocannone;G910;14;70;70;55;70055;Sud;Molise;Campobasso;1;70055;70055;70055;ITF;ITF2;ITF22;ITF;ITF2;ITF22;
Provvidenti;H083;14;70;70;56;70056;Sud;Molise;Campobasso;1;70056;70056;70056;ITF;ITF2;ITF22;ITF;ITF2;ITF22;
Riccia;H273;14;70;70;57;70057;Sud;Molise;Campobasso;1;70057;70057;70057;ITF;ITF2;ITF22;ITF;ITF2;ITF22;
Ripabottoni;H311;14;70;70;58;70058;Sud;Molise;Campobasso;1;70058;70058;70058;ITF;ITF2;ITF22;ITF;ITF2;ITF22;
Ripalimosani;H313;14;70;70;59;70059;Sud;Molise;Campobasso;1;70059;70059;70059;ITF;ITF2;ITF22;ITF;ITF2;ITF22;
Roccavivara;H454;14;70;70;60;70060;Sud;Molise;Campobasso;1;70060;70060;70060;ITF;ITF2;ITF22;ITF;ITF2;ITF22;
Rotello;H589;14;70;70;61;70061;Sud;Molise;Campobasso;1;70061;70061;70061;ITF;ITF2;ITF22;ITF;ITF2;ITF22;
Salcito;H693;14;70;70;62;70062;Sud;Molise;Campobasso;1;70062;70062;70062;ITF;ITF2;ITF22;ITF;ITF2;ITF22;
San Biase;H782;14;70;70;63;70063;Sud;Molise;Campobasso;1;70063;70063;70063;ITF;ITF2;ITF22;ITF;ITF2;ITF22;
San Felice del Molise;H833;14;70;70;64;70064;Sud;Molise;Campobasso;1;70064;70064;70064;ITF;ITF2;ITF22;ITF;ITF2;ITF22;
San Giacomo degli Schiavoni;H867;14;70;70;65;70065;Sud;Molise;Campobasso;1;70065;70065;70065;ITF;ITF2;ITF22;ITF;ITF2;ITF22;
San Giovanni in Galdo;H920;14;70;70;66;70066;Sud;Molise;Campobasso;1;70066;70066;70066;ITF;ITF2;ITF22;ITF;ITF2;ITF22;
San Giuliano del Sannio;H928;14;70;70;67;70067;Sud;Molise;Campobasso;1;70067;70067;70067;ITF;ITF2;ITF22;ITF;ITF2;ITF22;
San Giuliano di Puglia;H929;14;70;70;68;70068;Sud;Molise;Campobasso;1;70068;70068;70068;ITF;ITF2;ITF22;ITF;ITF2;ITF22;
San Martino in Pensilis;H990;14;70;70;69;70069;Sud;Molise;Campobasso;1;70069;70069;70069;ITF;ITF2;ITF22;ITF;ITF2;ITF22;
San Massimo;I023;14;70;70;70;70070;Sud;Molise;Campobasso;1;70070;70070;70070;ITF;ITF2;ITF22;ITF;ITF2;ITF22;
San Polo Matese;I122;14;70;70;71;70071;Sud;Molise;Campobasso;1;70071;70071;70071;ITF;ITF2;ITF22;ITF;ITF2;ITF22;
Santa Croce di Magliano;I181;14;70;70;72;70072;Sud;Molise;Campobasso;1;70072;70072;70072;ITF;ITF2;ITF22;ITF;ITF2;ITF22;
Sant'Angelo Limosano;I289;14;70;70;73;70073;Sud;Molise;Campobasso;1;70073;70073;70073;ITF;ITF2;ITF22;ITF;ITF2;ITF22;
Sant'Elia a Pianisi;I320;14;70;70;74;70074;Sud;Molise;Campobasso;1;70074;70074;70074;ITF;ITF2;ITF22;ITF;ITF2;ITF22;
Sepino;I618;14;70;70;75;70075;Sud;Molise;Campobasso;1;70075;70075;70075;ITF;ITF2;ITF22;ITF;ITF2;ITF22;
Spinete;I910;14;70;70;76;70076;Sud;Molise;Campobasso;1;70076;70076;70076;ITF;ITF2;ITF22;ITF;ITF2;ITF22;
Tavenna;L069;14;70;70;77;70077;Sud;Molise;Campobasso;1;70077;70077;70077;ITF;ITF2;ITF22;ITF;ITF2;ITF22;
Termoli;L113;14;70;70;78;70078;Sud;Molise;Campobasso;1;70078;70078;70078;ITF;ITF2;ITF22;ITF;ITF2;ITF22;
Torella del Sannio;L215;14;70;70;79;70079;Sud;Molise;Campobasso;1;70079;70079;70079;ITF;ITF2;ITF22;ITF;ITF2;ITF22;
Toro;L230;14;70;70;80;70080;Sud;Molise;Campobasso;1;70080;70080;70080;ITF;ITF2;ITF22;ITF;ITF2;ITF22;
Trivento;L435;14;70;70;81;70081;Sud;Molise;Campobasso;1;70081;70081;70081;ITF;ITF2;ITF22;ITF;ITF2;ITF22;
Tufara;L458;14;70;70;82;70082;Sud;Molise;Campobasso;1;70082;70082;70082;ITF;ITF2;ITF22;ITF;ITF2;ITF22;
Ururi;L505;14;70;70;83;70083;Sud;Molise;Campobasso;1;70083;70083;70083;ITF;ITF2;ITF22;ITF;ITF2;ITF22;
Vinchiaturo;M057;14;70;70;84;70084;Sud;Molise;Campobasso;1;70084;70084;70084;ITF;ITF2;ITF22;ITF;ITF2;ITF22;
Acquaviva d'Isernia;A051;14;94;94;1;94001;Sud;Molise;Isernia;1;94001;94001;94001;ITF;ITF2;ITF21;ITF;ITF2;ITF21;
Agnone;A080;14;94;94;2;94002;Sud;Molise;Isernia;1;94002;94002;94002;ITF;ITF2;ITF21;ITF;ITF2;ITF21;
Bagnoli del Trigno;A567;14;94;94;3;94003;Sud;Molise;Isernia;1;94003;94003;94003;ITF;ITF2;ITF21;ITF;ITF2;ITF21;
Belmonte del Sannio;A761;14;94;94;4;94004;Sud;Molise;Isernia;1;94004;94004;94004;ITF;ITF2;ITF21;ITF;ITF2;ITF21;
Cantalupo nel Sannio;B630;14;94;94;5;94005;Sud;Molise;Isernia;1;94005;94005;94005;ITF;ITF2;ITF21;ITF;ITF2;ITF21;
Capracotta;B682;14;94;94;6;94006;Sud;Molise;Isernia;1;94006;94006;94006;ITF;ITF2;ITF21;ITF;ITF2;ITF21;
Carovilli;B810;14;94;94;7;94007;Sud;Molise;Isernia;1;94007;94007;94007;ITF;ITF2;ITF21;ITF;ITF2;ITF21;
Carpinone;B830;14;94;94;8;94008;Sud;Molise;Isernia;1;94008;94008;94008;ITF;ITF2;ITF21;ITF;ITF2;ITF21;
Castel del Giudice;C082;14;94;94;9;94009;Sud;Molise;Isernia;1;94009;94009;94009;ITF;ITF2;ITF21;ITF;ITF2;ITF21;
Castelpetroso;C246;14;94;94;10;94010;Sud;Molise;Isernia;1;94010;94010;94010;ITF;ITF2;ITF21;ITF;ITF2;ITF21;
Castelpizzuto;C247;14;94;94;11;94011;Sud;Molise;Isernia;1;94011;94011;94011;ITF;ITF2;ITF21;ITF;ITF2;ITF21;
Castel San Vincenzo;C270;14;94;94;12;94012;Sud;Molise;Isernia;1;94012;94012;94012;ITF;ITF2;ITF21;ITF;ITF2;ITF21;
Castelverrino;C200;14;94;94;13;94013;Sud;Molise;Isernia;1;94013;94013;94013;ITF;ITF2;ITF21;ITF;ITF2;ITF21;
Cerro al Volturno;C534;14;94;94;14;94014;Sud;Molise;Isernia;1;94014;94014;94014;ITF;ITF2;ITF21;ITF;ITF2;ITF21;
Chiauci;C620;14;94;94;15;94015;Sud;Molise;Isernia;1;94015;94015;94015;ITF;ITF2;ITF21;ITF;ITF2;ITF21;
Civitanova del Sannio;C769;14;94;94;16;94016;Sud;Molise;Isernia;1;94016;94016;94016;ITF;ITF2;ITF21;ITF;ITF2;ITF21;
Colli a Volturno;C878;14;94;94;17;94017;Sud;Molise;Isernia;1;94017;94017;94017;ITF;ITF2;ITF21;ITF;ITF2;ITF21;
Conca Casale;C941;14;94;94;18;94018;Sud;Molise;Isernia;1;94018;94018;94018;ITF;ITF2;ITF21;ITF;ITF2;ITF21;
Filignano;D595;14;94;94;19;94019;Sud;Molise;Isernia;1;94019;94019;94019;ITF;ITF2;ITF21;ITF;ITF2;ITF21;
ForlÏ del Sannio;D703;14;94;94;20;94020;Sud;Molise;Isernia;1;94020;94020;94020;ITF;ITF2;ITF21;ITF;ITF2;ITF21;
Fornelli;D715;14;94;94;21;94021;Sud;Molise;Isernia;1;94021;94021;94021;ITF;ITF2;ITF21;ITF;ITF2;ITF21;
Frosolone;D811;14;94;94;22;94022;Sud;Molise;Isernia;1;94022;94022;94022;ITF;ITF2;ITF21;ITF;ITF2;ITF21;
Isernia;E335;14;94;94;23;94023;Sud;Molise;Isernia;1;94023;94023;94023;ITF;ITF2;ITF21;ITF;ITF2;ITF21;
Longano;E669;14;94;94;24;94024;Sud;Molise;Isernia;1;94024;94024;94024;ITF;ITF2;ITF21;ITF;ITF2;ITF21;
Macchia d'Isernia;E778;14;94;94;25;94025;Sud;Molise;Isernia;1;94025;94025;94025;ITF;ITF2;ITF21;ITF;ITF2;ITF21;
Macchiagodena;E779;14;94;94;26;94026;Sud;Molise;Isernia;1;94026;94026;94026;ITF;ITF2;ITF21;ITF;ITF2;ITF21;
Miranda;F239;14;94;94;27;94027;Sud;Molise;Isernia;1;94027;94027;94027;ITF;ITF2;ITF21;ITF;ITF2;ITF21;
Montaquila;F429;14;94;94;28;94028;Sud;Molise;Isernia;1;94028;94028;94028;ITF;ITF2;ITF21;ITF;ITF2;ITF21;
Montenero Val Cocchiara;F580;14;94;94;29;94029;Sud;Molise;Isernia;1;94029;94029;94029;ITF;ITF2;ITF21;ITF;ITF2;ITF21;
Monteroduni;F601;14;94;94;30;94030;Sud;Molise;Isernia;1;94030;94030;94030;ITF;ITF2;ITF21;ITF;ITF2;ITF21;
Pesche;G486;14;94;94;31;94031;Sud;Molise;Isernia;1;94031;94031;94031;ITF;ITF2;ITF21;ITF;ITF2;ITF21;
Pescolanciano;G495;14;94;94;32;94032;Sud;Molise;Isernia;1;94032;94032;94032;ITF;ITF2;ITF21;ITF;ITF2;ITF21;
Pescopennataro;G497;14;94;94;33;94033;Sud;Molise;Isernia;1;94033;94033;94033;ITF;ITF2;ITF21;ITF;ITF2;ITF21;
Pettoranello del Molise;G523;14;94;94;34;94034;Sud;Molise;Isernia;1;94034;94034;94034;ITF;ITF2;ITF21;ITF;ITF2;ITF21;
Pietrabbondante;G606;14;94;94;35;94035;Sud;Molise;Isernia;1;94035;94035;94035;ITF;ITF2;ITF21;ITF;ITF2;ITF21;
Pizzone;G727;14;94;94;36;94036;Sud;Molise;Isernia;1;94036;94036;94036;ITF;ITF2;ITF21;ITF;ITF2;ITF21;
Poggio Sannita;B317;14;94;94;37;94037;Sud;Molise;Isernia;1;94037;94037;94037;ITF;ITF2;ITF21;ITF;ITF2;ITF21;
Pozzilli;G954;14;94;94;38;94038;Sud;Molise;Isernia;1;94038;94038;94038;ITF;ITF2;ITF21;ITF;ITF2;ITF21;
Rionero Sannitico;H308;14;94;94;39;94039;Sud;Molise;Isernia;1;94039;94039;94039;ITF;ITF2;ITF21;ITF;ITF2;ITF21;
Roccamandolfi;H420;14;94;94;40;94040;Sud;Molise;Isernia;1;94040;94040;94040;ITF;ITF2;ITF21;ITF;ITF2;ITF21;
Roccasicura;H445;14;94;94;41;94041;Sud;Molise;Isernia;1;94041;94041;94041;ITF;ITF2;ITF21;ITF;ITF2;ITF21;
Rocchetta a Volturno;H458;14;94;94;42;94042;Sud;Molise;Isernia;1;94042;94042;94042;ITF;ITF2;ITF21;ITF;ITF2;ITF21;
San Pietro Avellana;I096;14;94;94;43;94043;Sud;Molise;Isernia;1;94043;94043;94043;ITF;ITF2;ITF21;ITF;ITF2;ITF21;
Sant'Agapito;I189;14;94;94;44;94044;Sud;Molise;Isernia;1;94044;94044;94044;ITF;ITF2;ITF21;ITF;ITF2;ITF21;
Santa Maria del Molise;I238;14;94;94;45;94045;Sud;Molise;Isernia;1;94045;94045;94045;ITF;ITF2;ITF21;ITF;ITF2;ITF21;
Sant'Angelo del Pesco;I282;14;94;94;46;94046;Sud;Molise;Isernia;1;94046;94046;94046;ITF;ITF2;ITF21;ITF;ITF2;ITF21;
Sant'Elena Sannita;B466;14;94;94;47;94047;Sud;Molise;Isernia;1;94047;94047;94047;ITF;ITF2;ITF21;ITF;ITF2;ITF21;
Scapoli;I507;14;94;94;48;94048;Sud;Molise;Isernia;1;94048;94048;94048;ITF;ITF2;ITF21;ITF;ITF2;ITF21;
Sessano del Molise;I679;14;94;94;49;94049;Sud;Molise;Isernia;1;94049;94049;94049;ITF;ITF2;ITF21;ITF;ITF2;ITF21;
Sesto Campano;I682;14;94;94;50;94050;Sud;Molise;Isernia;1;94050;94050;94050;ITF;ITF2;ITF21;ITF;ITF2;ITF21;
Vastogirardi;L696;14;94;94;51;94051;Sud;Molise;Isernia;1;94051;94051;94051;ITF;ITF2;ITF21;ITF;ITF2;ITF21;
Venafro;L725;14;94;94;52;94052;Sud;Molise;Isernia;1;94052;94052;94052;ITF;ITF2;ITF21;ITF;ITF2;ITF21;
Ailano;A106;15;61;61;1;61001;Sud;Campania;Caserta;1;61001;61001;61001;ITF;ITF3;ITF31;ITF;ITF3;ITF31;
Alife;A200;15;61;61;2;61002;Sud;Campania;Caserta;1;61002;61002;61002;ITF;ITF3;ITF31;ITF;ITF3;ITF31;
Alvignano;A243;15;61;61;3;61003;Sud;Campania;Caserta;1;61003;61003;61003;ITF;ITF3;ITF31;ITF;ITF3;ITF31;
Arienzo;A403;15;61;61;4;61004;Sud;Campania;Caserta;1;61004;61004;61004;ITF;ITF3;ITF31;ITF;ITF3;ITF31;
Aversa;A512;15;61;61;5;61005;Sud;Campania;Caserta;1;61005;61005;61005;ITF;ITF3;ITF31;ITF;ITF3;ITF31;
Baia e Latina;A579;15;61;61;6;61006;Sud;Campania;Caserta;1;61006;61006;61006;ITF;ITF3;ITF31;ITF;ITF3;ITF31;
Bellona;A755;15;61;61;7;61007;Sud;Campania;Caserta;1;61007;61007;61007;ITF;ITF3;ITF31;ITF;ITF3;ITF31;
Caianello;B361;15;61;61;8;61008;Sud;Campania;Caserta;1;61008;61008;61008;ITF;ITF3;ITF31;ITF;ITF3;ITF31;
Caiazzo;B362;15;61;61;9;61009;Sud;Campania;Caserta;1;61009;61009;61009;ITF;ITF3;ITF31;ITF;ITF3;ITF31;
Calvi Risorta;B445;15;61;61;10;61010;Sud;Campania;Caserta;1;61010;61010;61010;ITF;ITF3;ITF31;ITF;ITF3;ITF31;
Camigliano;B477;15;61;61;11;61011;Sud;Campania;Caserta;1;61011;61011;61011;ITF;ITF3;ITF31;ITF;ITF3;ITF31;
Cancello ed Arnone;B581;15;61;61;12;61012;Sud;Campania;Caserta;1;61012;61012;61012;ITF;ITF3;ITF31;ITF;ITF3;ITF31;
Capodrise;B667;15;61;61;13;61013;Sud;Campania;Caserta;1;61013;61013;61013;ITF;ITF3;ITF31;ITF;ITF3;ITF31;
Capriati a Volturno;B704;15;61;61;14;61014;Sud;Campania;Caserta;1;61014;61014;61014;ITF;ITF3;ITF31;ITF;ITF3;ITF31;
Capua;B715;15;61;61;15;61015;Sud;Campania;Caserta;1;61015;61015;61015;ITF;ITF3;ITF31;ITF;ITF3;ITF31;
Carinaro;B779;15;61;61;16;61016;Sud;Campania;Caserta;1;61016;61016;61016;ITF;ITF3;ITF31;ITF;ITF3;ITF31;
Carinola;B781;15;61;61;17;61017;Sud;Campania;Caserta;1;61017;61017;61017;ITF;ITF3;ITF31;ITF;ITF3;ITF31;
Casagiove;B860;15;61;61;18;61018;Sud;Campania;Caserta;1;61018;61018;61018;ITF;ITF3;ITF31;ITF;ITF3;ITF31;
Casal di Principe;B872;15;61;61;19;61019;Sud;Campania;Caserta;1;61019;61019;61019;ITF;ITF3;ITF31;ITF;ITF3;ITF31;
Casaluce;B916;15;61;61;20;61020;Sud;Campania;Caserta;1;61020;61020;61020;ITF;ITF3;ITF31;ITF;ITF3;ITF31;
Casapulla;B935;15;61;61;21;61021;Sud;Campania;Caserta;1;61021;61021;61021;ITF;ITF3;ITF31;ITF;ITF3;ITF31;
Caserta;B963;15;61;61;22;61022;Sud;Campania;Caserta;1;61022;61022;61022;ITF;ITF3;ITF31;ITF;ITF3;ITF31;
Castel Campagnano;B494;15;61;61;23;61023;Sud;Campania;Caserta;1;61023;61023;61023;ITF;ITF3;ITF31;ITF;ITF3;ITF31;
Castel di Sasso;C097;15;61;61;24;61024;Sud;Campania;Caserta;1;61024;61024;61024;ITF;ITF3;ITF31;ITF;ITF3;ITF31;
Castello del Matese;C178;15;61;61;25;61025;Sud;Campania;Caserta;1;61025;61025;61025;ITF;ITF3;ITF31;ITF;ITF3;ITF31;
Castel Morrone;C211;15;61;61;26;61026;Sud;Campania;Caserta;1;61026;61026;61026;ITF;ITF3;ITF31;ITF;ITF3;ITF31;
Castel Volturno;C291;15;61;61;27;61027;Sud;Campania;Caserta;1;61027;61027;61027;ITF;ITF3;ITF31;ITF;ITF3;ITF31;
Cervino;C558;15;61;61;28;61028;Sud;Campania;Caserta;1;61028;61028;61028;ITF;ITF3;ITF31;ITF;ITF3;ITF31;
Cesa;C561;15;61;61;29;61029;Sud;Campania;Caserta;1;61029;61029;61029;ITF;ITF3;ITF31;ITF;ITF3;ITF31;
Ciorlano;C716;15;61;61;30;61030;Sud;Campania;Caserta;1;61030;61030;61030;ITF;ITF3;ITF31;ITF;ITF3;ITF31;
Conca della Campania;C939;15;61;61;31;61031;Sud;Campania;Caserta;1;61031;61031;61031;ITF;ITF3;ITF31;ITF;ITF3;ITF31;
Curti;D228;15;61;61;32;61032;Sud;Campania;Caserta;1;61032;61032;61032;ITF;ITF3;ITF31;ITF;ITF3;ITF31;
Dragoni;D361;15;61;61;33;61033;Sud;Campania;Caserta;1;61033;61033;61033;ITF;ITF3;ITF31;ITF;ITF3;ITF31;
Fontegreca;D683;15;61;61;34;61034;Sud;Campania;Caserta;1;61034;61034;61034;ITF;ITF3;ITF31;ITF;ITF3;ITF31;
Formicola;D709;15;61;61;35;61035;Sud;Campania;Caserta;1;61035;61035;61035;ITF;ITF3;ITF31;ITF;ITF3;ITF31;
Francolise;D769;15;61;61;36;61036;Sud;Campania;Caserta;1;61036;61036;61036;ITF;ITF3;ITF31;ITF;ITF3;ITF31;
Frignano;D799;15;61;61;37;61037;Sud;Campania;Caserta;1;61037;61037;61037;ITF;ITF3;ITF31;ITF;ITF3;ITF31;
Gallo Matese;D884;15;61;61;38;61038;Sud;Campania;Caserta;1;61038;61038;61038;ITF;ITF3;ITF31;ITF;ITF3;ITF31;
Galluccio;D886;15;61;61;39;61039;Sud;Campania;Caserta;1;61039;61039;61039;ITF;ITF3;ITF31;ITF;ITF3;ITF31;
Giano Vetusto;E011;15;61;61;40;61040;Sud;Campania;Caserta;1;61040;61040;61040;ITF;ITF3;ITF31;ITF;ITF3;ITF31;
Gioia Sannitica;E039;15;61;61;41;61041;Sud;Campania;Caserta;1;61041;61041;61041;ITF;ITF3;ITF31;ITF;ITF3;ITF31;
Grazzanise;E158;15;61;61;42;61042;Sud;Campania;Caserta;1;61042;61042;61042;ITF;ITF3;ITF31;ITF;ITF3;ITF31;
Gricignano di Aversa;E173;15;61;61;43;61043;Sud;Campania;Caserta;1;61043;61043;61043;ITF;ITF3;ITF31;ITF;ITF3;ITF31;
Letino;E554;15;61;61;44;61044;Sud;Campania;Caserta;1;61044;61044;61044;ITF;ITF3;ITF31;ITF;ITF3;ITF31;
Liberi;E570;15;61;61;45;61045;Sud;Campania;Caserta;1;61045;61045;61045;ITF;ITF3;ITF31;ITF;ITF3;ITF31;
Lusciano;E754;15;61;61;46;61046;Sud;Campania;Caserta;1;61046;61046;61046;ITF;ITF3;ITF31;ITF;ITF3;ITF31;
Macerata Campania;E784;15;61;61;47;61047;Sud;Campania;Caserta;1;61047;61047;61047;ITF;ITF3;ITF31;ITF;ITF3;ITF31;
Maddaloni;E791;15;61;61;48;61048;Sud;Campania;Caserta;1;61048;61048;61048;ITF;ITF3;ITF31;ITF;ITF3;ITF31;
Marcianise;E932;15;61;61;49;61049;Sud;Campania;Caserta;1;61049;61049;61049;ITF;ITF3;ITF31;ITF;ITF3;ITF31;
Marzano Appio;E998;15;61;61;50;61050;Sud;Campania;Caserta;1;61050;61050;61050;ITF;ITF3;ITF31;ITF;ITF3;ITF31;
Mignano Monte Lungo;F203;15;61;61;51;61051;Sud;Campania;Caserta;1;61051;61051;61051;ITF;ITF3;ITF31;ITF;ITF3;ITF31;
Mondragone;F352;15;61;61;52;61052;Sud;Campania;Caserta;1;61052;61052;61052;ITF;ITF3;ITF31;ITF;ITF3;ITF31;
Orta di Atella;G130;15;61;61;53;61053;Sud;Campania;Caserta;1;61053;61053;61053;ITF;ITF3;ITF31;ITF;ITF3;ITF31;
Parete;G333;15;61;61;54;61054;Sud;Campania;Caserta;1;61054;61054;61054;ITF;ITF3;ITF31;ITF;ITF3;ITF31;
Pastorano;G364;15;61;61;55;61055;Sud;Campania;Caserta;1;61055;61055;61055;ITF;ITF3;ITF31;ITF;ITF3;ITF31;
Piana di Monte Verna;G541;15;61;61;56;61056;Sud;Campania;Caserta;1;61056;61056;61056;ITF;ITF3;ITF31;ITF;ITF3;ITF31;
Piedimonte Matese;G596;15;61;61;57;61057;Sud;Campania;Caserta;1;61057;61057;61057;ITF;ITF3;ITF31;ITF;ITF3;ITF31;
Pietramelara;G620;15;61;61;58;61058;Sud;Campania;Caserta;1;61058;61058;61058;ITF;ITF3;ITF31;ITF;ITF3;ITF31;
Pietravairano;G630;15;61;61;59;61059;Sud;Campania;Caserta;1;61059;61059;61059;ITF;ITF3;ITF31;ITF;ITF3;ITF31;
Pignataro Maggiore;G661;15;61;61;60;61060;Sud;Campania;Caserta;1;61060;61060;61060;ITF;ITF3;ITF31;ITF;ITF3;ITF31;
Pontelatone;G849;15;61;61;61;61061;Sud;Campania;Caserta;1;61061;61061;61061;ITF;ITF3;ITF31;ITF;ITF3;ITF31;
Portico di Caserta;G903;15;61;61;62;61062;Sud;Campania;Caserta;1;61062;61062;61062;ITF;ITF3;ITF31;ITF;ITF3;ITF31;
Prata Sannita;G991;15;61;61;63;61063;Sud;Campania;Caserta;1;61063;61063;61063;ITF;ITF3;ITF31;ITF;ITF3;ITF31;
Pratella;G995;15;61;61;64;61064;Sud;Campania;Caserta;1;61064;61064;61064;ITF;ITF3;ITF31;ITF;ITF3;ITF31;
Presenzano;H045;15;61;61;65;61065;Sud;Campania;Caserta;1;61065;61065;61065;ITF;ITF3;ITF31;ITF;ITF3;ITF31;
Raviscanina;H202;15;61;61;66;61066;Sud;Campania;Caserta;1;61066;61066;61066;ITF;ITF3;ITF31;ITF;ITF3;ITF31;
Recale;H210;15;61;61;67;61067;Sud;Campania;Caserta;1;61067;61067;61067;ITF;ITF3;ITF31;ITF;ITF3;ITF31;
Riardo;H268;15;61;61;68;61068;Sud;Campania;Caserta;1;61068;61068;61068;ITF;ITF3;ITF31;ITF;ITF3;ITF31;
Rocca d'Evandro;H398;15;61;61;69;61069;Sud;Campania;Caserta;1;61069;61069;61069;ITF;ITF3;ITF31;ITF;ITF3;ITF31;
Roccamonfina;H423;15;61;61;70;61070;Sud;Campania;Caserta;1;61070;61070;61070;ITF;ITF3;ITF31;ITF;ITF3;ITF31;
Roccaromana;H436;15;61;61;71;61071;Sud;Campania;Caserta;1;61071;61071;61071;ITF;ITF3;ITF31;ITF;ITF3;ITF31;
Rocchetta e Croce;H459;15;61;61;72;61072;Sud;Campania;Caserta;1;61072;61072;61072;ITF;ITF3;ITF31;ITF;ITF3;ITF31;
Ruviano;H165;15;61;61;73;61073;Sud;Campania;Caserta;1;61073;61073;61073;ITF;ITF3;ITF31;ITF;ITF3;ITF31;
San Cipriano d'Aversa;H798;15;61;61;74;61074;Sud;Campania;Caserta;1;61074;61074;61074;ITF;ITF3;ITF31;ITF;ITF3;ITF31;
San Felice a Cancello;H834;15;61;61;75;61075;Sud;Campania;Caserta;1;61075;61075;61075;ITF;ITF3;ITF31;ITF;ITF3;ITF31;
San Gregorio Matese;H939;15;61;61;76;61076;Sud;Campania;Caserta;1;61076;61076;61076;ITF;ITF3;ITF31;ITF;ITF3;ITF31;
San Marcellino;H978;15;61;61;77;61077;Sud;Campania;Caserta;1;61077;61077;61077;ITF;ITF3;ITF31;ITF;ITF3;ITF31;
San Nicola la Strada;I056;15;61;61;78;61078;Sud;Campania;Caserta;1;61078;61078;61078;ITF;ITF3;ITF31;ITF;ITF3;ITF31;
San Pietro Infine;I113;15;61;61;79;61079;Sud;Campania;Caserta;1;61079;61079;61079;ITF;ITF3;ITF31;ITF;ITF3;ITF31;
San Potito Sannitico;I130;15;61;61;80;61080;Sud;Campania;Caserta;1;61080;61080;61080;ITF;ITF3;ITF31;ITF;ITF3;ITF31;
San Prisco;I131;15;61;61;81;61081;Sud;Campania;Caserta;1;61081;61081;61081;ITF;ITF3;ITF31;ITF;ITF3;ITF31;
Santa Maria a Vico;I233;15;61;61;82;61082;Sud;Campania;Caserta;1;61082;61082;61082;ITF;ITF3;ITF31;ITF;ITF3;ITF31;
Santa Maria Capua Vetere;I234;15;61;61;83;61083;Sud;Campania;Caserta;1;61083;61083;61083;ITF;ITF3;ITF31;ITF;ITF3;ITF31;
Santa Maria la Fossa;I247;15;61;61;84;61084;Sud;Campania;Caserta;1;61084;61084;61084;ITF;ITF3;ITF31;ITF;ITF3;ITF31;
San Tammaro;I261;15;61;61;85;61085;Sud;Campania;Caserta;1;61085;61085;61085;ITF;ITF3;ITF31;ITF;ITF3;ITF31;
Sant'Angelo d'Alife;I273;15;61;61;86;61086;Sud;Campania;Caserta;1;61086;61086;61086;ITF;ITF3;ITF31;ITF;ITF3;ITF31;
Sant'Arpino;I306;15;61;61;87;61087;Sud;Campania;Caserta;1;61087;61087;61087;ITF;ITF3;ITF31;ITF;ITF3;ITF31;
Sessa Aurunca;I676;15;61;61;88;61088;Sud;Campania;Caserta;1;61088;61088;61088;ITF;ITF3;ITF31;ITF;ITF3;ITF31;
Sparanise;I885;15;61;61;89;61089;Sud;Campania;Caserta;1;61089;61089;61089;ITF;ITF3;ITF31;ITF;ITF3;ITF31;
Succivo;I993;15;61;61;90;61090;Sud;Campania;Caserta;1;61090;61090;61090;ITF;ITF3;ITF31;ITF;ITF3;ITF31;
Teano;L083;15;61;61;91;61091;Sud;Campania;Caserta;1;61091;61091;61091;ITF;ITF3;ITF31;ITF;ITF3;ITF31;
Teverola;L155;15;61;61;92;61092;Sud;Campania;Caserta;1;61092;61092;61092;ITF;ITF3;ITF31;ITF;ITF3;ITF31;
Tora e Piccilli;L205;15;61;61;93;61093;Sud;Campania;Caserta;1;61093;61093;61093;ITF;ITF3;ITF31;ITF;ITF3;ITF31;
Trentola Ducenta;L379;15;61;61;94;61094;Sud;Campania;Caserta;1;61094;61094;61094;ITF;ITF3;ITF31;ITF;ITF3;ITF31;
Vairano Patenora;L540;15;61;61;95;61095;Sud;Campania;Caserta;1;61095;61095;61095;ITF;ITF3;ITF31;ITF;ITF3;ITF31;
Valle Agricola;L594;15;61;61;96;61096;Sud;Campania;Caserta;1;61096;61096;61096;ITF;ITF3;ITF31;ITF;ITF3;ITF31;
Valle di Maddaloni;L591;15;61;61;97;61097;Sud;Campania;Caserta;1;61097;61097;61097;ITF;ITF3;ITF31;ITF;ITF3;ITF31;
Villa di Briano;D801;15;61;61;98;61098;Sud;Campania;Caserta;1;61098;61098;61098;ITF;ITF3;ITF31;ITF;ITF3;ITF31;
Villa Literno;L844;15;61;61;99;61099;Sud;Campania;Caserta;1;61099;61099;61099;ITF;ITF3;ITF31;ITF;ITF3;ITF31;
Vitulazio;M092;15;61;61;100;61100;Sud;Campania;Caserta;1;61100;61100;61100;ITF;ITF3;ITF31;ITF;ITF3;ITF31;
Falciano del Massico;D471;15;61;61;101;61101;Sud;Campania;Caserta;1;61101;61101;61101;ITF;ITF3;ITF31;ITF;ITF3;ITF31;
Cellole;M262;15;61;61;102;61102;Sud;Campania;Caserta;1;61102;61102;61102;ITF;ITF3;ITF31;ITF;ITF3;ITF31;
Casapesenna;M260;15;61;61;103;61103;Sud;Campania;Caserta;1;61103;61103;61103;ITF;ITF3;ITF31;ITF;ITF3;ITF31;
San Marco Evangelista;F043;15;61;61;104;61104;Sud;Campania;Caserta;1;61104;61104;61104;ITF;ITF3;ITF31;ITF;ITF3;ITF31;
Airola;A110;15;62;62;1;62001;Sud;Campania;Benevento;1;62001;62001;62001;ITF;ITF3;ITF32;ITF;ITF3;ITF32;
Amorosi;A265;15;62;62;2;62002;Sud;Campania;Benevento;1;62002;62002;62002;ITF;ITF3;ITF32;ITF;ITF3;ITF32;
Apice;A328;15;62;62;3;62003;Sud;Campania;Benevento;1;62003;62003;62003;ITF;ITF3;ITF32;ITF;ITF3;ITF32;
Apollosa;A330;15;62;62;4;62004;Sud;Campania;Benevento;1;62004;62004;62004;ITF;ITF3;ITF32;ITF;ITF3;ITF32;
Arpaia;A431;15;62;62;5;62005;Sud;Campania;Benevento;1;62005;62005;62005;ITF;ITF3;ITF32;ITF;ITF3;ITF32;
Arpaise;A432;15;62;62;6;62006;Sud;Campania;Benevento;1;62006;62006;62006;ITF;ITF3;ITF32;ITF;ITF3;ITF32;
Baselice;A696;15;62;62;7;62007;Sud;Campania;Benevento;1;62007;62007;62007;ITF;ITF3;ITF32;ITF;ITF3;ITF32;
Benevento;A783;15;62;62;8;62008;Sud;Campania;Benevento;1;62008;62008;62008;ITF;ITF3;ITF32;ITF;ITF3;ITF32;
Bonea;A970;15;62;62;9;62009;Sud;Campania;Benevento;1;62009;62009;62009;ITF;ITF3;ITF32;ITF;ITF3;ITF32;
Bucciano;B239;15;62;62;10;62010;Sud;Campania;Benevento;1;62010;62010;62010;ITF;ITF3;ITF32;ITF;ITF3;ITF32;
Buonalbergo;B267;15;62;62;11;62011;Sud;Campania;Benevento;1;62011;62011;62011;ITF;ITF3;ITF32;ITF;ITF3;ITF32;
Calvi;B444;15;62;62;12;62012;Sud;Campania;Benevento;1;62012;62012;62012;ITF;ITF3;ITF32;ITF;ITF3;ITF32;
Campolattaro;B541;15;62;62;13;62013;Sud;Campania;Benevento;1;62013;62013;62013;ITF;ITF3;ITF32;ITF;ITF3;ITF32;
Campoli del Monte Taburno;B542;15;62;62;14;62014;Sud;Campania;Benevento;1;62014;62014;62014;ITF;ITF3;ITF32;ITF;ITF3;ITF32;
Casalduni;B873;15;62;62;15;62015;Sud;Campania;Benevento;1;62015;62015;62015;ITF;ITF3;ITF32;ITF;ITF3;ITF32;
Castelfranco in Miscano;C106;15;62;62;16;62016;Sud;Campania;Benevento;1;62016;62016;62016;ITF;ITF3;ITF32;ITF;ITF3;ITF32;
Castelpagano;C245;15;62;62;17;62017;Sud;Campania;Benevento;1;62017;62017;62017;ITF;ITF3;ITF32;ITF;ITF3;ITF32;
Castelpoto;C250;15;62;62;18;62018;Sud;Campania;Benevento;1;62018;62018;62018;ITF;ITF3;ITF32;ITF;ITF3;ITF32;
Castelvenere;C280;15;62;62;19;62019;Sud;Campania;Benevento;1;62019;62019;62019;ITF;ITF3;ITF32;ITF;ITF3;ITF32;
Castelvetere in Val Fortore;C284;15;62;62;20;62020;Sud;Campania;Benevento;1;62020;62020;62020;ITF;ITF3;ITF32;ITF;ITF3;ITF32;
Cautano;C359;15;62;62;21;62021;Sud;Campania;Benevento;1;62021;62021;62021;ITF;ITF3;ITF32;ITF;ITF3;ITF32;
Ceppaloni;C476;15;62;62;22;62022;Sud;Campania;Benevento;1;62022;62022;62022;ITF;ITF3;ITF32;ITF;ITF3;ITF32;
Cerreto Sannita;C525;15;62;62;23;62023;Sud;Campania;Benevento;1;62023;62023;62023;ITF;ITF3;ITF32;ITF;ITF3;ITF32;
Circello;C719;15;62;62;24;62024;Sud;Campania;Benevento;1;62024;62024;62024;ITF;ITF3;ITF32;ITF;ITF3;ITF32;
Colle Sannita;C846;15;62;62;25;62025;Sud;Campania;Benevento;1;62025;62025;62025;ITF;ITF3;ITF32;ITF;ITF3;ITF32;
Cusano Mutri;D230;15;62;62;26;62026;Sud;Campania;Benevento;1;62026;62026;62026;ITF;ITF3;ITF32;ITF;ITF3;ITF32;
Dugenta;D380;15;62;62;27;62027;Sud;Campania;Benevento;1;62027;62027;62027;ITF;ITF3;ITF32;ITF;ITF3;ITF32;
Durazzano;D386;15;62;62;28;62028;Sud;Campania;Benevento;1;62028;62028;62028;ITF;ITF3;ITF32;ITF;ITF3;ITF32;
Faicchio;D469;15;62;62;29;62029;Sud;Campania;Benevento;1;62029;62029;62029;ITF;ITF3;ITF32;ITF;ITF3;ITF32;
Foglianise;D644;15;62;62;30;62030;Sud;Campania;Benevento;1;62030;62030;62030;ITF;ITF3;ITF32;ITF;ITF3;ITF32;
Foiano di Val Fortore;D650;15;62;62;31;62031;Sud;Campania;Benevento;1;62031;62031;62031;ITF;ITF3;ITF32;ITF;ITF3;ITF32;
Forchia;D693;15;62;62;32;62032;Sud;Campania;Benevento;1;62032;62032;62032;ITF;ITF3;ITF32;ITF;ITF3;ITF32;
Fragneto l'Abate;D755;15;62;62;33;62033;Sud;Campania;Benevento;1;62033;62033;62033;ITF;ITF3;ITF32;ITF;ITF3;ITF32;
Fragneto Monforte;D756;15;62;62;34;62034;Sud;Campania;Benevento;1;62034;62034;62034;ITF;ITF3;ITF32;ITF;ITF3;ITF32;
Frasso Telesino;D784;15;62;62;35;62035;Sud;Campania;Benevento;1;62035;62035;62035;ITF;ITF3;ITF32;ITF;ITF3;ITF32;
Ginestra degli Schiavoni;E034;15;62;62;36;62036;Sud;Campania;Benevento;1;62036;62036;62036;ITF;ITF3;ITF32;ITF;ITF3;ITF32;
Guardia Sanframondi;E249;15;62;62;37;62037;Sud;Campania;Benevento;1;62037;62037;62037;ITF;ITF3;ITF32;ITF;ITF3;ITF32;
Limatola;E589;15;62;62;38;62038;Sud;Campania;Benevento;1;62038;62038;62038;ITF;ITF3;ITF32;ITF;ITF3;ITF32;
Melizzano;F113;15;62;62;39;62039;Sud;Campania;Benevento;1;62039;62039;62039;ITF;ITF3;ITF32;ITF;ITF3;ITF32;
Moiano;F274;15;62;62;40;62040;Sud;Campania;Benevento;1;62040;62040;62040;ITF;ITF3;ITF32;ITF;ITF3;ITF32;
Molinara;F287;15;62;62;41;62041;Sud;Campania;Benevento;1;62041;62041;62041;ITF;ITF3;ITF32;ITF;ITF3;ITF32;
Montefalcone di Val Fortore;F494;15;62;62;42;62042;Sud;Campania;Benevento;1;62042;62042;62042;ITF;ITF3;ITF32;ITF;ITF3;ITF32;
Montesarchio;F636;15;62;62;43;62043;Sud;Campania;Benevento;1;62043;62043;62043;ITF;ITF3;ITF32;ITF;ITF3;ITF32;
Morcone;F717;15;62;62;44;62044;Sud;Campania;Benevento;1;62044;62044;62044;ITF;ITF3;ITF32;ITF;ITF3;ITF32;
Paduli;G227;15;62;62;45;62045;Sud;Campania;Benevento;1;62045;62045;62045;ITF;ITF3;ITF32;ITF;ITF3;ITF32;
Pago Veiano;G243;15;62;62;46;62046;Sud;Campania;Benevento;1;62046;62046;62046;ITF;ITF3;ITF32;ITF;ITF3;ITF32;
Pannarano;G311;15;62;62;47;62047;Sud;Campania;Benevento;1;62047;62047;62047;ITF;ITF3;ITF32;ITF;ITF3;ITF32;
Paolisi;G318;15;62;62;48;62048;Sud;Campania;Benevento;1;62048;62048;62048;ITF;ITF3;ITF32;ITF;ITF3;ITF32;
Paupisi;G386;15;62;62;49;62049;Sud;Campania;Benevento;1;62049;62049;62049;ITF;ITF3;ITF32;ITF;ITF3;ITF32;
Pesco Sannita;G494;15;62;62;50;62050;Sud;Campania;Benevento;1;62050;62050;62050;ITF;ITF3;ITF32;ITF;ITF3;ITF32;
Pietraroja;G626;15;62;62;51;62051;Sud;Campania;Benevento;1;62051;62051;62051;ITF;ITF3;ITF32;ITF;ITF3;ITF32;
Pietrelcina;G631;15;62;62;52;62052;Sud;Campania;Benevento;1;62052;62052;62052;ITF;ITF3;ITF32;ITF;ITF3;ITF32;
Ponte;G827;15;62;62;53;62053;Sud;Campania;Benevento;1;62053;62053;62053;ITF;ITF3;ITF32;ITF;ITF3;ITF32;
Pontelandolfo;G848;15;62;62;54;62054;Sud;Campania;Benevento;1;62054;62054;62054;ITF;ITF3;ITF32;ITF;ITF3;ITF32;
Puglianello;H087;15;62;62;55;62055;Sud;Campania;Benevento;1;62055;62055;62055;ITF;ITF3;ITF32;ITF;ITF3;ITF32;
Reino;H227;15;62;62;56;62056;Sud;Campania;Benevento;1;62056;62056;62056;ITF;ITF3;ITF32;ITF;ITF3;ITF32;
San Bartolomeo in Galdo;H764;15;62;62;57;62057;Sud;Campania;Benevento;1;62057;62057;62057;ITF;ITF3;ITF32;ITF;ITF3;ITF32;
San Giorgio del Sannio;H894;15;62;62;58;62058;Sud;Campania;Benevento;1;62058;62058;62058;ITF;ITF3;ITF32;ITF;ITF3;ITF32;
San Giorgio La Molara;H898;15;62;62;59;62059;Sud;Campania;Benevento;1;62059;62059;62059;ITF;ITF3;ITF32;ITF;ITF3;ITF32;
San Leucio del Sannio;H953;15;62;62;60;62060;Sud;Campania;Benevento;1;62060;62060;62060;ITF;ITF3;ITF32;ITF;ITF3;ITF32;
San Lorenzello;H955;15;62;62;61;62061;Sud;Campania;Benevento;1;62061;62061;62061;ITF;ITF3;ITF32;ITF;ITF3;ITF32;
San Lorenzo Maggiore;H967;15;62;62;62;62062;Sud;Campania;Benevento;1;62062;62062;62062;ITF;ITF3;ITF32;ITF;ITF3;ITF32;
San Lupo;H973;15;62;62;63;62063;Sud;Campania;Benevento;1;62063;62063;62063;ITF;ITF3;ITF32;ITF;ITF3;ITF32;
San Marco dei Cavoti;H984;15;62;62;64;62064;Sud;Campania;Benevento;1;62064;62064;62064;ITF;ITF3;ITF32;ITF;ITF3;ITF32;
San Martino Sannita;I002;15;62;62;65;62065;Sud;Campania;Benevento;1;62065;62065;62065;ITF;ITF3;ITF32;ITF;ITF3;ITF32;
San Nazzaro;I049;15;62;62;66;62066;Sud;Campania;Benevento;1;62066;62066;62066;ITF;ITF3;ITF32;ITF;ITF3;ITF32;
San Nicola Manfredi;I062;15;62;62;67;62067;Sud;Campania;Benevento;1;62067;62067;62067;ITF;ITF3;ITF32;ITF;ITF3;ITF32;
San Salvatore Telesino;I145;15;62;62;68;62068;Sud;Campania;Benevento;1;62068;62068;62068;ITF;ITF3;ITF32;ITF;ITF3;ITF32;
Santa Croce del Sannio;I179;15;62;62;69;62069;Sud;Campania;Benevento;1;62069;62069;62069;ITF;ITF3;ITF32;ITF;ITF3;ITF32;
Sant'Agata de' Goti;I197;15;62;62;70;62070;Sud;Campania;Benevento;1;62070;62070;62070;ITF;ITF3;ITF32;ITF;ITF3;ITF32;
Sant'Angelo a Cupolo;I277;15;62;62;71;62071;Sud;Campania;Benevento;1;62071;62071;62071;ITF;ITF3;ITF32;ITF;ITF3;ITF32;
Sassinoro;I455;15;62;62;72;62072;Sud;Campania;Benevento;1;62072;62072;62072;ITF;ITF3;ITF32;ITF;ITF3;ITF32;
Solopaca;I809;15;62;62;73;62073;Sud;Campania;Benevento;1;62073;62073;62073;ITF;ITF3;ITF32;ITF;ITF3;ITF32;
Telese Terme;L086;15;62;62;74;62074;Sud;Campania;Benevento;1;62074;62074;62074;ITF;ITF3;ITF32;ITF;ITF3;ITF32;
Tocco Caudio;L185;15;62;62;75;62075;Sud;Campania;Benevento;1;62075;62075;62075;ITF;ITF3;ITF32;ITF;ITF3;ITF32;
Torrecuso;L254;15;62;62;76;62076;Sud;Campania;Benevento;1;62076;62076;62076;ITF;ITF3;ITF32;ITF;ITF3;ITF32;
Vitulano;M093;15;62;62;77;62077;Sud;Campania;Benevento;1;62077;62077;62077;ITF;ITF3;ITF32;ITF;ITF3;ITF32;
Sant'Arcangelo Trimonte;F557;15;62;62;78;62078;Sud;Campania;Benevento;1;62078;62078;62078;ITF;ITF3;ITF32;ITF;ITF3;ITF32;
Acerra;A024;15;263;63;1;63001;Sud;Campania;Napoli;3;63001;63001;63001;ITF;ITF3;ITF33;ITF;ITF3;ITF33;
Afragola;A064;15;263;63;2;63002;Sud;Campania;Napoli;3;63002;63002;63002;ITF;ITF3;ITF33;ITF;ITF3;ITF33;
Agerola;A068;15;263;63;3;63003;Sud;Campania;Napoli;3;63003;63003;63003;ITF;ITF3;ITF33;ITF;ITF3;ITF33;
Anacapri;A268;15;263;63;4;63004;Sud;Campania;Napoli;3;63004;63004;63004;ITF;ITF3;ITF33;ITF;ITF3;ITF33;
Arzano;A455;15;263;63;5;63005;Sud;Campania;Napoli;3;63005;63005;63005;ITF;ITF3;ITF33;ITF;ITF3;ITF33;
Bacoli;A535;15;263;63;6;63006;Sud;Campania;Napoli;3;63006;63006;63006;ITF;ITF3;ITF33;ITF;ITF3;ITF33;
Barano d'Ischia;A617;15;263;63;7;63007;Sud;Campania;Napoli;3;63007;63007;63007;ITF;ITF3;ITF33;ITF;ITF3;ITF33;
Boscoreale;B076;15;263;63;8;63008;Sud;Campania;Napoli;3;63008;63008;63008;ITF;ITF3;ITF33;ITF;ITF3;ITF33;
Boscotrecase;B077;15;263;63;9;63009;Sud;Campania;Napoli;3;63009;63009;63009;ITF;ITF3;ITF33;ITF;ITF3;ITF33;
Brusciano;B227;15;263;63;10;63010;Sud;Campania;Napoli;3;63010;63010;63010;ITF;ITF3;ITF33;ITF;ITF3;ITF33;
Caivano;B371;15;263;63;11;63011;Sud;Campania;Napoli;3;63011;63011;63011;ITF;ITF3;ITF33;ITF;ITF3;ITF33;
Calvizzano;B452;15;263;63;12;63012;Sud;Campania;Napoli;3;63012;63012;63012;ITF;ITF3;ITF33;ITF;ITF3;ITF33;
Camposano;B565;15;263;63;13;63013;Sud;Campania;Napoli;3;63013;63013;63013;ITF;ITF3;ITF33;ITF;ITF3;ITF33;
Capri;B696;15;263;63;14;63014;Sud;Campania;Napoli;3;63014;63014;63014;ITF;ITF3;ITF33;ITF;ITF3;ITF33;
Carbonara di Nola;B740;15;263;63;15;63015;Sud;Campania;Napoli;3;63015;63015;63015;ITF;ITF3;ITF33;ITF;ITF3;ITF33;
Cardito;B759;15;263;63;16;63016;Sud;Campania;Napoli;3;63016;63016;63016;ITF;ITF3;ITF33;ITF;ITF3;ITF33;
Casalnuovo di Napoli;B905;15;263;63;17;63017;Sud;Campania;Napoli;3;63017;63017;63017;ITF;ITF3;ITF33;ITF;ITF3;ITF33;
Casamarciano;B922;15;263;63;18;63018;Sud;Campania;Napoli;3;63018;63018;63018;ITF;ITF3;ITF33;ITF;ITF3;ITF33;
Casamicciola Terme;B924;15;263;63;19;63019;Sud;Campania;Napoli;3;63019;63019;63019;ITF;ITF3;ITF33;ITF;ITF3;ITF33;
Casandrino;B925;15;263;63;20;63020;Sud;Campania;Napoli;3;63020;63020;63020;ITF;ITF3;ITF33;ITF;ITF3;ITF33;
Casavatore;B946;15;263;63;21;63021;Sud;Campania;Napoli;3;63021;63021;63021;ITF;ITF3;ITF33;ITF;ITF3;ITF33;
Casola di Napoli;B980;15;263;63;22;63022;Sud;Campania;Napoli;3;63022;63022;63022;ITF;ITF3;ITF33;ITF;ITF3;ITF33;
Casoria;B990;15;263;63;23;63023;Sud;Campania;Napoli;3;63023;63023;63023;ITF;ITF3;ITF33;ITF;ITF3;ITF33;
Castellammare di Stabia;C129;15;263;63;24;63024;Sud;Campania;Napoli;3;63024;63024;63024;ITF;ITF3;ITF33;ITF;ITF3;ITF33;
Castello di Cisterna;C188;15;263;63;25;63025;Sud;Campania;Napoli;3;63025;63025;63025;ITF;ITF3;ITF33;ITF;ITF3;ITF33;
Cercola;C495;15;263;63;26;63026;Sud;Campania;Napoli;3;63026;63026;63026;ITF;ITF3;ITF33;ITF;ITF3;ITF33;
Cicciano;C675;15;263;63;27;63027;Sud;Campania;Napoli;3;63027;63027;63027;ITF;ITF3;ITF33;ITF;ITF3;ITF33;
Cimitile;C697;15;263;63;28;63028;Sud;Campania;Napoli;3;63028;63028;63028;ITF;ITF3;ITF33;ITF;ITF3;ITF33;
Comiziano;C929;15;263;63;29;63029;Sud;Campania;Napoli;3;63029;63029;63029;ITF;ITF3;ITF33;ITF;ITF3;ITF33;
Crispano;D170;15;263;63;30;63030;Sud;Campania;Napoli;3;63030;63030;63030;ITF;ITF3;ITF33;ITF;ITF3;ITF33;
Forio;D702;15;263;63;31;63031;Sud;Campania;Napoli;3;63031;63031;63031;ITF;ITF3;ITF33;ITF;ITF3;ITF33;
Frattamaggiore;D789;15;263;63;32;63032;Sud;Campania;Napoli;3;63032;63032;63032;ITF;ITF3;ITF33;ITF;ITF3;ITF33;
Frattaminore;D790;15;263;63;33;63033;Sud;Campania;Napoli;3;63033;63033;63033;ITF;ITF3;ITF33;ITF;ITF3;ITF33;
Giugliano in Campania;E054;15;263;63;34;63034;Sud;Campania;Napoli;3;63034;63034;63034;ITF;ITF3;ITF33;ITF;ITF3;ITF33;
Gragnano;E131;15;263;63;35;63035;Sud;Campania;Napoli;3;63035;63035;63035;ITF;ITF3;ITF33;ITF;ITF3;ITF33;
Grumo Nevano;E224;15;263;63;36;63036;Sud;Campania;Napoli;3;63036;63036;63036;ITF;ITF3;ITF33;ITF;ITF3;ITF33;
Ischia;E329;15;263;63;37;63037;Sud;Campania;Napoli;3;63037;63037;63037;ITF;ITF3;ITF33;ITF;ITF3;ITF33;
Lacco Ameno;E396;15;263;63;38;63038;Sud;Campania;Napoli;3;63038;63038;63038;ITF;ITF3;ITF33;ITF;ITF3;ITF33;
Lettere;E557;15;263;63;39;63039;Sud;Campania;Napoli;3;63039;63039;63039;ITF;ITF3;ITF33;ITF;ITF3;ITF33;
Liveri;E620;15;263;63;40;63040;Sud;Campania;Napoli;3;63040;63040;63040;ITF;ITF3;ITF33;ITF;ITF3;ITF33;
Marano di Napoli;E906;15;263;63;41;63041;Sud;Campania;Napoli;3;63041;63041;63041;ITF;ITF3;ITF33;ITF;ITF3;ITF33;
Mariglianella;E954;15;263;63;42;63042;Sud;Campania;Napoli;3;63042;63042;63042;ITF;ITF3;ITF33;ITF;ITF3;ITF33;
Marigliano;E955;15;263;63;43;63043;Sud;Campania;Napoli;3;63043;63043;63043;ITF;ITF3;ITF33;ITF;ITF3;ITF33;
Massa Lubrense;F030;15;263;63;44;63044;Sud;Campania;Napoli;3;63044;63044;63044;ITF;ITF3;ITF33;ITF;ITF3;ITF33;
Melito di Napoli;F111;15;263;63;45;63045;Sud;Campania;Napoli;3;63045;63045;63045;ITF;ITF3;ITF33;ITF;ITF3;ITF33;
Meta;F162;15;263;63;46;63046;Sud;Campania;Napoli;3;63046;63046;63046;ITF;ITF3;ITF33;ITF;ITF3;ITF33;
Monte di Procida;F488;15;263;63;47;63047;Sud;Campania;Napoli;3;63047;63047;63047;ITF;ITF3;ITF33;ITF;ITF3;ITF33;
Mugnano di Napoli;F799;15;263;63;48;63048;Sud;Campania;Napoli;3;63048;63048;63048;ITF;ITF3;ITF33;ITF;ITF3;ITF33;
Napoli;F839;15;263;63;49;63049;Sud;Campania;Napoli;3;63049;63049;63049;ITF;ITF3;ITF33;ITF;ITF3;ITF33;
Nola;F924;15;263;63;50;63050;Sud;Campania;Napoli;3;63050;63050;63050;ITF;ITF3;ITF33;ITF;ITF3;ITF33;
Ottaviano;G190;15;263;63;51;63051;Sud;Campania;Napoli;3;63051;63051;63051;ITF;ITF3;ITF33;ITF;ITF3;ITF33;
Palma Campania;G283;15;263;63;52;63052;Sud;Campania;Napoli;3;63052;63052;63052;ITF;ITF3;ITF33;ITF;ITF3;ITF33;
Piano di Sorrento;G568;15;263;63;53;63053;Sud;Campania;Napoli;3;63053;63053;63053;ITF;ITF3;ITF33;ITF;ITF3;ITF33;
Pimonte;G670;15;263;63;54;63054;Sud;Campania;Napoli;3;63054;63054;63054;ITF;ITF3;ITF33;ITF;ITF3;ITF33;
Poggiomarino;G762;15;263;63;55;63055;Sud;Campania;Napoli;3;63055;63055;63055;ITF;ITF3;ITF33;ITF;ITF3;ITF33;
Pollena Trocchia;G795;15;263;63;56;63056;Sud;Campania;Napoli;3;63056;63056;63056;ITF;ITF3;ITF33;ITF;ITF3;ITF33;
Pomigliano d'Arco;G812;15;263;63;57;63057;Sud;Campania;Napoli;3;63057;63057;63057;ITF;ITF3;ITF33;ITF;ITF3;ITF33;
Pompei;G813;15;263;63;58;63058;Sud;Campania;Napoli;3;63058;63058;63058;ITF;ITF3;ITF33;ITF;ITF3;ITF33;
Portici;G902;15;263;63;59;63059;Sud;Campania;Napoli;3;63059;63059;63059;ITF;ITF3;ITF33;ITF;ITF3;ITF33;
Pozzuoli;G964;15;263;63;60;63060;Sud;Campania;Napoli;3;63060;63060;63060;ITF;ITF3;ITF33;ITF;ITF3;ITF33;
Procida;H072;15;263;63;61;63061;Sud;Campania;Napoli;3;63061;63061;63061;ITF;ITF3;ITF33;ITF;ITF3;ITF33;
Qualiano;H101;15;263;63;62;63062;Sud;Campania;Napoli;3;63062;63062;63062;ITF;ITF3;ITF33;ITF;ITF3;ITF33;
Quarto;H114;15;263;63;63;63063;Sud;Campania;Napoli;3;63063;63063;63063;ITF;ITF3;ITF33;ITF;ITF3;ITF33;
Ercolano;H243;15;263;63;64;63064;Sud;Campania;Napoli;3;63064;63064;63064;ITF;ITF3;ITF33;ITF;ITF3;ITF33;
Roccarainola;H433;15;263;63;65;63065;Sud;Campania;Napoli;3;63065;63065;63065;ITF;ITF3;ITF33;ITF;ITF3;ITF33;
San Gennaro Vesuviano;H860;15;263;63;66;63066;Sud;Campania;Napoli;3;63066;63066;63066;ITF;ITF3;ITF33;ITF;ITF3;ITF33;
San Giorgio a Cremano;H892;15;263;63;67;63067;Sud;Campania;Napoli;3;63067;63067;63067;ITF;ITF3;ITF33;ITF;ITF3;ITF33;
San Giuseppe Vesuviano;H931;15;263;63;68;63068;Sud;Campania;Napoli;3;63068;63068;63068;ITF;ITF3;ITF33;ITF;ITF3;ITF33;
San Paolo Bel Sito;I073;15;263;63;69;63069;Sud;Campania;Napoli;3;63069;63069;63069;ITF;ITF3;ITF33;ITF;ITF3;ITF33;
San Sebastiano al Vesuvio;I151;15;263;63;70;63070;Sud;Campania;Napoli;3;63070;63070;63070;ITF;ITF3;ITF33;ITF;ITF3;ITF33;
Sant'Agnello;I208;15;263;63;71;63071;Sud;Campania;Napoli;3;63071;63071;63071;ITF;ITF3;ITF33;ITF;ITF3;ITF33;
Sant'Anastasia;I262;15;263;63;72;63072;Sud;Campania;Napoli;3;63072;63072;63072;ITF;ITF3;ITF33;ITF;ITF3;ITF33;
Sant'Antimo;I293;15;263;63;73;63073;Sud;Campania;Napoli;3;63073;63073;63073;ITF;ITF3;ITF33;ITF;ITF3;ITF33;
Sant'Antonio Abate;I300;15;263;63;74;63074;Sud;Campania;Napoli;3;63074;63074;63074;ITF;ITF3;ITF33;ITF;ITF3;ITF33;
San Vitaliano;I391;15;263;63;75;63075;Sud;Campania;Napoli;3;63075;63075;63075;ITF;ITF3;ITF33;ITF;ITF3;ITF33;
Saviano;I469;15;263;63;76;63076;Sud;Campania;Napoli;3;63076;63076;63076;ITF;ITF3;ITF33;ITF;ITF3;ITF33;
Scisciano;I540;15;263;63;77;63077;Sud;Campania;Napoli;3;63077;63077;63077;ITF;ITF3;ITF33;ITF;ITF3;ITF33;
Serrara Fontana;I652;15;263;63;78;63078;Sud;Campania;Napoli;3;63078;63078;63078;ITF;ITF3;ITF33;ITF;ITF3;ITF33;
Somma Vesuviana;I820;15;263;63;79;63079;Sud;Campania;Napoli;3;63079;63079;63079;ITF;ITF3;ITF33;ITF;ITF3;ITF33;
Sorrento;I862;15;263;63;80;63080;Sud;Campania;Napoli;3;63080;63080;63080;ITF;ITF3;ITF33;ITF;ITF3;ITF33;
Striano;I978;15;263;63;81;63081;Sud;Campania;Napoli;3;63081;63081;63081;ITF;ITF3;ITF33;ITF;ITF3;ITF33;
Terzigno;L142;15;263;63;82;63082;Sud;Campania;Napoli;3;63082;63082;63082;ITF;ITF3;ITF33;ITF;ITF3;ITF33;
Torre Annunziata;L245;15;263;63;83;63083;Sud;Campania;Napoli;3;63083;63083;63083;ITF;ITF3;ITF33;ITF;ITF3;ITF33;
Torre del Greco;L259;15;263;63;84;63084;Sud;Campania;Napoli;3;63084;63084;63084;ITF;ITF3;ITF33;ITF;ITF3;ITF33;
Tufino;L460;15;263;63;85;63085;Sud;Campania;Napoli;3;63085;63085;63085;ITF;ITF3;ITF33;ITF;ITF3;ITF33;
Vico Equense;L845;15;263;63;86;63086;Sud;Campania;Napoli;3;63086;63086;63086;ITF;ITF3;ITF33;ITF;ITF3;ITF33;
Villaricca;G309;15;263;63;87;63087;Sud;Campania;Napoli;3;63087;63087;63087;ITF;ITF3;ITF33;ITF;ITF3;ITF33;
Visciano;M072;15;263;63;88;63088;Sud;Campania;Napoli;3;63088;63088;63088;ITF;ITF3;ITF33;ITF;ITF3;ITF33;
Volla;M115;15;263;63;89;63089;Sud;Campania;Napoli;3;63089;63089;63089;ITF;ITF3;ITF33;ITF;ITF3;ITF33;
Santa Maria la Carit‡;M273;15;263;63;90;63090;Sud;Campania;Napoli;3;63090;63090;63090;ITF;ITF3;ITF33;ITF;ITF3;ITF33;
Trecase;M280;15;263;63;91;63091;Sud;Campania;Napoli;3;63091;63091;63091;ITF;ITF3;ITF33;ITF;ITF3;ITF33;
Massa di Somma;M289;15;263;63;92;63092;Sud;Campania;Napoli;3;63092;63092;63092;ITF;ITF3;ITF33;ITF;ITF3;ITF33;
Aiello del Sabato;A101;15;64;64;1;64001;Sud;Campania;Avellino;1;64001;64001;64001;ITF;ITF3;ITF34;ITF;ITF3;ITF34;
Altavilla Irpina;A228;15;64;64;2;64002;Sud;Campania;Avellino;1;64002;64002;64002;ITF;ITF3;ITF34;ITF;ITF3;ITF34;
Andretta;A284;15;64;64;3;64003;Sud;Campania;Avellino;1;64003;64003;64003;ITF;ITF3;ITF34;ITF;ITF3;ITF34;
Aquilonia;A347;15;64;64;4;64004;Sud;Campania;Avellino;1;64004;64004;64004;ITF;ITF3;ITF34;ITF;ITF3;ITF34;
Ariano Irpino;A399;15;64;64;5;64005;Sud;Campania;Avellino;1;64005;64005;64005;ITF;ITF3;ITF34;ITF;ITF3;ITF34;
Atripalda;A489;15;64;64;6;64006;Sud;Campania;Avellino;1;64006;64006;64006;ITF;ITF3;ITF34;ITF;ITF3;ITF34;
Avella;A508;15;64;64;7;64007;Sud;Campania;Avellino;1;64007;64007;64007;ITF;ITF3;ITF34;ITF;ITF3;ITF34;
Avellino;A509;15;64;64;8;64008;Sud;Campania;Avellino;1;64008;64008;64008;ITF;ITF3;ITF34;ITF;ITF3;ITF34;
Bagnoli Irpino;A566;15;64;64;9;64009;Sud;Campania;Avellino;1;64009;64009;64009;ITF;ITF3;ITF34;ITF;ITF3;ITF34;
Baiano;A580;15;64;64;10;64010;Sud;Campania;Avellino;1;64010;64010;64010;ITF;ITF3;ITF34;ITF;ITF3;ITF34;
Bisaccia;A881;15;64;64;11;64011;Sud;Campania;Avellino;1;64011;64011;64011;ITF;ITF3;ITF34;ITF;ITF3;ITF34;
Bonito;A975;15;64;64;12;64012;Sud;Campania;Avellino;1;64012;64012;64012;ITF;ITF3;ITF34;ITF;ITF3;ITF34;
Cairano;B367;15;64;64;13;64013;Sud;Campania;Avellino;1;64013;64013;64013;ITF;ITF3;ITF34;ITF;ITF3;ITF34;
Calabritto;B374;15;64;64;14;64014;Sud;Campania;Avellino;1;64014;64014;64014;ITF;ITF3;ITF34;ITF;ITF3;ITF34;
Calitri;B415;15;64;64;15;64015;Sud;Campania;Avellino;1;64015;64015;64015;ITF;ITF3;ITF34;ITF;ITF3;ITF34;
Candida;B590;15;64;64;16;64016;Sud;Campania;Avellino;1;64016;64016;64016;ITF;ITF3;ITF34;ITF;ITF3;ITF34;
Caposele;B674;15;64;64;17;64017;Sud;Campania;Avellino;1;64017;64017;64017;ITF;ITF3;ITF34;ITF;ITF3;ITF34;
Capriglia Irpina;B706;15;64;64;18;64018;Sud;Campania;Avellino;1;64018;64018;64018;ITF;ITF3;ITF34;ITF;ITF3;ITF34;
Carife;B776;15;64;64;19;64019;Sud;Campania;Avellino;1;64019;64019;64019;ITF;ITF3;ITF34;ITF;ITF3;ITF34;
Casalbore;B866;15;64;64;20;64020;Sud;Campania;Avellino;1;64020;64020;64020;ITF;ITF3;ITF34;ITF;ITF3;ITF34;
Cassano Irpino;B997;15;64;64;21;64021;Sud;Campania;Avellino;1;64021;64021;64021;ITF;ITF3;ITF34;ITF;ITF3;ITF34;
Castel Baronia;C058;15;64;64;22;64022;Sud;Campania;Avellino;1;64022;64022;64022;ITF;ITF3;ITF34;ITF;ITF3;ITF34;
Castelfranci;C105;15;64;64;23;64023;Sud;Campania;Avellino;1;64023;64023;64023;ITF;ITF3;ITF34;ITF;ITF3;ITF34;
Castelvetere sul Calore;C283;15;64;64;24;64024;Sud;Campania;Avellino;1;64024;64024;64024;ITF;ITF3;ITF34;ITF;ITF3;ITF34;
Cervinara;C557;15;64;64;25;64025;Sud;Campania;Avellino;1;64025;64025;64025;ITF;ITF3;ITF34;ITF;ITF3;ITF34;
Cesinali;C576;15;64;64;26;64026;Sud;Campania;Avellino;1;64026;64026;64026;ITF;ITF3;ITF34;ITF;ITF3;ITF34;
Chianche;C606;15;64;64;27;64027;Sud;Campania;Avellino;1;64027;64027;64027;ITF;ITF3;ITF34;ITF;ITF3;ITF34;
Chiusano di San Domenico;C659;15;64;64;28;64028;Sud;Campania;Avellino;1;64028;64028;64028;ITF;ITF3;ITF34;ITF;ITF3;ITF34;
Contrada;C971;15;64;64;29;64029;Sud;Campania;Avellino;1;64029;64029;64029;ITF;ITF3;ITF34;ITF;ITF3;ITF34;
Conza della Campania;C976;15;64;64;30;64030;Sud;Campania;Avellino;1;64030;64030;64030;ITF;ITF3;ITF34;ITF;ITF3;ITF34;
Domicella;D331;15;64;64;31;64031;Sud;Campania;Avellino;1;64031;64031;64031;ITF;ITF3;ITF34;ITF;ITF3;ITF34;
Flumeri;D638;15;64;64;32;64032;Sud;Campania;Avellino;1;64032;64032;64032;ITF;ITF3;ITF34;ITF;ITF3;ITF34;
Fontanarosa;D671;15;64;64;33;64033;Sud;Campania;Avellino;1;64033;64033;64033;ITF;ITF3;ITF34;ITF;ITF3;ITF34;
Forino;D701;15;64;64;34;64034;Sud;Campania;Avellino;1;64034;64034;64034;ITF;ITF3;ITF34;ITF;ITF3;ITF34;
Frigento;D798;15;64;64;35;64035;Sud;Campania;Avellino;1;64035;64035;64035;ITF;ITF3;ITF34;ITF;ITF3;ITF34;
Gesualdo;D998;15;64;64;36;64036;Sud;Campania;Avellino;1;64036;64036;64036;ITF;ITF3;ITF34;ITF;ITF3;ITF34;
Greci;E161;15;64;64;37;64037;Sud;Campania;Avellino;1;64037;64037;64037;ITF;ITF3;ITF34;ITF;ITF3;ITF34;
Grottaminarda;E206;15;64;64;38;64038;Sud;Campania;Avellino;1;64038;64038;64038;ITF;ITF3;ITF34;ITF;ITF3;ITF34;
Grottolella;E214;15;64;64;39;64039;Sud;Campania;Avellino;1;64039;64039;64039;ITF;ITF3;ITF34;ITF;ITF3;ITF34;
Guardia Lombardi;E245;15;64;64;40;64040;Sud;Campania;Avellino;1;64040;64040;64040;ITF;ITF3;ITF34;ITF;ITF3;ITF34;
Lacedonia;E397;15;64;64;41;64041;Sud;Campania;Avellino;1;64041;64041;64041;ITF;ITF3;ITF34;ITF;ITF3;ITF34;
Lapio;E448;15;64;64;42;64042;Sud;Campania;Avellino;1;64042;64042;64042;ITF;ITF3;ITF34;ITF;ITF3;ITF34;
Lauro;E487;15;64;64;43;64043;Sud;Campania;Avellino;1;64043;64043;64043;ITF;ITF3;ITF34;ITF;ITF3;ITF34;
Lioni;E605;15;64;64;44;64044;Sud;Campania;Avellino;1;64044;64044;64044;ITF;ITF3;ITF34;ITF;ITF3;ITF34;
Luogosano;E746;15;64;64;45;64045;Sud;Campania;Avellino;1;64045;64045;64045;ITF;ITF3;ITF34;ITF;ITF3;ITF34;
Manocalzati;E891;15;64;64;46;64046;Sud;Campania;Avellino;1;64046;64046;64046;ITF;ITF3;ITF34;ITF;ITF3;ITF34;
Marzano di Nola;E997;15;64;64;47;64047;Sud;Campania;Avellino;1;64047;64047;64047;ITF;ITF3;ITF34;ITF;ITF3;ITF34;
Melito Irpino;F110;15;64;64;48;64048;Sud;Campania;Avellino;1;64048;64048;64048;ITF;ITF3;ITF34;ITF;ITF3;ITF34;
Mercogliano;F141;15;64;64;49;64049;Sud;Campania;Avellino;1;64049;64049;64049;ITF;ITF3;ITF34;ITF;ITF3;ITF34;
Mirabella Eclano;F230;15;64;64;50;64050;Sud;Campania;Avellino;1;64050;64050;64050;ITF;ITF3;ITF34;ITF;ITF3;ITF34;
Montaguto;F397;15;64;64;51;64051;Sud;Campania;Avellino;1;64051;64051;64051;ITF;ITF3;ITF34;ITF;ITF3;ITF34;
Montecalvo Irpino;F448;15;64;64;52;64052;Sud;Campania;Avellino;1;64052;64052;64052;ITF;ITF3;ITF34;ITF;ITF3;ITF34;
Montefalcione;F491;15;64;64;53;64053;Sud;Campania;Avellino;1;64053;64053;64053;ITF;ITF3;ITF34;ITF;ITF3;ITF34;
Monteforte Irpino;F506;15;64;64;54;64054;Sud;Campania;Avellino;1;64054;64054;64054;ITF;ITF3;ITF34;ITF;ITF3;ITF34;
Montefredane;F511;15;64;64;55;64055;Sud;Campania;Avellino;1;64055;64055;64055;ITF;ITF3;ITF34;ITF;ITF3;ITF34;
Montefusco;F512;15;64;64;56;64056;Sud;Campania;Avellino;1;64056;64056;64056;ITF;ITF3;ITF34;ITF;ITF3;ITF34;
Montella;F546;15;64;64;57;64057;Sud;Campania;Avellino;1;64057;64057;64057;ITF;ITF3;ITF34;ITF;ITF3;ITF34;
Montemarano;F559;15;64;64;58;64058;Sud;Campania;Avellino;1;64058;64058;64058;ITF;ITF3;ITF34;ITF;ITF3;ITF34;
Montemiletto;F566;15;64;64;59;64059;Sud;Campania;Avellino;1;64059;64059;64059;ITF;ITF3;ITF34;ITF;ITF3;ITF34;
Monteverde;F660;15;64;64;60;64060;Sud;Campania;Avellino;1;64060;64060;64060;ITF;ITF3;ITF34;ITF;ITF3;ITF34;
Morra De Sanctis;F744;15;64;64;63;64063;Sud;Campania;Avellino;1;64063;64063;64063;ITF;ITF3;ITF34;ITF;ITF3;ITF34;
Moschiano;F762;15;64;64;64;64064;Sud;Campania;Avellino;1;64064;64064;64064;ITF;ITF3;ITF34;ITF;ITF3;ITF34;
Mugnano del Cardinale;F798;15;64;64;65;64065;Sud;Campania;Avellino;1;64065;64065;64065;ITF;ITF3;ITF34;ITF;ITF3;ITF34;
Nusco;F988;15;64;64;66;64066;Sud;Campania;Avellino;1;64066;64066;64066;ITF;ITF3;ITF34;ITF;ITF3;ITF34;
Ospedaletto d'Alpinolo;G165;15;64;64;67;64067;Sud;Campania;Avellino;1;64067;64067;64067;ITF;ITF3;ITF34;ITF;ITF3;ITF34;
Pago del Vallo di Lauro;G242;15;64;64;68;64068;Sud;Campania;Avellino;1;64068;64068;64068;ITF;ITF3;ITF34;ITF;ITF3;ITF34;
Parolise;G340;15;64;64;69;64069;Sud;Campania;Avellino;1;64069;64069;64069;ITF;ITF3;ITF34;ITF;ITF3;ITF34;
Paternopoli;G370;15;64;64;70;64070;Sud;Campania;Avellino;1;64070;64070;64070;ITF;ITF3;ITF34;ITF;ITF3;ITF34;
Petruro Irpino;G519;15;64;64;71;64071;Sud;Campania;Avellino;1;64071;64071;64071;ITF;ITF3;ITF34;ITF;ITF3;ITF34;
Pietradefusi;G611;15;64;64;72;64072;Sud;Campania;Avellino;1;64072;64072;64072;ITF;ITF3;ITF34;ITF;ITF3;ITF34;
Pietrastornina;G629;15;64;64;73;64073;Sud;Campania;Avellino;1;64073;64073;64073;ITF;ITF3;ITF34;ITF;ITF3;ITF34;
Prata di Principato Ultra;G990;15;64;64;74;64074;Sud;Campania;Avellino;1;64074;64074;64074;ITF;ITF3;ITF34;ITF;ITF3;ITF34;
Pratola Serra;H006;15;64;64;75;64075;Sud;Campania;Avellino;1;64075;64075;64075;ITF;ITF3;ITF34;ITF;ITF3;ITF34;
Quadrelle;H097;15;64;64;76;64076;Sud;Campania;Avellino;1;64076;64076;64076;ITF;ITF3;ITF34;ITF;ITF3;ITF34;
Quindici;H128;15;64;64;77;64077;Sud;Campania;Avellino;1;64077;64077;64077;ITF;ITF3;ITF34;ITF;ITF3;ITF34;
Roccabascerana;H382;15;64;64;78;64078;Sud;Campania;Avellino;1;64078;64078;64078;ITF;ITF3;ITF34;ITF;ITF3;ITF34;
Rocca San Felice;H438;15;64;64;79;64079;Sud;Campania;Avellino;1;64079;64079;64079;ITF;ITF3;ITF34;ITF;ITF3;ITF34;
Rotondi;H592;15;64;64;80;64080;Sud;Campania;Avellino;1;64080;64080;64080;ITF;ITF3;ITF34;ITF;ITF3;ITF34;
Salza Irpina;H733;15;64;64;81;64081;Sud;Campania;Avellino;1;64081;64081;64081;ITF;ITF3;ITF34;ITF;ITF3;ITF34;
San Mango sul Calore;H975;15;64;64;82;64082;Sud;Campania;Avellino;1;64082;64082;64082;ITF;ITF3;ITF34;ITF;ITF3;ITF34;
San Martino Valle Caudina;I016;15;64;64;83;64083;Sud;Campania;Avellino;1;64083;64083;64083;ITF;ITF3;ITF34;ITF;ITF3;ITF34;
San Michele di Serino;I034;15;64;64;84;64084;Sud;Campania;Avellino;1;64084;64084;64084;ITF;ITF3;ITF34;ITF;ITF3;ITF34;
San Nicola Baronia;I061;15;64;64;85;64085;Sud;Campania;Avellino;1;64085;64085;64085;ITF;ITF3;ITF34;ITF;ITF3;ITF34;
San Potito Ultra;I129;15;64;64;86;64086;Sud;Campania;Avellino;1;64086;64086;64086;ITF;ITF3;ITF34;ITF;ITF3;ITF34;
San Sossio Baronia;I163;15;64;64;87;64087;Sud;Campania;Avellino;1;64087;64087;64087;ITF;ITF3;ITF34;ITF;ITF3;ITF34;
Santa Lucia di Serino;I219;15;64;64;88;64088;Sud;Campania;Avellino;1;64088;64088;64088;ITF;ITF3;ITF34;ITF;ITF3;ITF34;
Sant'Andrea di Conza;I264;15;64;64;89;64089;Sud;Campania;Avellino;1;64089;64089;64089;ITF;ITF3;ITF34;ITF;ITF3;ITF34;
Sant'Angelo all'Esca;I279;15;64;64;90;64090;Sud;Campania;Avellino;1;64090;64090;64090;ITF;ITF3;ITF34;ITF;ITF3;ITF34;
Sant'Angelo a Scala;I280;15;64;64;91;64091;Sud;Campania;Avellino;1;64091;64091;64091;ITF;ITF3;ITF34;ITF;ITF3;ITF34;
Sant'Angelo dei Lombardi;I281;15;64;64;92;64092;Sud;Campania;Avellino;1;64092;64092;64092;ITF;ITF3;ITF34;ITF;ITF3;ITF34;
Santa Paolina;I301;15;64;64;93;64093;Sud;Campania;Avellino;1;64093;64093;64093;ITF;ITF3;ITF34;ITF;ITF3;ITF34;
Santo Stefano del Sole;I357;15;64;64;95;64095;Sud;Campania;Avellino;1;64095;64095;64095;ITF;ITF3;ITF34;ITF;ITF3;ITF34;
Savignano Irpino;I471;15;64;64;96;64096;Sud;Campania;Avellino;1;64096;64096;64096;ITF;ITF3;ITF34;ITF;ITF3;ITF34;
Scampitella;I493;15;64;64;97;64097;Sud;Campania;Avellino;1;64097;64097;64097;ITF;ITF3;ITF34;ITF;ITF3;ITF34;
Senerchia;I606;15;64;64;98;64098;Sud;Campania;Avellino;1;64098;64098;64098;ITF;ITF3;ITF34;ITF;ITF3;ITF34;
Serino;I630;15;64;64;99;64099;Sud;Campania;Avellino;1;64099;64099;64099;ITF;ITF3;ITF34;ITF;ITF3;ITF34;
Sirignano;I756;15;64;64;100;64100;Sud;Campania;Avellino;1;64100;64100;64100;ITF;ITF3;ITF34;ITF;ITF3;ITF34;
Solofra;I805;15;64;64;101;64101;Sud;Campania;Avellino;1;64101;64101;64101;ITF;ITF3;ITF34;ITF;ITF3;ITF34;
Sorbo Serpico;I843;15;64;64;102;64102;Sud;Campania;Avellino;1;64102;64102;64102;ITF;ITF3;ITF34;ITF;ITF3;ITF34;
Sperone;I893;15;64;64;103;64103;Sud;Campania;Avellino;1;64103;64103;64103;ITF;ITF3;ITF34;ITF;ITF3;ITF34;
Sturno;I990;15;64;64;104;64104;Sud;Campania;Avellino;1;64104;64104;64104;ITF;ITF3;ITF34;ITF;ITF3;ITF34;
Summonte;L004;15;64;64;105;64105;Sud;Campania;Avellino;1;64105;64105;64105;ITF;ITF3;ITF34;ITF;ITF3;ITF34;
Taurano;L061;15;64;64;106;64106;Sud;Campania;Avellino;1;64106;64106;64106;ITF;ITF3;ITF34;ITF;ITF3;ITF34;
Taurasi;L062;15;64;64;107;64107;Sud;Campania;Avellino;1;64107;64107;64107;ITF;ITF3;ITF34;ITF;ITF3;ITF34;
Teora;L102;15;64;64;108;64108;Sud;Campania;Avellino;1;64108;64108;64108;ITF;ITF3;ITF34;ITF;ITF3;ITF34;
Torella dei Lombardi;L214;15;64;64;109;64109;Sud;Campania;Avellino;1;64109;64109;64109;ITF;ITF3;ITF34;ITF;ITF3;ITF34;
Torre Le Nocelle;L272;15;64;64;110;64110;Sud;Campania;Avellino;1;64110;64110;64110;ITF;ITF3;ITF34;ITF;ITF3;ITF34;
Torrioni;L301;15;64;64;111;64111;Sud;Campania;Avellino;1;64111;64111;64111;ITF;ITF3;ITF34;ITF;ITF3;ITF34;
Trevico;L399;15;64;64;112;64112;Sud;Campania;Avellino;1;64112;64112;64112;ITF;ITF3;ITF34;ITF;ITF3;ITF34;
Tufo;L461;15;64;64;113;64113;Sud;Campania;Avellino;1;64113;64113;64113;ITF;ITF3;ITF34;ITF;ITF3;ITF34;
Vallata;L589;15;64;64;114;64114;Sud;Campania;Avellino;1;64114;64114;64114;ITF;ITF3;ITF34;ITF;ITF3;ITF34;
Vallesaccarda;L616;15;64;64;115;64115;Sud;Campania;Avellino;1;64115;64115;64115;ITF;ITF3;ITF34;ITF;ITF3;ITF34;
Venticano;L739;15;64;64;116;64116;Sud;Campania;Avellino;1;64116;64116;64116;ITF;ITF3;ITF34;ITF;ITF3;ITF34;
Villamaina;L965;15;64;64;117;64117;Sud;Campania;Avellino;1;64117;64117;64117;ITF;ITF3;ITF34;ITF;ITF3;ITF34;
Villanova del Battista;L973;15;64;64;118;64118;Sud;Campania;Avellino;1;64118;64118;64118;ITF;ITF3;ITF34;ITF;ITF3;ITF34;
Volturara Irpina;M130;15;64;64;119;64119;Sud;Campania;Avellino;1;64119;64119;64119;ITF;ITF3;ITF34;ITF;ITF3;ITF34;
Zungoli;M203;15;64;64;120;64120;Sud;Campania;Avellino;1;64120;64120;64120;ITF;ITF3;ITF34;ITF;ITF3;ITF34;
Montoro;M330;15;64;64;121;64121;Sud;Campania;Avellino;1;64121;64121;64121;ITF;ITF3;ITF34;ITF;ITF3;ITF34;
Acerno;A023;15;65;65;1;65001;Sud;Campania;Salerno;1;65001;65001;65001;ITF;ITF3;ITF35;ITF;ITF3;ITF35;
Agropoli;A091;15;65;65;2;65002;Sud;Campania;Salerno;1;65002;65002;65002;ITF;ITF3;ITF35;ITF;ITF3;ITF35;
Albanella;A128;15;65;65;3;65003;Sud;Campania;Salerno;1;65003;65003;65003;ITF;ITF3;ITF35;ITF;ITF3;ITF35;
Alfano;A186;15;65;65;4;65004;Sud;Campania;Salerno;1;65004;65004;65004;ITF;ITF3;ITF35;ITF;ITF3;ITF35;
Altavilla Silentina;A230;15;65;65;5;65005;Sud;Campania;Salerno;1;65005;65005;65005;ITF;ITF3;ITF35;ITF;ITF3;ITF35;
Amalfi;A251;15;65;65;6;65006;Sud;Campania;Salerno;1;65006;65006;65006;ITF;ITF3;ITF35;ITF;ITF3;ITF35;
Angri;A294;15;65;65;7;65007;Sud;Campania;Salerno;1;65007;65007;65007;ITF;ITF3;ITF35;ITF;ITF3;ITF35;
Aquara;A343;15;65;65;8;65008;Sud;Campania;Salerno;1;65008;65008;65008;ITF;ITF3;ITF35;ITF;ITF3;ITF35;
Ascea;A460;15;65;65;9;65009;Sud;Campania;Salerno;1;65009;65009;65009;ITF;ITF3;ITF35;ITF;ITF3;ITF35;
Atena Lucana;A484;15;65;65;10;65010;Sud;Campania;Salerno;1;65010;65010;65010;ITF;ITF3;ITF35;ITF;ITF3;ITF35;
Atrani;A487;15;65;65;11;65011;Sud;Campania;Salerno;1;65011;65011;65011;ITF;ITF3;ITF35;ITF;ITF3;ITF35;
Auletta;A495;15;65;65;12;65012;Sud;Campania;Salerno;1;65012;65012;65012;ITF;ITF3;ITF35;ITF;ITF3;ITF35;
Baronissi;A674;15;65;65;13;65013;Sud;Campania;Salerno;1;65013;65013;65013;ITF;ITF3;ITF35;ITF;ITF3;ITF35;
Battipaglia;A717;15;65;65;14;65014;Sud;Campania;Salerno;1;65014;65014;65014;ITF;ITF3;ITF35;ITF;ITF3;ITF35;
Bellosguardo;A756;15;65;65;15;65015;Sud;Campania;Salerno;1;65015;65015;65015;ITF;ITF3;ITF35;ITF;ITF3;ITF35;
Bracigliano;B115;15;65;65;16;65016;Sud;Campania;Salerno;1;65016;65016;65016;ITF;ITF3;ITF35;ITF;ITF3;ITF35;
Buccino;B242;15;65;65;17;65017;Sud;Campania;Salerno;1;65017;65017;65017;ITF;ITF3;ITF35;ITF;ITF3;ITF35;
Buonabitacolo;B266;15;65;65;18;65018;Sud;Campania;Salerno;1;65018;65018;65018;ITF;ITF3;ITF35;ITF;ITF3;ITF35;
Caggiano;B351;15;65;65;19;65019;Sud;Campania;Salerno;1;65019;65019;65019;ITF;ITF3;ITF35;ITF;ITF3;ITF35;
Calvanico;B437;15;65;65;20;65020;Sud;Campania;Salerno;1;65020;65020;65020;ITF;ITF3;ITF35;ITF;ITF3;ITF35;
Camerota;B476;15;65;65;21;65021;Sud;Campania;Salerno;1;65021;65021;65021;ITF;ITF3;ITF35;ITF;ITF3;ITF35;
Campagna;B492;15;65;65;22;65022;Sud;Campania;Salerno;1;65022;65022;65022;ITF;ITF3;ITF35;ITF;ITF3;ITF35;
Campora;B555;15;65;65;23;65023;Sud;Campania;Salerno;1;65023;65023;65023;ITF;ITF3;ITF35;ITF;ITF3;ITF35;
Cannalonga;B608;15;65;65;24;65024;Sud;Campania;Salerno;1;65024;65024;65024;ITF;ITF3;ITF35;ITF;ITF3;ITF35;
Capaccio Paestum;B644;15;65;65;25;65025;Sud;Campania;Salerno;1;65025;65025;65025;ITF;ITF3;ITF35;ITF;ITF3;ITF35;
Casalbuono;B868;15;65;65;26;65026;Sud;Campania;Salerno;1;65026;65026;65026;ITF;ITF3;ITF35;ITF;ITF3;ITF35;
Casaletto Spartano;B888;15;65;65;27;65027;Sud;Campania;Salerno;1;65027;65027;65027;ITF;ITF3;ITF35;ITF;ITF3;ITF35;
Casal Velino;B895;15;65;65;28;65028;Sud;Campania;Salerno;1;65028;65028;65028;ITF;ITF3;ITF35;ITF;ITF3;ITF35;
Caselle in Pittari;B959;15;65;65;29;65029;Sud;Campania;Salerno;1;65029;65029;65029;ITF;ITF3;ITF35;ITF;ITF3;ITF35;
Castelcivita;C069;15;65;65;30;65030;Sud;Campania;Salerno;1;65030;65030;65030;ITF;ITF3;ITF35;ITF;ITF3;ITF35;
Castellabate;C125;15;65;65;31;65031;Sud;Campania;Salerno;1;65031;65031;65031;ITF;ITF3;ITF35;ITF;ITF3;ITF35;
Castelnuovo Cilento;C231;15;65;65;32;65032;Sud;Campania;Salerno;1;65032;65032;65032;ITF;ITF3;ITF35;ITF;ITF3;ITF35;
Castelnuovo di Conza;C235;15;65;65;33;65033;Sud;Campania;Salerno;1;65033;65033;65033;ITF;ITF3;ITF35;ITF;ITF3;ITF35;
Castel San Giorgio;C259;15;65;65;34;65034;Sud;Campania;Salerno;1;65034;65034;65034;ITF;ITF3;ITF35;ITF;ITF3;ITF35;
Castel San Lorenzo;C262;15;65;65;35;65035;Sud;Campania;Salerno;1;65035;65035;65035;ITF;ITF3;ITF35;ITF;ITF3;ITF35;
Castiglione del Genovesi;C306;15;65;65;36;65036;Sud;Campania;Salerno;1;65036;65036;65036;ITF;ITF3;ITF35;ITF;ITF3;ITF35;
Cava de' Tirreni;C361;15;65;65;37;65037;Sud;Campania;Salerno;1;65037;65037;65037;ITF;ITF3;ITF35;ITF;ITF3;ITF35;
Celle di Bulgheria;C444;15;65;65;38;65038;Sud;Campania;Salerno;1;65038;65038;65038;ITF;ITF3;ITF35;ITF;ITF3;ITF35;
Centola;C470;15;65;65;39;65039;Sud;Campania;Salerno;1;65039;65039;65039;ITF;ITF3;ITF35;ITF;ITF3;ITF35;
Ceraso;C485;15;65;65;40;65040;Sud;Campania;Salerno;1;65040;65040;65040;ITF;ITF3;ITF35;ITF;ITF3;ITF35;
Cetara;C584;15;65;65;41;65041;Sud;Campania;Salerno;1;65041;65041;65041;ITF;ITF3;ITF35;ITF;ITF3;ITF35;
Cicerale;C676;15;65;65;42;65042;Sud;Campania;Salerno;1;65042;65042;65042;ITF;ITF3;ITF35;ITF;ITF3;ITF35;
Colliano;C879;15;65;65;43;65043;Sud;Campania;Salerno;1;65043;65043;65043;ITF;ITF3;ITF35;ITF;ITF3;ITF35;
Conca dei Marini;C940;15;65;65;44;65044;Sud;Campania;Salerno;1;65044;65044;65044;ITF;ITF3;ITF35;ITF;ITF3;ITF35;
Controne;C973;15;65;65;45;65045;Sud;Campania;Salerno;1;65045;65045;65045;ITF;ITF3;ITF35;ITF;ITF3;ITF35;
Contursi Terme;C974;15;65;65;46;65046;Sud;Campania;Salerno;1;65046;65046;65046;ITF;ITF3;ITF35;ITF;ITF3;ITF35;
Corbara;C984;15;65;65;47;65047;Sud;Campania;Salerno;1;65047;65047;65047;ITF;ITF3;ITF35;ITF;ITF3;ITF35;
Corleto Monforte;D011;15;65;65;48;65048;Sud;Campania;Salerno;1;65048;65048;65048;ITF;ITF3;ITF35;ITF;ITF3;ITF35;
Cuccaro Vetere;D195;15;65;65;49;65049;Sud;Campania;Salerno;1;65049;65049;65049;ITF;ITF3;ITF35;ITF;ITF3;ITF35;
Eboli;D390;15;65;65;50;65050;Sud;Campania;Salerno;1;65050;65050;65050;ITF;ITF3;ITF35;ITF;ITF3;ITF35;
Felitto;D527;15;65;65;51;65051;Sud;Campania;Salerno;1;65051;65051;65051;ITF;ITF3;ITF35;ITF;ITF3;ITF35;
Fisciano;D615;15;65;65;52;65052;Sud;Campania;Salerno;1;65052;65052;65052;ITF;ITF3;ITF35;ITF;ITF3;ITF35;
Furore;D826;15;65;65;53;65053;Sud;Campania;Salerno;1;65053;65053;65053;ITF;ITF3;ITF35;ITF;ITF3;ITF35;
Futani;D832;15;65;65;54;65054;Sud;Campania;Salerno;1;65054;65054;65054;ITF;ITF3;ITF35;ITF;ITF3;ITF35;
Giffoni Sei Casali;E026;15;65;65;55;65055;Sud;Campania;Salerno;1;65055;65055;65055;ITF;ITF3;ITF35;ITF;ITF3;ITF35;
Giffoni Valle Piana;E027;15;65;65;56;65056;Sud;Campania;Salerno;1;65056;65056;65056;ITF;ITF3;ITF35;ITF;ITF3;ITF35;
Gioi;E037;15;65;65;57;65057;Sud;Campania;Salerno;1;65057;65057;65057;ITF;ITF3;ITF35;ITF;ITF3;ITF35;
Giungano;E060;15;65;65;58;65058;Sud;Campania;Salerno;1;65058;65058;65058;ITF;ITF3;ITF35;ITF;ITF3;ITF35;
Ispani;E365;15;65;65;59;65059;Sud;Campania;Salerno;1;65059;65059;65059;ITF;ITF3;ITF35;ITF;ITF3;ITF35;
Laureana Cilento;E480;15;65;65;60;65060;Sud;Campania;Salerno;1;65060;65060;65060;ITF;ITF3;ITF35;ITF;ITF3;ITF35;
Laurino;E485;15;65;65;61;65061;Sud;Campania;Salerno;1;65061;65061;65061;ITF;ITF3;ITF35;ITF;ITF3;ITF35;
Laurito;E486;15;65;65;62;65062;Sud;Campania;Salerno;1;65062;65062;65062;ITF;ITF3;ITF35;ITF;ITF3;ITF35;
Laviano;E498;15;65;65;63;65063;Sud;Campania;Salerno;1;65063;65063;65063;ITF;ITF3;ITF35;ITF;ITF3;ITF35;
Lustra;E767;15;65;65;64;65064;Sud;Campania;Salerno;1;65064;65064;65064;ITF;ITF3;ITF35;ITF;ITF3;ITF35;
Magliano Vetere;E814;15;65;65;65;65065;Sud;Campania;Salerno;1;65065;65065;65065;ITF;ITF3;ITF35;ITF;ITF3;ITF35;
Maiori;E839;15;65;65;66;65066;Sud;Campania;Salerno;1;65066;65066;65066;ITF;ITF3;ITF35;ITF;ITF3;ITF35;
Mercato San Severino;F138;15;65;65;67;65067;Sud;Campania;Salerno;1;65067;65067;65067;ITF;ITF3;ITF35;ITF;ITF3;ITF35;
Minori;F223;15;65;65;68;65068;Sud;Campania;Salerno;1;65068;65068;65068;ITF;ITF3;ITF35;ITF;ITF3;ITF35;
Moio della Civitella;F278;15;65;65;69;65069;Sud;Campania;Salerno;1;65069;65069;65069;ITF;ITF3;ITF35;ITF;ITF3;ITF35;
Montano Antilia;F426;15;65;65;70;65070;Sud;Campania;Salerno;1;65070;65070;65070;ITF;ITF3;ITF35;ITF;ITF3;ITF35;
Montecorice;F479;15;65;65;71;65071;Sud;Campania;Salerno;1;65071;65071;65071;ITF;ITF3;ITF35;ITF;ITF3;ITF35;
Montecorvino Pugliano;F480;15;65;65;72;65072;Sud;Campania;Salerno;1;65072;65072;65072;ITF;ITF3;ITF35;ITF;ITF3;ITF35;
Montecorvino Rovella;F481;15;65;65;73;65073;Sud;Campania;Salerno;1;65073;65073;65073;ITF;ITF3;ITF35;ITF;ITF3;ITF35;
Monteforte Cilento;F507;15;65;65;74;65074;Sud;Campania;Salerno;1;65074;65074;65074;ITF;ITF3;ITF35;ITF;ITF3;ITF35;
Monte San Giacomo;F618;15;65;65;75;65075;Sud;Campania;Salerno;1;65075;65075;65075;ITF;ITF3;ITF35;ITF;ITF3;ITF35;
Montesano sulla Marcellana;F625;15;65;65;76;65076;Sud;Campania;Salerno;1;65076;65076;65076;ITF;ITF3;ITF35;ITF;ITF3;ITF35;
Morigerati;F731;15;65;65;77;65077;Sud;Campania;Salerno;1;65077;65077;65077;ITF;ITF3;ITF35;ITF;ITF3;ITF35;
Nocera Inferiore;F912;15;65;65;78;65078;Sud;Campania;Salerno;1;65078;65078;65078;ITF;ITF3;ITF35;ITF;ITF3;ITF35;
Nocera Superiore;F913;15;65;65;79;65079;Sud;Campania;Salerno;1;65079;65079;65079;ITF;ITF3;ITF35;ITF;ITF3;ITF35;
Novi Velia;F967;15;65;65;80;65080;Sud;Campania;Salerno;1;65080;65080;65080;ITF;ITF3;ITF35;ITF;ITF3;ITF35;
Ogliastro Cilento;G011;15;65;65;81;65081;Sud;Campania;Salerno;1;65081;65081;65081;ITF;ITF3;ITF35;ITF;ITF3;ITF35;
Olevano sul Tusciano;G023;15;65;65;82;65082;Sud;Campania;Salerno;1;65082;65082;65082;ITF;ITF3;ITF35;ITF;ITF3;ITF35;
Oliveto Citra;G039;15;65;65;83;65083;Sud;Campania;Salerno;1;65083;65083;65083;ITF;ITF3;ITF35;ITF;ITF3;ITF35;
Omignano;G063;15;65;65;84;65084;Sud;Campania;Salerno;1;65084;65084;65084;ITF;ITF3;ITF35;ITF;ITF3;ITF35;
Orria;G121;15;65;65;85;65085;Sud;Campania;Salerno;1;65085;65085;65085;ITF;ITF3;ITF35;ITF;ITF3;ITF35;
Ottati;G192;15;65;65;86;65086;Sud;Campania;Salerno;1;65086;65086;65086;ITF;ITF3;ITF35;ITF;ITF3;ITF35;
Padula;G226;15;65;65;87;65087;Sud;Campania;Salerno;1;65087;65087;65087;ITF;ITF3;ITF35;ITF;ITF3;ITF35;
Pagani;G230;15;65;65;88;65088;Sud;Campania;Salerno;1;65088;65088;65088;ITF;ITF3;ITF35;ITF;ITF3;ITF35;
Palomonte;G292;15;65;65;89;65089;Sud;Campania;Salerno;1;65089;65089;65089;ITF;ITF3;ITF35;ITF;ITF3;ITF35;
Pellezzano;G426;15;65;65;90;65090;Sud;Campania;Salerno;1;65090;65090;65090;ITF;ITF3;ITF35;ITF;ITF3;ITF35;
Perdifumo;G447;15;65;65;91;65091;Sud;Campania;Salerno;1;65091;65091;65091;ITF;ITF3;ITF35;ITF;ITF3;ITF35;
Perito;G455;15;65;65;92;65092;Sud;Campania;Salerno;1;65092;65092;65092;ITF;ITF3;ITF35;ITF;ITF3;ITF35;
Pertosa;G476;15;65;65;93;65093;Sud;Campania;Salerno;1;65093;65093;65093;ITF;ITF3;ITF35;ITF;ITF3;ITF35;
Petina;G509;15;65;65;94;65094;Sud;Campania;Salerno;1;65094;65094;65094;ITF;ITF3;ITF35;ITF;ITF3;ITF35;
Piaggine;G538;15;65;65;95;65095;Sud;Campania;Salerno;1;65095;65095;65095;ITF;ITF3;ITF35;ITF;ITF3;ITF35;
Pisciotta;G707;15;65;65;96;65096;Sud;Campania;Salerno;1;65096;65096;65096;ITF;ITF3;ITF35;ITF;ITF3;ITF35;
Polla;G793;15;65;65;97;65097;Sud;Campania;Salerno;1;65097;65097;65097;ITF;ITF3;ITF35;ITF;ITF3;ITF35;
Pollica;G796;15;65;65;98;65098;Sud;Campania;Salerno;1;65098;65098;65098;ITF;ITF3;ITF35;ITF;ITF3;ITF35;
Pontecagnano Faiano;G834;15;65;65;99;65099;Sud;Campania;Salerno;1;65099;65099;65099;ITF;ITF3;ITF35;ITF;ITF3;ITF35;
Positano;G932;15;65;65;100;65100;Sud;Campania;Salerno;1;65100;65100;65100;ITF;ITF3;ITF35;ITF;ITF3;ITF35;
Postiglione;G939;15;65;65;101;65101;Sud;Campania;Salerno;1;65101;65101;65101;ITF;ITF3;ITF35;ITF;ITF3;ITF35;
Praiano;G976;15;65;65;102;65102;Sud;Campania;Salerno;1;65102;65102;65102;ITF;ITF3;ITF35;ITF;ITF3;ITF35;
Prignano Cilento;H062;15;65;65;103;65103;Sud;Campania;Salerno;1;65103;65103;65103;ITF;ITF3;ITF35;ITF;ITF3;ITF35;
Ravello;H198;15;65;65;104;65104;Sud;Campania;Salerno;1;65104;65104;65104;ITF;ITF3;ITF35;ITF;ITF3;ITF35;
Ricigliano;H277;15;65;65;105;65105;Sud;Campania;Salerno;1;65105;65105;65105;ITF;ITF3;ITF35;ITF;ITF3;ITF35;
Roccadaspide;H394;15;65;65;106;65106;Sud;Campania;Salerno;1;65106;65106;65106;ITF;ITF3;ITF35;ITF;ITF3;ITF35;
Roccagloriosa;H412;15;65;65;107;65107;Sud;Campania;Salerno;1;65107;65107;65107;ITF;ITF3;ITF35;ITF;ITF3;ITF35;
Roccapiemonte;H431;15;65;65;108;65108;Sud;Campania;Salerno;1;65108;65108;65108;ITF;ITF3;ITF35;ITF;ITF3;ITF35;
Rofrano;H485;15;65;65;109;65109;Sud;Campania;Salerno;1;65109;65109;65109;ITF;ITF3;ITF35;ITF;ITF3;ITF35;
Romagnano al Monte;H503;15;65;65;110;65110;Sud;Campania;Salerno;1;65110;65110;65110;ITF;ITF3;ITF35;ITF;ITF3;ITF35;
Roscigno;H564;15;65;65;111;65111;Sud;Campania;Salerno;1;65111;65111;65111;ITF;ITF3;ITF35;ITF;ITF3;ITF35;
Rutino;H644;15;65;65;112;65112;Sud;Campania;Salerno;1;65112;65112;65112;ITF;ITF3;ITF35;ITF;ITF3;ITF35;
Sacco;H654;15;65;65;113;65113;Sud;Campania;Salerno;1;65113;65113;65113;ITF;ITF3;ITF35;ITF;ITF3;ITF35;
Sala Consilina;H683;15;65;65;114;65114;Sud;Campania;Salerno;1;65114;65114;65114;ITF;ITF3;ITF35;ITF;ITF3;ITF35;
Salento;H686;15;65;65;115;65115;Sud;Campania;Salerno;1;65115;65115;65115;ITF;ITF3;ITF35;ITF;ITF3;ITF35;
Salerno;H703;15;65;65;116;65116;Sud;Campania;Salerno;1;65116;65116;65116;ITF;ITF3;ITF35;ITF;ITF3;ITF35;
Salvitelle;H732;15;65;65;117;65117;Sud;Campania;Salerno;1;65117;65117;65117;ITF;ITF3;ITF35;ITF;ITF3;ITF35;
San Cipriano Picentino;H800;15;65;65;118;65118;Sud;Campania;Salerno;1;65118;65118;65118;ITF;ITF3;ITF35;ITF;ITF3;ITF35;
San Giovanni a Piro;H907;15;65;65;119;65119;Sud;Campania;Salerno;1;65119;65119;65119;ITF;ITF3;ITF35;ITF;ITF3;ITF35;
San Gregorio Magno;H943;15;65;65;120;65120;Sud;Campania;Salerno;1;65120;65120;65120;ITF;ITF3;ITF35;ITF;ITF3;ITF35;
San Mango Piemonte;H977;15;65;65;121;65121;Sud;Campania;Salerno;1;65121;65121;65121;ITF;ITF3;ITF35;ITF;ITF3;ITF35;
San Marzano sul Sarno;I019;15;65;65;122;65122;Sud;Campania;Salerno;1;65122;65122;65122;ITF;ITF3;ITF35;ITF;ITF3;ITF35;
San Mauro Cilento;I031;15;65;65;123;65123;Sud;Campania;Salerno;1;65123;65123;65123;ITF;ITF3;ITF35;ITF;ITF3;ITF35;
San Mauro la Bruca;I032;15;65;65;124;65124;Sud;Campania;Salerno;1;65124;65124;65124;ITF;ITF3;ITF35;ITF;ITF3;ITF35;
San Pietro al Tanagro;I089;15;65;65;125;65125;Sud;Campania;Salerno;1;65125;65125;65125;ITF;ITF3;ITF35;ITF;ITF3;ITF35;
San Rufo;I143;15;65;65;126;65126;Sud;Campania;Salerno;1;65126;65126;65126;ITF;ITF3;ITF35;ITF;ITF3;ITF35;
Santa Marina;I253;15;65;65;127;65127;Sud;Campania;Salerno;1;65127;65127;65127;ITF;ITF3;ITF35;ITF;ITF3;ITF35;
Sant'Angelo a Fasanella;I278;15;65;65;128;65128;Sud;Campania;Salerno;1;65128;65128;65128;ITF;ITF3;ITF35;ITF;ITF3;ITF35;
Sant'Arsenio;I307;15;65;65;129;65129;Sud;Campania;Salerno;1;65129;65129;65129;ITF;ITF3;ITF35;ITF;ITF3;ITF35;
Sant'Egidio del Monte Albino;I317;15;65;65;130;65130;Sud;Campania;Salerno;1;65130;65130;65130;ITF;ITF3;ITF35;ITF;ITF3;ITF35;
Santomenna;I260;15;65;65;131;65131;Sud;Campania;Salerno;1;65131;65131;65131;ITF;ITF3;ITF35;ITF;ITF3;ITF35;
San Valentino Torio;I377;15;65;65;132;65132;Sud;Campania;Salerno;1;65132;65132;65132;ITF;ITF3;ITF35;ITF;ITF3;ITF35;
Sanza;I410;15;65;65;133;65133;Sud;Campania;Salerno;1;65133;65133;65133;ITF;ITF3;ITF35;ITF;ITF3;ITF35;
Sapri;I422;15;65;65;134;65134;Sud;Campania;Salerno;1;65134;65134;65134;ITF;ITF3;ITF35;ITF;ITF3;ITF35;
Sarno;I438;15;65;65;135;65135;Sud;Campania;Salerno;1;65135;65135;65135;ITF;ITF3;ITF35;ITF;ITF3;ITF35;
Sassano;I451;15;65;65;136;65136;Sud;Campania;Salerno;1;65136;65136;65136;ITF;ITF3;ITF35;ITF;ITF3;ITF35;
Scafati;I483;15;65;65;137;65137;Sud;Campania;Salerno;1;65137;65137;65137;ITF;ITF3;ITF35;ITF;ITF3;ITF35;
Scala;I486;15;65;65;138;65138;Sud;Campania;Salerno;1;65138;65138;65138;ITF;ITF3;ITF35;ITF;ITF3;ITF35;
Serramezzana;I648;15;65;65;139;65139;Sud;Campania;Salerno;1;65139;65139;65139;ITF;ITF3;ITF35;ITF;ITF3;ITF35;
Serre;I666;15;65;65;140;65140;Sud;Campania;Salerno;1;65140;65140;65140;ITF;ITF3;ITF35;ITF;ITF3;ITF35;
Sessa Cilento;I677;15;65;65;141;65141;Sud;Campania;Salerno;1;65141;65141;65141;ITF;ITF3;ITF35;ITF;ITF3;ITF35;
Siano;I720;15;65;65;142;65142;Sud;Campania;Salerno;1;65142;65142;65142;ITF;ITF3;ITF35;ITF;ITF3;ITF35;
Sicignano degli Alburni;M253;15;65;65;143;65143;Sud;Campania;Salerno;1;65143;65143;65143;ITF;ITF3;ITF35;ITF;ITF3;ITF35;
Stella Cilento;G887;15;65;65;144;65144;Sud;Campania;Salerno;1;65144;65144;65144;ITF;ITF3;ITF35;ITF;ITF3;ITF35;
Stio;I960;15;65;65;145;65145;Sud;Campania;Salerno;1;65145;65145;65145;ITF;ITF3;ITF35;ITF;ITF3;ITF35;
Teggiano;D292;15;65;65;146;65146;Sud;Campania;Salerno;1;65146;65146;65146;ITF;ITF3;ITF35;ITF;ITF3;ITF35;
Torchiara;L212;15;65;65;147;65147;Sud;Campania;Salerno;1;65147;65147;65147;ITF;ITF3;ITF35;ITF;ITF3;ITF35;
Torraca;L233;15;65;65;148;65148;Sud;Campania;Salerno;1;65148;65148;65148;ITF;ITF3;ITF35;ITF;ITF3;ITF35;
Torre Orsaia;L274;15;65;65;149;65149;Sud;Campania;Salerno;1;65149;65149;65149;ITF;ITF3;ITF35;ITF;ITF3;ITF35;
Tortorella;L306;15;65;65;150;65150;Sud;Campania;Salerno;1;65150;65150;65150;ITF;ITF3;ITF35;ITF;ITF3;ITF35;
Tramonti;L323;15;65;65;151;65151;Sud;Campania;Salerno;1;65151;65151;65151;ITF;ITF3;ITF35;ITF;ITF3;ITF35;
Trentinara;L377;15;65;65;152;65152;Sud;Campania;Salerno;1;65152;65152;65152;ITF;ITF3;ITF35;ITF;ITF3;ITF35;
Valle dell'Angelo;G540;15;65;65;153;65153;Sud;Campania;Salerno;1;65153;65153;65153;ITF;ITF3;ITF35;ITF;ITF3;ITF35;
Vallo della Lucania;L628;15;65;65;154;65154;Sud;Campania;Salerno;1;65154;65154;65154;ITF;ITF3;ITF35;ITF;ITF3;ITF35;
Valva;L656;15;65;65;155;65155;Sud;Campania;Salerno;1;65155;65155;65155;ITF;ITF3;ITF35;ITF;ITF3;ITF35;
Vibonati;L835;15;65;65;156;65156;Sud;Campania;Salerno;1;65156;65156;65156;ITF;ITF3;ITF35;ITF;ITF3;ITF35;
Vietri sul Mare;L860;15;65;65;157;65157;Sud;Campania;Salerno;1;65157;65157;65157;ITF;ITF3;ITF35;ITF;ITF3;ITF35;
Bellizzi;M294;15;65;65;158;65158;Sud;Campania;Salerno;1;65158;65158;65158;ITF;ITF3;ITF35;ITF;ITF3;ITF35;
Accadia;A015;16;71;71;1;71001;Sud;Puglia;Foggia;1;71001;71001;71001;ITF;ITF4;ITF46;ITF;ITF4;ITF46;
Alberona;A150;16;71;71;2;71002;Sud;Puglia;Foggia;1;71002;71002;71002;ITF;ITF4;ITF46;ITF;ITF4;ITF46;
Anzano di Puglia;A320;16;71;71;3;71003;Sud;Puglia;Foggia;1;71003;71003;71003;ITF;ITF4;ITF46;ITF;ITF4;ITF46;
Apricena;A339;16;71;71;4;71004;Sud;Puglia;Foggia;1;71004;71004;71004;ITF;ITF4;ITF46;ITF;ITF4;ITF46;
Ascoli Satriano;A463;16;71;71;5;71005;Sud;Puglia;Foggia;1;71005;71005;71005;ITF;ITF4;ITF46;ITF;ITF4;ITF46;
Biccari;A854;16;71;71;6;71006;Sud;Puglia;Foggia;1;71006;71006;71006;ITF;ITF4;ITF46;ITF;ITF4;ITF46;
Bovino;B104;16;71;71;7;71007;Sud;Puglia;Foggia;1;71007;71007;71007;ITF;ITF4;ITF46;ITF;ITF4;ITF46;
Cagnano Varano;B357;16;71;71;8;71008;Sud;Puglia;Foggia;1;71008;71008;71008;ITF;ITF4;ITF46;ITF;ITF4;ITF46;
Candela;B584;16;71;71;9;71009;Sud;Puglia;Foggia;1;71009;71009;71009;ITF;ITF4;ITF46;ITF;ITF4;ITF46;
Carapelle;B724;16;71;71;10;71010;Sud;Puglia;Foggia;1;71010;71010;71010;ITF;ITF4;ITF46;ITF;ITF4;ITF46;
Carlantino;B784;16;71;71;11;71011;Sud;Puglia;Foggia;1;71011;71011;71011;ITF;ITF4;ITF46;ITF;ITF4;ITF46;
Carpino;B829;16;71;71;12;71012;Sud;Puglia;Foggia;1;71012;71012;71012;ITF;ITF4;ITF46;ITF;ITF4;ITF46;
Casalnuovo Monterotaro;B904;16;71;71;13;71013;Sud;Puglia;Foggia;1;71013;71013;71013;ITF;ITF4;ITF46;ITF;ITF4;ITF46;
Casalvecchio di Puglia;B917;16;71;71;14;71014;Sud;Puglia;Foggia;1;71014;71014;71014;ITF;ITF4;ITF46;ITF;ITF4;ITF46;
Castelluccio dei Sauri;C198;16;71;71;15;71015;Sud;Puglia;Foggia;1;71015;71015;71015;ITF;ITF4;ITF46;ITF;ITF4;ITF46;
Castelluccio Valmaggiore;C202;16;71;71;16;71016;Sud;Puglia;Foggia;1;71016;71016;71016;ITF;ITF4;ITF46;ITF;ITF4;ITF46;
Castelnuovo della Daunia;C222;16;71;71;17;71017;Sud;Puglia;Foggia;1;71017;71017;71017;ITF;ITF4;ITF46;ITF;ITF4;ITF46;
Celenza Valfortore;C429;16;71;71;18;71018;Sud;Puglia;Foggia;1;71018;71018;71018;ITF;ITF4;ITF46;ITF;ITF4;ITF46;
Celle di San Vito;C442;16;71;71;19;71019;Sud;Puglia;Foggia;1;71019;71019;71019;ITF;ITF4;ITF46;ITF;ITF4;ITF46;
Cerignola;C514;16;71;71;20;71020;Sud;Puglia;Foggia;1;71020;71020;71020;ITF;ITF4;ITF46;ITF;ITF4;ITF46;
Chieuti;C633;16;71;71;21;71021;Sud;Puglia;Foggia;1;71021;71021;71021;ITF;ITF4;ITF46;ITF;ITF4;ITF46;
Deliceto;D269;16;71;71;22;71022;Sud;Puglia;Foggia;1;71022;71022;71022;ITF;ITF4;ITF46;ITF;ITF4;ITF46;
Faeto;D459;16;71;71;23;71023;Sud;Puglia;Foggia;1;71023;71023;71023;ITF;ITF4;ITF46;ITF;ITF4;ITF46;
Foggia;D643;16;71;71;24;71024;Sud;Puglia;Foggia;1;71024;71024;71024;ITF;ITF4;ITF46;ITF;ITF4;ITF46;
Ischitella;E332;16;71;71;25;71025;Sud;Puglia;Foggia;1;71025;71025;71025;ITF;ITF4;ITF46;ITF;ITF4;ITF46;
Isole Tremiti;E363;16;71;71;26;71026;Sud;Puglia;Foggia;1;71026;71026;71026;ITF;ITF4;ITF46;ITF;ITF4;ITF46;
Lesina;E549;16;71;71;27;71027;Sud;Puglia;Foggia;1;71027;71027;71027;ITF;ITF4;ITF46;ITF;ITF4;ITF46;
Lucera;E716;16;71;71;28;71028;Sud;Puglia;Foggia;1;71028;71028;71028;ITF;ITF4;ITF46;ITF;ITF4;ITF46;
Manfredonia;E885;16;71;71;29;71029;Sud;Puglia;Foggia;1;71029;71029;71029;ITF;ITF4;ITF46;ITF;ITF4;ITF46;
Mattinata;F059;16;71;71;31;71031;Sud;Puglia;Foggia;1;71031;71031;71031;ITF;ITF4;ITF46;ITF;ITF4;ITF46;
Monteleone di Puglia;F538;16;71;71;32;71032;Sud;Puglia;Foggia;1;71032;71032;71032;ITF;ITF4;ITF46;ITF;ITF4;ITF46;
Monte Sant'Angelo;F631;16;71;71;33;71033;Sud;Puglia;Foggia;1;71033;71033;71033;ITF;ITF4;ITF46;ITF;ITF4;ITF46;
Motta Montecorvino;F777;16;71;71;34;71034;Sud;Puglia;Foggia;1;71034;71034;71034;ITF;ITF4;ITF46;ITF;ITF4;ITF46;
Orsara di Puglia;G125;16;71;71;35;71035;Sud;Puglia;Foggia;1;71035;71035;71035;ITF;ITF4;ITF46;ITF;ITF4;ITF46;
Orta Nova;G131;16;71;71;36;71036;Sud;Puglia;Foggia;1;71036;71036;71036;ITF;ITF4;ITF46;ITF;ITF4;ITF46;
Panni;G312;16;71;71;37;71037;Sud;Puglia;Foggia;1;71037;71037;71037;ITF;ITF4;ITF46;ITF;ITF4;ITF46;
Peschici;G487;16;71;71;38;71038;Sud;Puglia;Foggia;1;71038;71038;71038;ITF;ITF4;ITF46;ITF;ITF4;ITF46;
Pietramontecorvino;G604;16;71;71;39;71039;Sud;Puglia;Foggia;1;71039;71039;71039;ITF;ITF4;ITF46;ITF;ITF4;ITF46;
Poggio Imperiale;G761;16;71;71;40;71040;Sud;Puglia;Foggia;1;71040;71040;71040;ITF;ITF4;ITF46;ITF;ITF4;ITF46;
Rignano Garganico;H287;16;71;71;41;71041;Sud;Puglia;Foggia;1;71041;71041;71041;ITF;ITF4;ITF46;ITF;ITF4;ITF46;
Rocchetta Sant'Antonio;H467;16;71;71;42;71042;Sud;Puglia;Foggia;1;71042;71042;71042;ITF;ITF4;ITF46;ITF;ITF4;ITF46;
Rodi Garganico;H480;16;71;71;43;71043;Sud;Puglia;Foggia;1;71043;71043;71043;ITF;ITF4;ITF46;ITF;ITF4;ITF46;
Roseto Valfortore;H568;16;71;71;44;71044;Sud;Puglia;Foggia;1;71044;71044;71044;ITF;ITF4;ITF46;ITF;ITF4;ITF46;
San Giovanni Rotondo;H926;16;71;71;46;71046;Sud;Puglia;Foggia;1;71046;71046;71046;ITF;ITF4;ITF46;ITF;ITF4;ITF46;
San Marco in Lamis;H985;16;71;71;47;71047;Sud;Puglia;Foggia;1;71047;71047;71047;ITF;ITF4;ITF46;ITF;ITF4;ITF46;
San Marco la Catola;H986;16;71;71;48;71048;Sud;Puglia;Foggia;1;71048;71048;71048;ITF;ITF4;ITF46;ITF;ITF4;ITF46;
San Nicandro Garganico;I054;16;71;71;49;71049;Sud;Puglia;Foggia;1;71049;71049;71049;ITF;ITF4;ITF46;ITF;ITF4;ITF46;
San Paolo di Civitate;I072;16;71;71;50;71050;Sud;Puglia;Foggia;1;71050;71050;71050;ITF;ITF4;ITF46;ITF;ITF4;ITF46;
San Severo;I158;16;71;71;51;71051;Sud;Puglia;Foggia;1;71051;71051;71051;ITF;ITF4;ITF46;ITF;ITF4;ITF46;
Sant'Agata di Puglia;I193;16;71;71;52;71052;Sud;Puglia;Foggia;1;71052;71052;71052;ITF;ITF4;ITF46;ITF;ITF4;ITF46;
Serracapriola;I641;16;71;71;53;71053;Sud;Puglia;Foggia;1;71053;71053;71053;ITF;ITF4;ITF46;ITF;ITF4;ITF46;
Stornara;I962;16;71;71;54;71054;Sud;Puglia;Foggia;1;71054;71054;71054;ITF;ITF4;ITF46;ITF;ITF4;ITF46;
Stornarella;I963;16;71;71;55;71055;Sud;Puglia;Foggia;1;71055;71055;71055;ITF;ITF4;ITF46;ITF;ITF4;ITF46;
Torremaggiore;L273;16;71;71;56;71056;Sud;Puglia;Foggia;1;71056;71056;71056;ITF;ITF4;ITF46;ITF;ITF4;ITF46;
Troia;L447;16;71;71;58;71058;Sud;Puglia;Foggia;1;71058;71058;71058;ITF;ITF4;ITF46;ITF;ITF4;ITF46;
Vico del Gargano;L842;16;71;71;59;71059;Sud;Puglia;Foggia;1;71059;71059;71059;ITF;ITF4;ITF46;ITF;ITF4;ITF46;
Vieste;L858;16;71;71;60;71060;Sud;Puglia;Foggia;1;71060;71060;71060;ITF;ITF4;ITF46;ITF;ITF4;ITF46;
Volturara Appula;M131;16;71;71;61;71061;Sud;Puglia;Foggia;1;71061;71061;71061;ITF;ITF4;ITF46;ITF;ITF4;ITF46;
Volturino;M132;16;71;71;62;71062;Sud;Puglia;Foggia;1;71062;71062;71062;ITF;ITF4;ITF46;ITF;ITF4;ITF46;
Ordona;M266;16;71;71;63;71063;Sud;Puglia;Foggia;1;71063;71063;71063;ITF;ITF4;ITF46;ITF;ITF4;ITF46;
Zapponeta;M267;16;71;71;64;71064;Sud;Puglia;Foggia;1;71064;71064;71064;ITF;ITF4;ITF46;ITF;ITF4;ITF46;
Acquaviva delle Fonti;A048;16;272;72;1;72001;Sud;Puglia;Bari;3;72001;72001;72001;ITF;ITF4;ITF47;ITF;ITF4;ITF47;
Adelfia;A055;16;272;72;2;72002;Sud;Puglia;Bari;3;72002;72002;72002;ITF;ITF4;ITF47;ITF;ITF4;ITF47;
Alberobello;A149;16;272;72;3;72003;Sud;Puglia;Bari;3;72003;72003;72003;ITF;ITF4;ITF47;ITF;ITF4;ITF47;
Altamura;A225;16;272;72;4;72004;Sud;Puglia;Bari;3;72004;72004;72004;ITF;ITF4;ITF47;ITF;ITF4;ITF47;
Bari;A662;16;272;72;6;72006;Sud;Puglia;Bari;3;72006;72006;72006;ITF;ITF4;ITF47;ITF;ITF4;ITF47;
Binetto;A874;16;272;72;8;72008;Sud;Puglia;Bari;3;72008;72008;72008;ITF;ITF4;ITF47;ITF;ITF4;ITF47;
Bitetto;A892;16;272;72;10;72010;Sud;Puglia;Bari;3;72010;72010;72010;ITF;ITF4;ITF47;ITF;ITF4;ITF47;
Bitonto;A893;16;272;72;11;72011;Sud;Puglia;Bari;3;72011;72011;72011;ITF;ITF4;ITF47;ITF;ITF4;ITF47;
Bitritto;A894;16;272;72;12;72012;Sud;Puglia;Bari;3;72012;72012;72012;ITF;ITF4;ITF47;ITF;ITF4;ITF47;
Capurso;B716;16;272;72;14;72014;Sud;Puglia;Bari;3;72014;72014;72014;ITF;ITF4;ITF47;ITF;ITF4;ITF47;
Casamassima;B923;16;272;72;15;72015;Sud;Puglia;Bari;3;72015;72015;72015;ITF;ITF4;ITF47;ITF;ITF4;ITF47;
Cassano delle Murge;B998;16;272;72;16;72016;Sud;Puglia;Bari;3;72016;72016;72016;ITF;ITF4;ITF47;ITF;ITF4;ITF47;
Castellana Grotte;C134;16;272;72;17;72017;Sud;Puglia;Bari;3;72017;72017;72017;ITF;ITF4;ITF47;ITF;ITF4;ITF47;
Cellamare;C436;16;272;72;18;72018;Sud;Puglia;Bari;3;72018;72018;72018;ITF;ITF4;ITF47;ITF;ITF4;ITF47;
Conversano;C975;16;272;72;19;72019;Sud;Puglia;Bari;3;72019;72019;72019;ITF;ITF4;ITF47;ITF;ITF4;ITF47;
Corato;C983;16;272;72;20;72020;Sud;Puglia;Bari;3;72020;72020;72020;ITF;ITF4;ITF47;ITF;ITF4;ITF47;
Gioia del Colle;E038;16;272;72;21;72021;Sud;Puglia;Bari;3;72021;72021;72021;ITF;ITF4;ITF47;ITF;ITF4;ITF47;
Giovinazzo;E047;16;272;72;22;72022;Sud;Puglia;Bari;3;72022;72022;72022;ITF;ITF4;ITF47;ITF;ITF4;ITF47;
Gravina in Puglia;E155;16;272;72;23;72023;Sud;Puglia;Bari;3;72023;72023;72023;ITF;ITF4;ITF47;ITF;ITF4;ITF47;
Grumo Appula;E223;16;272;72;24;72024;Sud;Puglia;Bari;3;72024;72024;72024;ITF;ITF4;ITF47;ITF;ITF4;ITF47;
Locorotondo;E645;16;272;72;25;72025;Sud;Puglia;Bari;3;72025;72025;72025;ITF;ITF4;ITF47;ITF;ITF4;ITF47;
Modugno;F262;16;272;72;27;72027;Sud;Puglia;Bari;3;72027;72027;72027;ITF;ITF4;ITF47;ITF;ITF4;ITF47;
Mola di Bari;F280;16;272;72;28;72028;Sud;Puglia;Bari;3;72028;72028;72028;ITF;ITF4;ITF47;ITF;ITF4;ITF47;
Molfetta;F284;16;272;72;29;72029;Sud;Puglia;Bari;3;72029;72029;72029;ITF;ITF4;ITF47;ITF;ITF4;ITF47;
Monopoli;F376;16;272;72;30;72030;Sud;Puglia;Bari;3;72030;72030;72030;ITF;ITF4;ITF47;ITF;ITF4;ITF47;
Noci;F915;16;272;72;31;72031;Sud;Puglia;Bari;3;72031;72031;72031;ITF;ITF4;ITF47;ITF;ITF4;ITF47;
Noicattaro;F923;16;272;72;32;72032;Sud;Puglia;Bari;3;72032;72032;72032;ITF;ITF4;ITF47;ITF;ITF4;ITF47;
Palo del Colle;G291;16;272;72;33;72033;Sud;Puglia;Bari;3;72033;72033;72033;ITF;ITF4;ITF47;ITF;ITF4;ITF47;
Poggiorsini;G769;16;272;72;34;72034;Sud;Puglia;Bari;3;72034;72034;72034;ITF;ITF4;ITF47;ITF;ITF4;ITF47;
Polignano a Mare;G787;16;272;72;35;72035;Sud;Puglia;Bari;3;72035;72035;72035;ITF;ITF4;ITF47;ITF;ITF4;ITF47;
Putignano;H096;16;272;72;36;72036;Sud;Puglia;Bari;3;72036;72036;72036;ITF;ITF4;ITF47;ITF;ITF4;ITF47;
Rutigliano;H643;16;272;72;37;72037;Sud;Puglia;Bari;3;72037;72037;72037;ITF;ITF4;ITF47;ITF;ITF4;ITF47;
Ruvo di Puglia;H645;16;272;72;38;72038;Sud;Puglia;Bari;3;72038;72038;72038;ITF;ITF4;ITF47;ITF;ITF4;ITF47;
Sammichele di Bari;H749;16;272;72;39;72039;Sud;Puglia;Bari;3;72039;72039;72039;ITF;ITF4;ITF47;ITF;ITF4;ITF47;
Sannicandro di Bari;I053;16;272;72;40;72040;Sud;Puglia;Bari;3;72040;72040;72040;ITF;ITF4;ITF47;ITF;ITF4;ITF47;
Santeramo in Colle;I330;16;272;72;41;72041;Sud;Puglia;Bari;3;72041;72041;72041;ITF;ITF4;ITF47;ITF;ITF4;ITF47;
Terlizzi;L109;16;272;72;43;72043;Sud;Puglia;Bari;3;72043;72043;72043;ITF;ITF4;ITF47;ITF;ITF4;ITF47;
Toritto;L220;16;272;72;44;72044;Sud;Puglia;Bari;3;72044;72044;72044;ITF;ITF4;ITF47;ITF;ITF4;ITF47;
Triggiano;L425;16;272;72;46;72046;Sud;Puglia;Bari;3;72046;72046;72046;ITF;ITF4;ITF47;ITF;ITF4;ITF47;
Turi;L472;16;272;72;47;72047;Sud;Puglia;Bari;3;72047;72047;72047;ITF;ITF4;ITF47;ITF;ITF4;ITF47;
Valenzano;L571;16;272;72;48;72048;Sud;Puglia;Bari;3;72048;72048;72048;ITF;ITF4;ITF47;ITF;ITF4;ITF47;
Avetrana;A514;16;73;73;1;73001;Sud;Puglia;Taranto;1;73001;73001;73001;ITF;ITF4;ITF43;ITF;ITF4;ITF43;
Carosino;B808;16;73;73;2;73002;Sud;Puglia;Taranto;1;73002;73002;73002;ITF;ITF4;ITF43;ITF;ITF4;ITF43;
Castellaneta;C136;16;73;73;3;73003;Sud;Puglia;Taranto;1;73003;73003;73003;ITF;ITF4;ITF43;ITF;ITF4;ITF43;
Crispiano;D171;16;73;73;4;73004;Sud;Puglia;Taranto;1;73004;73004;73004;ITF;ITF4;ITF43;ITF;ITF4;ITF43;
Faggiano;D463;16;73;73;5;73005;Sud;Puglia;Taranto;1;73005;73005;73005;ITF;ITF4;ITF43;ITF;ITF4;ITF43;
Fragagnano;D754;16;73;73;6;73006;Sud;Puglia;Taranto;1;73006;73006;73006;ITF;ITF4;ITF43;ITF;ITF4;ITF43;
Ginosa;E036;16;73;73;7;73007;Sud;Puglia;Taranto;1;73007;73007;73007;ITF;ITF4;ITF43;ITF;ITF4;ITF43;
Grottaglie;E205;16;73;73;8;73008;Sud;Puglia;Taranto;1;73008;73008;73008;ITF;ITF4;ITF43;ITF;ITF4;ITF43;
Laterza;E469;16;73;73;9;73009;Sud;Puglia;Taranto;1;73009;73009;73009;ITF;ITF4;ITF43;ITF;ITF4;ITF43;
Leporano;E537;16;73;73;10;73010;Sud;Puglia;Taranto;1;73010;73010;73010;ITF;ITF4;ITF43;ITF;ITF4;ITF43;
Lizzano;E630;16;73;73;11;73011;Sud;Puglia;Taranto;1;73011;73011;73011;ITF;ITF4;ITF43;ITF;ITF4;ITF43;
Manduria;E882;16;73;73;12;73012;Sud;Puglia;Taranto;1;73012;73012;73012;ITF;ITF4;ITF43;ITF;ITF4;ITF43;
Martina Franca;E986;16;73;73;13;73013;Sud;Puglia;Taranto;1;73013;73013;73013;ITF;ITF4;ITF43;ITF;ITF4;ITF43;
Maruggio;E995;16;73;73;14;73014;Sud;Puglia;Taranto;1;73014;73014;73014;ITF;ITF4;ITF43;ITF;ITF4;ITF43;
Massafra;F027;16;73;73;15;73015;Sud;Puglia;Taranto;1;73015;73015;73015;ITF;ITF4;ITF43;ITF;ITF4;ITF43;
Monteiasi;F531;16;73;73;16;73016;Sud;Puglia;Taranto;1;73016;73016;73016;ITF;ITF4;ITF43;ITF;ITF4;ITF43;
Montemesola;F563;16;73;73;17;73017;Sud;Puglia;Taranto;1;73017;73017;73017;ITF;ITF4;ITF43;ITF;ITF4;ITF43;
Monteparano;F587;16;73;73;18;73018;Sud;Puglia;Taranto;1;73018;73018;73018;ITF;ITF4;ITF43;ITF;ITF4;ITF43;
Mottola;F784;16;73;73;19;73019;Sud;Puglia;Taranto;1;73019;73019;73019;ITF;ITF4;ITF43;ITF;ITF4;ITF43;
Palagianello;G251;16;73;73;20;73020;Sud;Puglia;Taranto;1;73020;73020;73020;ITF;ITF4;ITF43;ITF;ITF4;ITF43;
Palagiano;G252;16;73;73;21;73021;Sud;Puglia;Taranto;1;73021;73021;73021;ITF;ITF4;ITF43;ITF;ITF4;ITF43;
Pulsano;H090;16;73;73;22;73022;Sud;Puglia;Taranto;1;73022;73022;73022;ITF;ITF4;ITF43;ITF;ITF4;ITF43;
Roccaforzata;H409;16;73;73;23;73023;Sud;Puglia;Taranto;1;73023;73023;73023;ITF;ITF4;ITF43;ITF;ITF4;ITF43;
San Giorgio Ionico;H882;16;73;73;24;73024;Sud;Puglia;Taranto;1;73024;73024;73024;ITF;ITF4;ITF43;ITF;ITF4;ITF43;
San Marzano di San Giuseppe;I018;16;73;73;25;73025;Sud;Puglia;Taranto;1;73025;73025;73025;ITF;ITF4;ITF43;ITF;ITF4;ITF43;
Sava;I467;16;73;73;26;73026;Sud;Puglia;Taranto;1;73026;73026;73026;ITF;ITF4;ITF43;ITF;ITF4;ITF43;
Taranto;L049;16;73;73;27;73027;Sud;Puglia;Taranto;1;73027;73027;73027;ITF;ITF4;ITF43;ITF;ITF4;ITF43;
Torricella;L294;16;73;73;28;73028;Sud;Puglia;Taranto;1;73028;73028;73028;ITF;ITF4;ITF43;ITF;ITF4;ITF43;
Statte;M298;16;73;73;29;73029;Sud;Puglia;Taranto;1;73029;73029;73029;ITF;ITF4;ITF43;ITF;ITF4;ITF43;
Brindisi;B180;16;74;74;1;74001;Sud;Puglia;Brindisi;1;74001;74001;74001;ITF;ITF4;ITF44;ITF;ITF4;ITF44;
Carovigno;B809;16;74;74;2;74002;Sud;Puglia;Brindisi;1;74002;74002;74002;ITF;ITF4;ITF44;ITF;ITF4;ITF44;
Ceglie Messapica;C424;16;74;74;3;74003;Sud;Puglia;Brindisi;1;74003;74003;74003;ITF;ITF4;ITF44;ITF;ITF4;ITF44;
Cellino San Marco;C448;16;74;74;4;74004;Sud;Puglia;Brindisi;1;74004;74004;74004;ITF;ITF4;ITF44;ITF;ITF4;ITF44;
Cisternino;C741;16;74;74;5;74005;Sud;Puglia;Brindisi;1;74005;74005;74005;ITF;ITF4;ITF44;ITF;ITF4;ITF44;
Erchie;D422;16;74;74;6;74006;Sud;Puglia;Brindisi;1;74006;74006;74006;ITF;ITF4;ITF44;ITF;ITF4;ITF44;
Fasano;D508;16;74;74;7;74007;Sud;Puglia;Brindisi;1;74007;74007;74007;ITF;ITF4;ITF44;ITF;ITF4;ITF44;
Francavilla Fontana;D761;16;74;74;8;74008;Sud;Puglia;Brindisi;1;74008;74008;74008;ITF;ITF4;ITF44;ITF;ITF4;ITF44;
Latiano;E471;16;74;74;9;74009;Sud;Puglia;Brindisi;1;74009;74009;74009;ITF;ITF4;ITF44;ITF;ITF4;ITF44;
Mesagne;F152;16;74;74;10;74010;Sud;Puglia;Brindisi;1;74010;74010;74010;ITF;ITF4;ITF44;ITF;ITF4;ITF44;
Oria;G098;16;74;74;11;74011;Sud;Puglia;Brindisi;1;74011;74011;74011;ITF;ITF4;ITF44;ITF;ITF4;ITF44;
Ostuni;G187;16;74;74;12;74012;Sud;Puglia;Brindisi;1;74012;74012;74012;ITF;ITF4;ITF44;ITF;ITF4;ITF44;
San Donaci;H822;16;74;74;13;74013;Sud;Puglia;Brindisi;1;74013;74013;74013;ITF;ITF4;ITF44;ITF;ITF4;ITF44;
San Michele Salentino;I045;16;74;74;14;74014;Sud;Puglia;Brindisi;1;74014;74014;74014;ITF;ITF4;ITF44;ITF;ITF4;ITF44;
San Pancrazio Salentino;I066;16;74;74;15;74015;Sud;Puglia;Brindisi;1;74015;74015;74015;ITF;ITF4;ITF44;ITF;ITF4;ITF44;
San Pietro Vernotico;I119;16;74;74;16;74016;Sud;Puglia;Brindisi;1;74016;74016;74016;ITF;ITF4;ITF44;ITF;ITF4;ITF44;
San Vito dei Normanni;I396;16;74;74;17;74017;Sud;Puglia;Brindisi;1;74017;74017;74017;ITF;ITF4;ITF44;ITF;ITF4;ITF44;
Torchiarolo;L213;16;74;74;18;74018;Sud;Puglia;Brindisi;1;74018;74018;74018;ITF;ITF4;ITF44;ITF;ITF4;ITF44;
Torre Santa Susanna;L280;16;74;74;19;74019;Sud;Puglia;Brindisi;1;74019;74019;74019;ITF;ITF4;ITF44;ITF;ITF4;ITF44;
Villa Castelli;L920;16;74;74;20;74020;Sud;Puglia;Brindisi;1;74020;74020;74020;ITF;ITF4;ITF44;ITF;ITF4;ITF44;
Alessano;A184;16;75;75;2;75002;Sud;Puglia;Lecce;1;75002;75002;75002;ITF;ITF4;ITF45;ITF;ITF4;ITF45;
Alezio;A185;16;75;75;3;75003;Sud;Puglia;Lecce;1;75003;75003;75003;ITF;ITF4;ITF45;ITF;ITF4;ITF45;
Alliste;A208;16;75;75;4;75004;Sud;Puglia;Lecce;1;75004;75004;75004;ITF;ITF4;ITF45;ITF;ITF4;ITF45;
Andrano;A281;16;75;75;5;75005;Sud;Puglia;Lecce;1;75005;75005;75005;ITF;ITF4;ITF45;ITF;ITF4;ITF45;
Aradeo;A350;16;75;75;6;75006;Sud;Puglia;Lecce;1;75006;75006;75006;ITF;ITF4;ITF45;ITF;ITF4;ITF45;
Arnesano;A425;16;75;75;7;75007;Sud;Puglia;Lecce;1;75007;75007;75007;ITF;ITF4;ITF45;ITF;ITF4;ITF45;
Bagnolo del Salento;A572;16;75;75;8;75008;Sud;Puglia;Lecce;1;75008;75008;75008;ITF;ITF4;ITF45;ITF;ITF4;ITF45;
Botrugno;B086;16;75;75;9;75009;Sud;Puglia;Lecce;1;75009;75009;75009;ITF;ITF4;ITF45;ITF;ITF4;ITF45;
Calimera;B413;16;75;75;10;75010;Sud;Puglia;Lecce;1;75010;75010;75010;ITF;ITF4;ITF45;ITF;ITF4;ITF45;
Campi Salentina;B506;16;75;75;11;75011;Sud;Puglia;Lecce;1;75011;75011;75011;ITF;ITF4;ITF45;ITF;ITF4;ITF45;
Cannole;B616;16;75;75;12;75012;Sud;Puglia;Lecce;1;75012;75012;75012;ITF;ITF4;ITF45;ITF;ITF4;ITF45;
Caprarica di Lecce;B690;16;75;75;13;75013;Sud;Puglia;Lecce;1;75013;75013;75013;ITF;ITF4;ITF45;ITF;ITF4;ITF45;
Carmiano;B792;16;75;75;14;75014;Sud;Puglia;Lecce;1;75014;75014;75014;ITF;ITF4;ITF45;ITF;ITF4;ITF45;
Carpignano Salentino;B822;16;75;75;15;75015;Sud;Puglia;Lecce;1;75015;75015;75015;ITF;ITF4;ITF45;ITF;ITF4;ITF45;
Casarano;B936;16;75;75;16;75016;Sud;Puglia;Lecce;1;75016;75016;75016;ITF;ITF4;ITF45;ITF;ITF4;ITF45;
Castri di Lecce;C334;16;75;75;17;75017;Sud;Puglia;Lecce;1;75017;75017;75017;ITF;ITF4;ITF45;ITF;ITF4;ITF45;
Castrignano de' Greci;C335;16;75;75;18;75018;Sud;Puglia;Lecce;1;75018;75018;75018;ITF;ITF4;ITF45;ITF;ITF4;ITF45;
Castrignano del Capo;C336;16;75;75;19;75019;Sud;Puglia;Lecce;1;75019;75019;75019;ITF;ITF4;ITF45;ITF;ITF4;ITF45;
Cavallino;C377;16;75;75;20;75020;Sud;Puglia;Lecce;1;75020;75020;75020;ITF;ITF4;ITF45;ITF;ITF4;ITF45;
Collepasso;C865;16;75;75;21;75021;Sud;Puglia;Lecce;1;75021;75021;75021;ITF;ITF4;ITF45;ITF;ITF4;ITF45;
Copertino;C978;16;75;75;22;75022;Sud;Puglia;Lecce;1;75022;75022;75022;ITF;ITF4;ITF45;ITF;ITF4;ITF45;
Corigliano d'Otranto;D006;16;75;75;23;75023;Sud;Puglia;Lecce;1;75023;75023;75023;ITF;ITF4;ITF45;ITF;ITF4;ITF45;
Corsano;D044;16;75;75;24;75024;Sud;Puglia;Lecce;1;75024;75024;75024;ITF;ITF4;ITF45;ITF;ITF4;ITF45;
Cursi;D223;16;75;75;25;75025;Sud;Puglia;Lecce;1;75025;75025;75025;ITF;ITF4;ITF45;ITF;ITF4;ITF45;
Cutrofiano;D237;16;75;75;26;75026;Sud;Puglia;Lecce;1;75026;75026;75026;ITF;ITF4;ITF45;ITF;ITF4;ITF45;
Diso;D305;16;75;75;27;75027;Sud;Puglia;Lecce;1;75027;75027;75027;ITF;ITF4;ITF45;ITF;ITF4;ITF45;
Gagliano del Capo;D851;16;75;75;28;75028;Sud;Puglia;Lecce;1;75028;75028;75028;ITF;ITF4;ITF45;ITF;ITF4;ITF45;
Galatina;D862;16;75;75;29;75029;Sud;Puglia;Lecce;1;75029;75029;75029;ITF;ITF4;ITF45;ITF;ITF4;ITF45;
Galatone;D863;16;75;75;30;75030;Sud;Puglia;Lecce;1;75030;75030;75030;ITF;ITF4;ITF45;ITF;ITF4;ITF45;
Gallipoli;D883;16;75;75;31;75031;Sud;Puglia;Lecce;1;75031;75031;75031;ITF;ITF4;ITF45;ITF;ITF4;ITF45;
Giuggianello;E053;16;75;75;32;75032;Sud;Puglia;Lecce;1;75032;75032;75032;ITF;ITF4;ITF45;ITF;ITF4;ITF45;
Giurdignano;E061;16;75;75;33;75033;Sud;Puglia;Lecce;1;75033;75033;75033;ITF;ITF4;ITF45;ITF;ITF4;ITF45;
Guagnano;E227;16;75;75;34;75034;Sud;Puglia;Lecce;1;75034;75034;75034;ITF;ITF4;ITF45;ITF;ITF4;ITF45;
Lecce;E506;16;75;75;35;75035;Sud;Puglia;Lecce;1;75035;75035;75035;ITF;ITF4;ITF45;ITF;ITF4;ITF45;
Lequile;E538;16;75;75;36;75036;Sud;Puglia;Lecce;1;75036;75036;75036;ITF;ITF4;ITF45;ITF;ITF4;ITF45;
Leverano;E563;16;75;75;37;75037;Sud;Puglia;Lecce;1;75037;75037;75037;ITF;ITF4;ITF45;ITF;ITF4;ITF45;
Lizzanello;E629;16;75;75;38;75038;Sud;Puglia;Lecce;1;75038;75038;75038;ITF;ITF4;ITF45;ITF;ITF4;ITF45;
Maglie;E815;16;75;75;39;75039;Sud;Puglia;Lecce;1;75039;75039;75039;ITF;ITF4;ITF45;ITF;ITF4;ITF45;
Martano;E979;16;75;75;40;75040;Sud;Puglia;Lecce;1;75040;75040;75040;ITF;ITF4;ITF45;ITF;ITF4;ITF45;
Martignano;E984;16;75;75;41;75041;Sud;Puglia;Lecce;1;75041;75041;75041;ITF;ITF4;ITF45;ITF;ITF4;ITF45;
Matino;F054;16;75;75;42;75042;Sud;Puglia;Lecce;1;75042;75042;75042;ITF;ITF4;ITF45;ITF;ITF4;ITF45;
Melendugno;F101;16;75;75;43;75043;Sud;Puglia;Lecce;1;75043;75043;75043;ITF;ITF4;ITF45;ITF;ITF4;ITF45;
Melissano;F109;16;75;75;44;75044;Sud;Puglia;Lecce;1;75044;75044;75044;ITF;ITF4;ITF45;ITF;ITF4;ITF45;
Melpignano;F117;16;75;75;45;75045;Sud;Puglia;Lecce;1;75045;75045;75045;ITF;ITF4;ITF45;ITF;ITF4;ITF45;
Miggiano;F194;16;75;75;46;75046;Sud;Puglia;Lecce;1;75046;75046;75046;ITF;ITF4;ITF45;ITF;ITF4;ITF45;
Minervino di Lecce;F221;16;75;75;47;75047;Sud;Puglia;Lecce;1;75047;75047;75047;ITF;ITF4;ITF45;ITF;ITF4;ITF45;
Monteroni di Lecce;F604;16;75;75;48;75048;Sud;Puglia;Lecce;1;75048;75048;75048;ITF;ITF4;ITF45;ITF;ITF4;ITF45;
Montesano Salentino;F623;16;75;75;49;75049;Sud;Puglia;Lecce;1;75049;75049;75049;ITF;ITF4;ITF45;ITF;ITF4;ITF45;
Morciano di Leuca;F716;16;75;75;50;75050;Sud;Puglia;Lecce;1;75050;75050;75050;ITF;ITF4;ITF45;ITF;ITF4;ITF45;
Muro Leccese;F816;16;75;75;51;75051;Sud;Puglia;Lecce;1;75051;75051;75051;ITF;ITF4;ITF45;ITF;ITF4;ITF45;
NardÚ;F842;16;75;75;52;75052;Sud;Puglia;Lecce;1;75052;75052;75052;ITF;ITF4;ITF45;ITF;ITF4;ITF45;
Neviano;F881;16;75;75;53;75053;Sud;Puglia;Lecce;1;75053;75053;75053;ITF;ITF4;ITF45;ITF;ITF4;ITF45;
Nociglia;F916;16;75;75;54;75054;Sud;Puglia;Lecce;1;75054;75054;75054;ITF;ITF4;ITF45;ITF;ITF4;ITF45;
Novoli;F970;16;75;75;55;75055;Sud;Puglia;Lecce;1;75055;75055;75055;ITF;ITF4;ITF45;ITF;ITF4;ITF45;
Ortelle;G136;16;75;75;56;75056;Sud;Puglia;Lecce;1;75056;75056;75056;ITF;ITF4;ITF45;ITF;ITF4;ITF45;
Otranto;G188;16;75;75;57;75057;Sud;Puglia;Lecce;1;75057;75057;75057;ITF;ITF4;ITF45;ITF;ITF4;ITF45;
Palmariggi;G285;16;75;75;58;75058;Sud;Puglia;Lecce;1;75058;75058;75058;ITF;ITF4;ITF45;ITF;ITF4;ITF45;
Parabita;G325;16;75;75;59;75059;Sud;Puglia;Lecce;1;75059;75059;75059;ITF;ITF4;ITF45;ITF;ITF4;ITF45;
Pat˘;G378;16;75;75;60;75060;Sud;Puglia;Lecce;1;75060;75060;75060;ITF;ITF4;ITF45;ITF;ITF4;ITF45;
Poggiardo;G751;16;75;75;61;75061;Sud;Puglia;Lecce;1;75061;75061;75061;ITF;ITF4;ITF45;ITF;ITF4;ITF45;
Racale;H147;16;75;75;63;75063;Sud;Puglia;Lecce;1;75063;75063;75063;ITF;ITF4;ITF45;ITF;ITF4;ITF45;
Ruffano;H632;16;75;75;64;75064;Sud;Puglia;Lecce;1;75064;75064;75064;ITF;ITF4;ITF45;ITF;ITF4;ITF45;
Salice Salentino;H708;16;75;75;65;75065;Sud;Puglia;Lecce;1;75065;75065;75065;ITF;ITF4;ITF45;ITF;ITF4;ITF45;
Salve;H729;16;75;75;66;75066;Sud;Puglia;Lecce;1;75066;75066;75066;ITF;ITF4;ITF45;ITF;ITF4;ITF45;
Sanarica;H757;16;75;75;67;75067;Sud;Puglia;Lecce;1;75067;75067;75067;ITF;ITF4;ITF45;ITF;ITF4;ITF45;
San Cesario di Lecce;H793;16;75;75;68;75068;Sud;Puglia;Lecce;1;75068;75068;75068;ITF;ITF4;ITF45;ITF;ITF4;ITF45;
San Donato di Lecce;H826;16;75;75;69;75069;Sud;Puglia;Lecce;1;75069;75069;75069;ITF;ITF4;ITF45;ITF;ITF4;ITF45;
Sannicola;I059;16;75;75;70;75070;Sud;Puglia;Lecce;1;75070;75070;75070;ITF;ITF4;ITF45;ITF;ITF4;ITF45;
San Pietro in Lama;I115;16;75;75;71;75071;Sud;Puglia;Lecce;1;75071;75071;75071;ITF;ITF4;ITF45;ITF;ITF4;ITF45;
Santa Cesarea Terme;I172;16;75;75;72;75072;Sud;Puglia;Lecce;1;75072;75072;75072;ITF;ITF4;ITF45;ITF;ITF4;ITF45;
Scorrano;I549;16;75;75;73;75073;Sud;Puglia;Lecce;1;75073;75073;75073;ITF;ITF4;ITF45;ITF;ITF4;ITF45;
SeclÏ;I559;16;75;75;74;75074;Sud;Puglia;Lecce;1;75074;75074;75074;ITF;ITF4;ITF45;ITF;ITF4;ITF45;
Sogliano Cavour;I780;16;75;75;75;75075;Sud;Puglia;Lecce;1;75075;75075;75075;ITF;ITF4;ITF45;ITF;ITF4;ITF45;
Soleto;I800;16;75;75;76;75076;Sud;Puglia;Lecce;1;75076;75076;75076;ITF;ITF4;ITF45;ITF;ITF4;ITF45;
Specchia;I887;16;75;75;77;75077;Sud;Puglia;Lecce;1;75077;75077;75077;ITF;ITF4;ITF45;ITF;ITF4;ITF45;
Spongano;I923;16;75;75;78;75078;Sud;Puglia;Lecce;1;75078;75078;75078;ITF;ITF4;ITF45;ITF;ITF4;ITF45;
Squinzano;I930;16;75;75;79;75079;Sud;Puglia;Lecce;1;75079;75079;75079;ITF;ITF4;ITF45;ITF;ITF4;ITF45;
Sternatia;I950;16;75;75;80;75080;Sud;Puglia;Lecce;1;75080;75080;75080;ITF;ITF4;ITF45;ITF;ITF4;ITF45;
Supersano;L008;16;75;75;81;75081;Sud;Puglia;Lecce;1;75081;75081;75081;ITF;ITF4;ITF45;ITF;ITF4;ITF45;
Surano;L010;16;75;75;82;75082;Sud;Puglia;Lecce;1;75082;75082;75082;ITF;ITF4;ITF45;ITF;ITF4;ITF45;
Surbo;L011;16;75;75;83;75083;Sud;Puglia;Lecce;1;75083;75083;75083;ITF;ITF4;ITF45;ITF;ITF4;ITF45;
Taurisano;L064;16;75;75;84;75084;Sud;Puglia;Lecce;1;75084;75084;75084;ITF;ITF4;ITF45;ITF;ITF4;ITF45;
Taviano;L074;16;75;75;85;75085;Sud;Puglia;Lecce;1;75085;75085;75085;ITF;ITF4;ITF45;ITF;ITF4;ITF45;
Tiggiano;L166;16;75;75;86;75086;Sud;Puglia;Lecce;1;75086;75086;75086;ITF;ITF4;ITF45;ITF;ITF4;ITF45;
Trepuzzi;L383;16;75;75;87;75087;Sud;Puglia;Lecce;1;75087;75087;75087;ITF;ITF4;ITF45;ITF;ITF4;ITF45;
Tricase;L419;16;75;75;88;75088;Sud;Puglia;Lecce;1;75088;75088;75088;ITF;ITF4;ITF45;ITF;ITF4;ITF45;
Tuglie;L462;16;75;75;89;75089;Sud;Puglia;Lecce;1;75089;75089;75089;ITF;ITF4;ITF45;ITF;ITF4;ITF45;
Ugento;L484;16;75;75;90;75090;Sud;Puglia;Lecce;1;75090;75090;75090;ITF;ITF4;ITF45;ITF;ITF4;ITF45;
Uggiano la Chiesa;L485;16;75;75;91;75091;Sud;Puglia;Lecce;1;75091;75091;75091;ITF;ITF4;ITF45;ITF;ITF4;ITF45;
Veglie;L711;16;75;75;92;75092;Sud;Puglia;Lecce;1;75092;75092;75092;ITF;ITF4;ITF45;ITF;ITF4;ITF45;
Vernole;L776;16;75;75;93;75093;Sud;Puglia;Lecce;1;75093;75093;75093;ITF;ITF4;ITF45;ITF;ITF4;ITF45;
Zollino;M187;16;75;75;94;75094;Sud;Puglia;Lecce;1;75094;75094;75094;ITF;ITF4;ITF45;ITF;ITF4;ITF45;
San Cassiano;M264;16;75;75;95;75095;Sud;Puglia;Lecce;1;75095;75095;75095;ITF;ITF4;ITF45;ITF;ITF4;ITF45;
Castro;M261;16;75;75;96;75096;Sud;Puglia;Lecce;1;75096;75096;75096;ITF;ITF4;ITF45;ITF;ITF4;ITF45;
Porto Cesareo;M263;16;75;75;97;75097;Sud;Puglia;Lecce;1;75097;75097;75097;ITF;ITF4;ITF45;ITF;ITF4;ITF45;
Presicce-Acquarica;M428;16;75;75;98;75098;Sud;Puglia;Lecce;1;75098;75098;75098;ITF;ITF4;ITF45;ITF;ITF4;ITF45;
Andria;A285;16;110;110;1;110001;Sud;Puglia;Barletta-Andria-Trani;1;110001;72005;72005;ITF;ITF4;ITF48;ITF;ITF4;ITF48;
Barletta;A669;16;110;110;2;110002;Sud;Puglia;Barletta-Andria-Trani;1;110002;72007;72007;ITF;ITF4;ITF48;ITF;ITF4;ITF48;
Bisceglie;A883;16;110;110;3;110003;Sud;Puglia;Barletta-Andria-Trani;1;110003;72009;72009;ITF;ITF4;ITF48;ITF;ITF4;ITF48;
Canosa di Puglia;B619;16;110;110;4;110004;Sud;Puglia;Barletta-Andria-Trani;1;110004;72013;72013;ITF;ITF4;ITF48;ITF;ITF4;ITF48;
Margherita di Savoia;E946;16;110;110;5;110005;Sud;Puglia;Barletta-Andria-Trani;1;110005;71030;71030;ITF;ITF4;ITF48;ITF;ITF4;ITF48;
Minervino Murge;F220;16;110;110;6;110006;Sud;Puglia;Barletta-Andria-Trani;1;110006;72026;72026;ITF;ITF4;ITF48;ITF;ITF4;ITF48;
San Ferdinando di Puglia;H839;16;110;110;7;110007;Sud;Puglia;Barletta-Andria-Trani;1;110007;71045;71045;ITF;ITF4;ITF48;ITF;ITF4;ITF48;
Spinazzola;I907;16;110;110;8;110008;Sud;Puglia;Barletta-Andria-Trani;1;110008;72042;72042;ITF;ITF4;ITF48;ITF;ITF4;ITF48;
Trani;L328;16;110;110;9;110009;Sud;Puglia;Barletta-Andria-Trani;1;110009;72045;72045;ITF;ITF4;ITF48;ITF;ITF4;ITF48;
Trinitapoli;B915;16;110;110;10;110010;Sud;Puglia;Barletta-Andria-Trani;1;110010;71057;71057;ITF;ITF4;ITF48;ITF;ITF4;ITF48;
Abriola;A013;17;76;76;1;76001;Sud;Basilicata;Potenza;1;76001;76001;76001;ITF;ITF5;ITF51;ITF;ITF5;ITF51;
Acerenza;A020;17;76;76;2;76002;Sud;Basilicata;Potenza;1;76002;76002;76002;ITF;ITF5;ITF51;ITF;ITF5;ITF51;
Albano di Lucania;A131;17;76;76;3;76003;Sud;Basilicata;Potenza;1;76003;76003;76003;ITF;ITF5;ITF51;ITF;ITF5;ITF51;
Anzi;A321;17;76;76;4;76004;Sud;Basilicata;Potenza;1;76004;76004;76004;ITF;ITF5;ITF51;ITF;ITF5;ITF51;
Armento;A415;17;76;76;5;76005;Sud;Basilicata;Potenza;1;76005;76005;76005;ITF;ITF5;ITF51;ITF;ITF5;ITF51;
Atella;A482;17;76;76;6;76006;Sud;Basilicata;Potenza;1;76006;76006;76006;ITF;ITF5;ITF51;ITF;ITF5;ITF51;
Avigliano;A519;17;76;76;7;76007;Sud;Basilicata;Potenza;1;76007;76007;76007;ITF;ITF5;ITF51;ITF;ITF5;ITF51;
Balvano;A604;17;76;76;8;76008;Sud;Basilicata;Potenza;1;76008;76008;76008;ITF;ITF5;ITF51;ITF;ITF5;ITF51;
Banzi;A612;17;76;76;9;76009;Sud;Basilicata;Potenza;1;76009;76009;76009;ITF;ITF5;ITF51;ITF;ITF5;ITF51;
Baragiano;A615;17;76;76;10;76010;Sud;Basilicata;Potenza;1;76010;76010;76010;ITF;ITF5;ITF51;ITF;ITF5;ITF51;
Barile;A666;17;76;76;11;76011;Sud;Basilicata;Potenza;1;76011;76011;76011;ITF;ITF5;ITF51;ITF;ITF5;ITF51;
Bella;A743;17;76;76;12;76012;Sud;Basilicata;Potenza;1;76012;76012;76012;ITF;ITF5;ITF51;ITF;ITF5;ITF51;
Brienza;B173;17;76;76;13;76013;Sud;Basilicata;Potenza;1;76013;76013;76013;ITF;ITF5;ITF51;ITF;ITF5;ITF51;
Brindisi Montagna;B181;17;76;76;14;76014;Sud;Basilicata;Potenza;1;76014;76014;76014;ITF;ITF5;ITF51;ITF;ITF5;ITF51;
Calvello;B440;17;76;76;15;76015;Sud;Basilicata;Potenza;1;76015;76015;76015;ITF;ITF5;ITF51;ITF;ITF5;ITF51;
Calvera;B443;17;76;76;16;76016;Sud;Basilicata;Potenza;1;76016;76016;76016;ITF;ITF5;ITF51;ITF;ITF5;ITF51;
Campomaggiore;B549;17;76;76;17;76017;Sud;Basilicata;Potenza;1;76017;76017;76017;ITF;ITF5;ITF51;ITF;ITF5;ITF51;
Cancellara;B580;17;76;76;18;76018;Sud;Basilicata;Potenza;1;76018;76018;76018;ITF;ITF5;ITF51;ITF;ITF5;ITF51;
Carbone;B743;17;76;76;19;76019;Sud;Basilicata;Potenza;1;76019;76019;76019;ITF;ITF5;ITF51;ITF;ITF5;ITF51;
San Paolo Albanese;B906;17;76;76;20;76020;Sud;Basilicata;Potenza;1;76020;76020;76020;ITF;ITF5;ITF51;ITF;ITF5;ITF51;
Castelgrande;C120;17;76;76;21;76021;Sud;Basilicata;Potenza;1;76021;76021;76021;ITF;ITF5;ITF51;ITF;ITF5;ITF51;
Castelluccio Inferiore;C199;17;76;76;22;76022;Sud;Basilicata;Potenza;1;76022;76022;76022;ITF;ITF5;ITF51;ITF;ITF5;ITF51;
Castelluccio Superiore;C201;17;76;76;23;76023;Sud;Basilicata;Potenza;1;76023;76023;76023;ITF;ITF5;ITF51;ITF;ITF5;ITF51;
Castelmezzano;C209;17;76;76;24;76024;Sud;Basilicata;Potenza;1;76024;76024;76024;ITF;ITF5;ITF51;ITF;ITF5;ITF51;
Castelsaraceno;C271;17;76;76;25;76025;Sud;Basilicata;Potenza;1;76025;76025;76025;ITF;ITF5;ITF51;ITF;ITF5;ITF51;
Castronuovo di Sant'Andrea;C345;17;76;76;26;76026;Sud;Basilicata;Potenza;1;76026;76026;76026;ITF;ITF5;ITF51;ITF;ITF5;ITF51;
Cersosimo;C539;17;76;76;27;76027;Sud;Basilicata;Potenza;1;76027;76027;76027;ITF;ITF5;ITF51;ITF;ITF5;ITF51;
Chiaromonte;C619;17;76;76;28;76028;Sud;Basilicata;Potenza;1;76028;76028;76028;ITF;ITF5;ITF51;ITF;ITF5;ITF51;
Corleto Perticara;D010;17;76;76;29;76029;Sud;Basilicata;Potenza;1;76029;76029;76029;ITF;ITF5;ITF51;ITF;ITF5;ITF51;
Episcopia;D414;17;76;76;30;76030;Sud;Basilicata;Potenza;1;76030;76030;76030;ITF;ITF5;ITF51;ITF;ITF5;ITF51;
Fardella;D497;17;76;76;31;76031;Sud;Basilicata;Potenza;1;76031;76031;76031;ITF;ITF5;ITF51;ITF;ITF5;ITF51;
Filiano;D593;17;76;76;32;76032;Sud;Basilicata;Potenza;1;76032;76032;76032;ITF;ITF5;ITF51;ITF;ITF5;ITF51;
Forenza;D696;17;76;76;33;76033;Sud;Basilicata;Potenza;1;76033;76033;76033;ITF;ITF5;ITF51;ITF;ITF5;ITF51;
Francavilla in Sinni;D766;17;76;76;34;76034;Sud;Basilicata;Potenza;1;76034;76034;76034;ITF;ITF5;ITF51;ITF;ITF5;ITF51;
Gallicchio;D876;17;76;76;35;76035;Sud;Basilicata;Potenza;1;76035;76035;76035;ITF;ITF5;ITF51;ITF;ITF5;ITF51;
Genzano di Lucania;D971;17;76;76;36;76036;Sud;Basilicata;Potenza;1;76036;76036;76036;ITF;ITF5;ITF51;ITF;ITF5;ITF51;
Grumento Nova;E221;17;76;76;37;76037;Sud;Basilicata;Potenza;1;76037;76037;76037;ITF;ITF5;ITF51;ITF;ITF5;ITF51;
Guardia Perticara;E246;17;76;76;38;76038;Sud;Basilicata;Potenza;1;76038;76038;76038;ITF;ITF5;ITF51;ITF;ITF5;ITF51;
Lagonegro;E409;17;76;76;39;76039;Sud;Basilicata;Potenza;1;76039;76039;76039;ITF;ITF5;ITF51;ITF;ITF5;ITF51;
Latronico;E474;17;76;76;40;76040;Sud;Basilicata;Potenza;1;76040;76040;76040;ITF;ITF5;ITF51;ITF;ITF5;ITF51;
Laurenzana;E482;17;76;76;41;76041;Sud;Basilicata;Potenza;1;76041;76041;76041;ITF;ITF5;ITF51;ITF;ITF5;ITF51;
Lauria;E483;17;76;76;42;76042;Sud;Basilicata;Potenza;1;76042;76042;76042;ITF;ITF5;ITF51;ITF;ITF5;ITF51;
Lavello;E493;17;76;76;43;76043;Sud;Basilicata;Potenza;1;76043;76043;76043;ITF;ITF5;ITF51;ITF;ITF5;ITF51;
Maratea;E919;17;76;76;44;76044;Sud;Basilicata;Potenza;1;76044;76044;76044;ITF;ITF5;ITF51;ITF;ITF5;ITF51;
Marsico Nuovo;E976;17;76;76;45;76045;Sud;Basilicata;Potenza;1;76045;76045;76045;ITF;ITF5;ITF51;ITF;ITF5;ITF51;
Marsicovetere;E977;17;76;76;46;76046;Sud;Basilicata;Potenza;1;76046;76046;76046;ITF;ITF5;ITF51;ITF;ITF5;ITF51;
Maschito;F006;17;76;76;47;76047;Sud;Basilicata;Potenza;1;76047;76047;76047;ITF;ITF5;ITF51;ITF;ITF5;ITF51;
Melfi;F104;17;76;76;48;76048;Sud;Basilicata;Potenza;1;76048;76048;76048;ITF;ITF5;ITF51;ITF;ITF5;ITF51;
Missanello;F249;17;76;76;49;76049;Sud;Basilicata;Potenza;1;76049;76049;76049;ITF;ITF5;ITF51;ITF;ITF5;ITF51;
Moliterno;F295;17;76;76;50;76050;Sud;Basilicata;Potenza;1;76050;76050;76050;ITF;ITF5;ITF51;ITF;ITF5;ITF51;
Montemilone;F568;17;76;76;51;76051;Sud;Basilicata;Potenza;1;76051;76051;76051;ITF;ITF5;ITF51;ITF;ITF5;ITF51;
Montemurro;F573;17;76;76;52;76052;Sud;Basilicata;Potenza;1;76052;76052;76052;ITF;ITF5;ITF51;ITF;ITF5;ITF51;
Muro Lucano;F817;17;76;76;53;76053;Sud;Basilicata;Potenza;1;76053;76053;76053;ITF;ITF5;ITF51;ITF;ITF5;ITF51;
Nemoli;F866;17;76;76;54;76054;Sud;Basilicata;Potenza;1;76054;76054;76054;ITF;ITF5;ITF51;ITF;ITF5;ITF51;
Noepoli;F917;17;76;76;55;76055;Sud;Basilicata;Potenza;1;76055;76055;76055;ITF;ITF5;ITF51;ITF;ITF5;ITF51;
Oppido Lucano;G081;17;76;76;56;76056;Sud;Basilicata;Potenza;1;76056;76056;76056;ITF;ITF5;ITF51;ITF;ITF5;ITF51;
Palazzo San Gervasio;G261;17;76;76;57;76057;Sud;Basilicata;Potenza;1;76057;76057;76057;ITF;ITF5;ITF51;ITF;ITF5;ITF51;
Pescopagano;G496;17;76;76;58;76058;Sud;Basilicata;Potenza;1;76058;76058;76058;ITF;ITF5;ITF51;ITF;ITF5;ITF51;
Picerno;G590;17;76;76;59;76059;Sud;Basilicata;Potenza;1;76059;76059;76059;ITF;ITF5;ITF51;ITF;ITF5;ITF51;
Pietragalla;G616;17;76;76;60;76060;Sud;Basilicata;Potenza;1;76060;76060;76060;ITF;ITF5;ITF51;ITF;ITF5;ITF51;
Pietrapertosa;G623;17;76;76;61;76061;Sud;Basilicata;Potenza;1;76061;76061;76061;ITF;ITF5;ITF51;ITF;ITF5;ITF51;
Pignola;G663;17;76;76;62;76062;Sud;Basilicata;Potenza;1;76062;76062;76062;ITF;ITF5;ITF51;ITF;ITF5;ITF51;
Potenza;G942;17;76;76;63;76063;Sud;Basilicata;Potenza;1;76063;76063;76063;ITF;ITF5;ITF51;ITF;ITF5;ITF51;
Rapolla;H186;17;76;76;64;76064;Sud;Basilicata;Potenza;1;76064;76064;76064;ITF;ITF5;ITF51;ITF;ITF5;ITF51;
Rapone;H187;17;76;76;65;76065;Sud;Basilicata;Potenza;1;76065;76065;76065;ITF;ITF5;ITF51;ITF;ITF5;ITF51;
Rionero in Vulture;H307;17;76;76;66;76066;Sud;Basilicata;Potenza;1;76066;76066;76066;ITF;ITF5;ITF51;ITF;ITF5;ITF51;
Ripacandida;H312;17;76;76;67;76067;Sud;Basilicata;Potenza;1;76067;76067;76067;ITF;ITF5;ITF51;ITF;ITF5;ITF51;
Rivello;H348;17;76;76;68;76068;Sud;Basilicata;Potenza;1;76068;76068;76068;ITF;ITF5;ITF51;ITF;ITF5;ITF51;
Roccanova;H426;17;76;76;69;76069;Sud;Basilicata;Potenza;1;76069;76069;76069;ITF;ITF5;ITF51;ITF;ITF5;ITF51;
Rotonda;H590;17;76;76;70;76070;Sud;Basilicata;Potenza;1;76070;76070;76070;ITF;ITF5;ITF51;ITF;ITF5;ITF51;
Ruoti;H641;17;76;76;71;76071;Sud;Basilicata;Potenza;1;76071;76071;76071;ITF;ITF5;ITF51;ITF;ITF5;ITF51;
Ruvo del Monte;H646;17;76;76;72;76072;Sud;Basilicata;Potenza;1;76072;76072;76072;ITF;ITF5;ITF51;ITF;ITF5;ITF51;
San Chirico Nuovo;H795;17;76;76;73;76073;Sud;Basilicata;Potenza;1;76073;76073;76073;ITF;ITF5;ITF51;ITF;ITF5;ITF51;
San Chirico Raparo;H796;17;76;76;74;76074;Sud;Basilicata;Potenza;1;76074;76074;76074;ITF;ITF5;ITF51;ITF;ITF5;ITF51;
San Costantino Albanese;H808;17;76;76;75;76075;Sud;Basilicata;Potenza;1;76075;76075;76075;ITF;ITF5;ITF51;ITF;ITF5;ITF51;
San Fele;H831;17;76;76;76;76076;Sud;Basilicata;Potenza;1;76076;76076;76076;ITF;ITF5;ITF51;ITF;ITF5;ITF51;
San Martino d'Agri;H994;17;76;76;77;76077;Sud;Basilicata;Potenza;1;76077;76077;76077;ITF;ITF5;ITF51;ITF;ITF5;ITF51;
San Severino Lucano;I157;17;76;76;78;76078;Sud;Basilicata;Potenza;1;76078;76078;76078;ITF;ITF5;ITF51;ITF;ITF5;ITF51;
Sant'Angelo Le Fratte;I288;17;76;76;79;76079;Sud;Basilicata;Potenza;1;76079;76079;76079;ITF;ITF5;ITF51;ITF;ITF5;ITF51;
Sant'Arcangelo;I305;17;76;76;80;76080;Sud;Basilicata;Potenza;1;76080;76080;76080;ITF;ITF5;ITF51;ITF;ITF5;ITF51;
Sarconi;I426;17;76;76;81;76081;Sud;Basilicata;Potenza;1;76081;76081;76081;ITF;ITF5;ITF51;ITF;ITF5;ITF51;
Sasso di Castalda;I457;17;76;76;82;76082;Sud;Basilicata;Potenza;1;76082;76082;76082;ITF;ITF5;ITF51;ITF;ITF5;ITF51;
Satriano di Lucania;G614;17;76;76;83;76083;Sud;Basilicata;Potenza;1;76083;76083;76083;ITF;ITF5;ITF51;ITF;ITF5;ITF51;
Savoia di Lucania;H730;17;76;76;84;76084;Sud;Basilicata;Potenza;1;76084;76084;76084;ITF;ITF5;ITF51;ITF;ITF5;ITF51;
Senise;I610;17;76;76;85;76085;Sud;Basilicata;Potenza;1;76085;76085;76085;ITF;ITF5;ITF51;ITF;ITF5;ITF51;
Spinoso;I917;17;76;76;86;76086;Sud;Basilicata;Potenza;1;76086;76086;76086;ITF;ITF5;ITF51;ITF;ITF5;ITF51;
Teana;L082;17;76;76;87;76087;Sud;Basilicata;Potenza;1;76087;76087;76087;ITF;ITF5;ITF51;ITF;ITF5;ITF51;
Terranova di Pollino;L126;17;76;76;88;76088;Sud;Basilicata;Potenza;1;76088;76088;76088;ITF;ITF5;ITF51;ITF;ITF5;ITF51;
Tito;L181;17;76;76;89;76089;Sud;Basilicata;Potenza;1;76089;76089;76089;ITF;ITF5;ITF51;ITF;ITF5;ITF51;
Tolve;L197;17;76;76;90;76090;Sud;Basilicata;Potenza;1;76090;76090;76090;ITF;ITF5;ITF51;ITF;ITF5;ITF51;
Tramutola;L326;17;76;76;91;76091;Sud;Basilicata;Potenza;1;76091;76091;76091;ITF;ITF5;ITF51;ITF;ITF5;ITF51;
Trecchina;L357;17;76;76;92;76092;Sud;Basilicata;Potenza;1;76092;76092;76092;ITF;ITF5;ITF51;ITF;ITF5;ITF51;
Trivigno;L439;17;76;76;93;76093;Sud;Basilicata;Potenza;1;76093;76093;76093;ITF;ITF5;ITF51;ITF;ITF5;ITF51;
Vaglio Basilicata;L532;17;76;76;94;76094;Sud;Basilicata;Potenza;1;76094;76094;76094;ITF;ITF5;ITF51;ITF;ITF5;ITF51;
Venosa;L738;17;76;76;95;76095;Sud;Basilicata;Potenza;1;76095;76095;76095;ITF;ITF5;ITF51;ITF;ITF5;ITF51;
Vietri di Potenza;L859;17;76;76;96;76096;Sud;Basilicata;Potenza;1;76096;76096;76096;ITF;ITF5;ITF51;ITF;ITF5;ITF51;
Viggianello;L873;17;76;76;97;76097;Sud;Basilicata;Potenza;1;76097;76097;76097;ITF;ITF5;ITF51;ITF;ITF5;ITF51;
Viggiano;L874;17;76;76;98;76098;Sud;Basilicata;Potenza;1;76098;76098;76098;ITF;ITF5;ITF51;ITF;ITF5;ITF51;
Ginestra;E033;17;76;76;99;76099;Sud;Basilicata;Potenza;1;76099;76099;76099;ITF;ITF5;ITF51;ITF;ITF5;ITF51;
Paterno;M269;17;76;76;100;76100;Sud;Basilicata;Potenza;1;76100;76100;76100;ITF;ITF5;ITF51;ITF;ITF5;ITF51;
Accettura;A017;17;77;77;1;77001;Sud;Basilicata;Matera;1;77001;77001;77001;ITF;ITF5;ITF52;ITF;ITF5;ITF52;
Aliano;A196;17;77;77;2;77002;Sud;Basilicata;Matera;1;77002;77002;77002;ITF;ITF5;ITF52;ITF;ITF5;ITF52;
Bernalda;A801;17;77;77;3;77003;Sud;Basilicata;Matera;1;77003;77003;77003;ITF;ITF5;ITF52;ITF;ITF5;ITF52;
Calciano;B391;17;77;77;4;77004;Sud;Basilicata;Matera;1;77004;77004;77004;ITF;ITF5;ITF52;ITF;ITF5;ITF52;
Cirigliano;C723;17;77;77;5;77005;Sud;Basilicata;Matera;1;77005;77005;77005;ITF;ITF5;ITF52;ITF;ITF5;ITF52;
Colobraro;C888;17;77;77;6;77006;Sud;Basilicata;Matera;1;77006;77006;77006;ITF;ITF5;ITF52;ITF;ITF5;ITF52;
Craco;D128;17;77;77;7;77007;Sud;Basilicata;Matera;1;77007;77007;77007;ITF;ITF5;ITF52;ITF;ITF5;ITF52;
Ferrandina;D547;17;77;77;8;77008;Sud;Basilicata;Matera;1;77008;77008;77008;ITF;ITF5;ITF52;ITF;ITF5;ITF52;
Garaguso;D909;17;77;77;9;77009;Sud;Basilicata;Matera;1;77009;77009;77009;ITF;ITF5;ITF52;ITF;ITF5;ITF52;
Gorgoglione;E093;17;77;77;10;77010;Sud;Basilicata;Matera;1;77010;77010;77010;ITF;ITF5;ITF52;ITF;ITF5;ITF52;
Grassano;E147;17;77;77;11;77011;Sud;Basilicata;Matera;1;77011;77011;77011;ITF;ITF5;ITF52;ITF;ITF5;ITF52;
Grottole;E213;17;77;77;12;77012;Sud;Basilicata;Matera;1;77012;77012;77012;ITF;ITF5;ITF52;ITF;ITF5;ITF52;
Irsina;E326;17;77;77;13;77013;Sud;Basilicata;Matera;1;77013;77013;77013;ITF;ITF5;ITF52;ITF;ITF5;ITF52;
Matera;F052;17;77;77;14;77014;Sud;Basilicata;Matera;1;77014;77014;77014;ITF;ITF5;ITF52;ITF;ITF5;ITF52;
Miglionico;F201;17;77;77;15;77015;Sud;Basilicata;Matera;1;77015;77015;77015;ITF;ITF5;ITF52;ITF;ITF5;ITF52;
Montalbano Jonico;F399;17;77;77;16;77016;Sud;Basilicata;Matera;1;77016;77016;77016;ITF;ITF5;ITF52;ITF;ITF5;ITF52;
Montescaglioso;F637;17;77;77;17;77017;Sud;Basilicata;Matera;1;77017;77017;77017;ITF;ITF5;ITF52;ITF;ITF5;ITF52;
Nova Siri;A942;17;77;77;18;77018;Sud;Basilicata;Matera;1;77018;77018;77018;ITF;ITF5;ITF52;ITF;ITF5;ITF52;
Oliveto Lucano;G037;17;77;77;19;77019;Sud;Basilicata;Matera;1;77019;77019;77019;ITF;ITF5;ITF52;ITF;ITF5;ITF52;
Pisticci;G712;17;77;77;20;77020;Sud;Basilicata;Matera;1;77020;77020;77020;ITF;ITF5;ITF52;ITF;ITF5;ITF52;
Policoro;G786;17;77;77;21;77021;Sud;Basilicata;Matera;1;77021;77021;77021;ITF;ITF5;ITF52;ITF;ITF5;ITF52;
Pomarico;G806;17;77;77;22;77022;Sud;Basilicata;Matera;1;77022;77022;77022;ITF;ITF5;ITF52;ITF;ITF5;ITF52;
Rotondella;H591;17;77;77;23;77023;Sud;Basilicata;Matera;1;77023;77023;77023;ITF;ITF5;ITF52;ITF;ITF5;ITF52;
Salandra;H687;17;77;77;24;77024;Sud;Basilicata;Matera;1;77024;77024;77024;ITF;ITF5;ITF52;ITF;ITF5;ITF52;
San Giorgio Lucano;H888;17;77;77;25;77025;Sud;Basilicata;Matera;1;77025;77025;77025;ITF;ITF5;ITF52;ITF;ITF5;ITF52;
San Mauro Forte;I029;17;77;77;26;77026;Sud;Basilicata;Matera;1;77026;77026;77026;ITF;ITF5;ITF52;ITF;ITF5;ITF52;
Stigliano;I954;17;77;77;27;77027;Sud;Basilicata;Matera;1;77027;77027;77027;ITF;ITF5;ITF52;ITF;ITF5;ITF52;
Tricarico;L418;17;77;77;28;77028;Sud;Basilicata;Matera;1;77028;77028;77028;ITF;ITF5;ITF52;ITF;ITF5;ITF52;
Tursi;L477;17;77;77;29;77029;Sud;Basilicata;Matera;1;77029;77029;77029;ITF;ITF5;ITF52;ITF;ITF5;ITF52;
Valsinni;D513;17;77;77;30;77030;Sud;Basilicata;Matera;1;77030;77030;77030;ITF;ITF5;ITF52;ITF;ITF5;ITF52;
Scanzano Jonico;M256;17;77;77;31;77031;Sud;Basilicata;Matera;1;77031;77031;77031;ITF;ITF5;ITF52;ITF;ITF5;ITF52;
Acquaformosa;A033;18;78;78;1;78001;Sud;Calabria;Cosenza;1;78001;78001;78001;ITF;ITF6;ITF61;ITF;ITF6;ITF61;
Acquappesa;A041;18;78;78;2;78002;Sud;Calabria;Cosenza;1;78002;78002;78002;ITF;ITF6;ITF61;ITF;ITF6;ITF61;
Acri;A053;18;78;78;3;78003;Sud;Calabria;Cosenza;1;78003;78003;78003;ITF;ITF6;ITF61;ITF;ITF6;ITF61;
Aiello Calabro;A102;18;78;78;4;78004;Sud;Calabria;Cosenza;1;78004;78004;78004;ITF;ITF6;ITF61;ITF;ITF6;ITF61;
Aieta;A105;18;78;78;5;78005;Sud;Calabria;Cosenza;1;78005;78005;78005;ITF;ITF6;ITF61;ITF;ITF6;ITF61;
Albidona;A160;18;78;78;6;78006;Sud;Calabria;Cosenza;1;78006;78006;78006;ITF;ITF6;ITF61;ITF;ITF6;ITF61;
Alessandria del Carretto;A183;18;78;78;7;78007;Sud;Calabria;Cosenza;1;78007;78007;78007;ITF;ITF6;ITF61;ITF;ITF6;ITF61;
Altilia;A234;18;78;78;8;78008;Sud;Calabria;Cosenza;1;78008;78008;78008;ITF;ITF6;ITF61;ITF;ITF6;ITF61;
Altomonte;A240;18;78;78;9;78009;Sud;Calabria;Cosenza;1;78009;78009;78009;ITF;ITF6;ITF61;ITF;ITF6;ITF61;
Amantea;A253;18;78;78;10;78010;Sud;Calabria;Cosenza;1;78010;78010;78010;ITF;ITF6;ITF61;ITF;ITF6;ITF61;
Amendolara;A263;18;78;78;11;78011;Sud;Calabria;Cosenza;1;78011;78011;78011;ITF;ITF6;ITF61;ITF;ITF6;ITF61;
Aprigliano;A340;18;78;78;12;78012;Sud;Calabria;Cosenza;1;78012;78012;78012;ITF;ITF6;ITF61;ITF;ITF6;ITF61;
Belmonte Calabro;A762;18;78;78;13;78013;Sud;Calabria;Cosenza;1;78013;78013;78013;ITF;ITF6;ITF61;ITF;ITF6;ITF61;
Belsito;A768;18;78;78;14;78014;Sud;Calabria;Cosenza;1;78014;78014;78014;ITF;ITF6;ITF61;ITF;ITF6;ITF61;
Belvedere Marittimo;A773;18;78;78;15;78015;Sud;Calabria;Cosenza;1;78015;78015;78015;ITF;ITF6;ITF61;ITF;ITF6;ITF61;
Bianchi;A842;18;78;78;16;78016;Sud;Calabria;Cosenza;1;78016;78016;78016;ITF;ITF6;ITF61;ITF;ITF6;ITF61;
Bisignano;A887;18;78;78;17;78017;Sud;Calabria;Cosenza;1;78017;78017;78017;ITF;ITF6;ITF61;ITF;ITF6;ITF61;
Bocchigliero;A912;18;78;78;18;78018;Sud;Calabria;Cosenza;1;78018;78018;78018;ITF;ITF6;ITF61;ITF;ITF6;ITF61;
Bonifati;A973;18;78;78;19;78019;Sud;Calabria;Cosenza;1;78019;78019;78019;ITF;ITF6;ITF61;ITF;ITF6;ITF61;
Buonvicino;B270;18;78;78;20;78020;Sud;Calabria;Cosenza;1;78020;78020;78020;ITF;ITF6;ITF61;ITF;ITF6;ITF61;
Calopezzati;B424;18;78;78;21;78021;Sud;Calabria;Cosenza;1;78021;78021;78021;ITF;ITF6;ITF61;ITF;ITF6;ITF61;
Caloveto;B426;18;78;78;22;78022;Sud;Calabria;Cosenza;1;78022;78022;78022;ITF;ITF6;ITF61;ITF;ITF6;ITF61;
Campana;B500;18;78;78;23;78023;Sud;Calabria;Cosenza;1;78023;78023;78023;ITF;ITF6;ITF61;ITF;ITF6;ITF61;
Canna;B607;18;78;78;24;78024;Sud;Calabria;Cosenza;1;78024;78024;78024;ITF;ITF6;ITF61;ITF;ITF6;ITF61;
Cariati;B774;18;78;78;25;78025;Sud;Calabria;Cosenza;1;78025;78025;78025;ITF;ITF6;ITF61;ITF;ITF6;ITF61;
Carolei;B802;18;78;78;26;78026;Sud;Calabria;Cosenza;1;78026;78026;78026;ITF;ITF6;ITF61;ITF;ITF6;ITF61;
Carpanzano;B813;18;78;78;27;78027;Sud;Calabria;Cosenza;1;78027;78027;78027;ITF;ITF6;ITF61;ITF;ITF6;ITF61;
Cassano all'Ionio;C002;18;78;78;29;78029;Sud;Calabria;Cosenza;1;78029;78029;78029;ITF;ITF6;ITF61;ITF;ITF6;ITF61;
Castiglione Cosentino;C301;18;78;78;30;78030;Sud;Calabria;Cosenza;1;78030;78030;78030;ITF;ITF6;ITF61;ITF;ITF6;ITF61;
Castrolibero;C108;18;78;78;31;78031;Sud;Calabria;Cosenza;1;78031;78031;78031;ITF;ITF6;ITF61;ITF;ITF6;ITF61;
Castroregio;C348;18;78;78;32;78032;Sud;Calabria;Cosenza;1;78032;78032;78032;ITF;ITF6;ITF61;ITF;ITF6;ITF61;
Castrovillari;C349;18;78;78;33;78033;Sud;Calabria;Cosenza;1;78033;78033;78033;ITF;ITF6;ITF61;ITF;ITF6;ITF61;
Celico;C430;18;78;78;34;78034;Sud;Calabria;Cosenza;1;78034;78034;78034;ITF;ITF6;ITF61;ITF;ITF6;ITF61;
Cellara;C437;18;78;78;35;78035;Sud;Calabria;Cosenza;1;78035;78035;78035;ITF;ITF6;ITF61;ITF;ITF6;ITF61;
Cerchiara di Calabria;C489;18;78;78;36;78036;Sud;Calabria;Cosenza;1;78036;78036;78036;ITF;ITF6;ITF61;ITF;ITF6;ITF61;
Cerisano;C515;18;78;78;37;78037;Sud;Calabria;Cosenza;1;78037;78037;78037;ITF;ITF6;ITF61;ITF;ITF6;ITF61;
Cervicati;C554;18;78;78;38;78038;Sud;Calabria;Cosenza;1;78038;78038;78038;ITF;ITF6;ITF61;ITF;ITF6;ITF61;
Cerzeto;C560;18;78;78;39;78039;Sud;Calabria;Cosenza;1;78039;78039;78039;ITF;ITF6;ITF61;ITF;ITF6;ITF61;
Cetraro;C588;18;78;78;40;78040;Sud;Calabria;Cosenza;1;78040;78040;78040;ITF;ITF6;ITF61;ITF;ITF6;ITF61;
Civita;C763;18;78;78;41;78041;Sud;Calabria;Cosenza;1;78041;78041;78041;ITF;ITF6;ITF61;ITF;ITF6;ITF61;
Cleto;C795;18;78;78;42;78042;Sud;Calabria;Cosenza;1;78042;78042;78042;ITF;ITF6;ITF61;ITF;ITF6;ITF61;
Colosimi;C905;18;78;78;43;78043;Sud;Calabria;Cosenza;1;78043;78043;78043;ITF;ITF6;ITF61;ITF;ITF6;ITF61;
Cosenza;D086;18;78;78;45;78045;Sud;Calabria;Cosenza;1;78045;78045;78045;ITF;ITF6;ITF61;ITF;ITF6;ITF61;
Cropalati;D180;18;78;78;46;78046;Sud;Calabria;Cosenza;1;78046;78046;78046;ITF;ITF6;ITF61;ITF;ITF6;ITF61;
Crosia;D184;18;78;78;47;78047;Sud;Calabria;Cosenza;1;78047;78047;78047;ITF;ITF6;ITF61;ITF;ITF6;ITF61;
Diamante;D289;18;78;78;48;78048;Sud;Calabria;Cosenza;1;78048;78048;78048;ITF;ITF6;ITF61;ITF;ITF6;ITF61;
Dipignano;D304;18;78;78;49;78049;Sud;Calabria;Cosenza;1;78049;78049;78049;ITF;ITF6;ITF61;ITF;ITF6;ITF61;
Domanico;D328;18;78;78;50;78050;Sud;Calabria;Cosenza;1;78050;78050;78050;ITF;ITF6;ITF61;ITF;ITF6;ITF61;
Fagnano Castello;D464;18;78;78;51;78051;Sud;Calabria;Cosenza;1;78051;78051;78051;ITF;ITF6;ITF61;ITF;ITF6;ITF61;
Falconara Albanese;D473;18;78;78;52;78052;Sud;Calabria;Cosenza;1;78052;78052;78052;ITF;ITF6;ITF61;ITF;ITF6;ITF61;
Figline Vegliaturo;D582;18;78;78;53;78053;Sud;Calabria;Cosenza;1;78053;78053;78053;ITF;ITF6;ITF61;ITF;ITF6;ITF61;
Firmo;D614;18;78;78;54;78054;Sud;Calabria;Cosenza;1;78054;78054;78054;ITF;ITF6;ITF61;ITF;ITF6;ITF61;
Fiumefreddo Bruzio;D624;18;78;78;55;78055;Sud;Calabria;Cosenza;1;78055;78055;78055;ITF;ITF6;ITF61;ITF;ITF6;ITF61;
Francavilla Marittima;D764;18;78;78;56;78056;Sud;Calabria;Cosenza;1;78056;78056;78056;ITF;ITF6;ITF61;ITF;ITF6;ITF61;
Frascineto;D774;18;78;78;57;78057;Sud;Calabria;Cosenza;1;78057;78057;78057;ITF;ITF6;ITF61;ITF;ITF6;ITF61;
Fuscaldo;D828;18;78;78;58;78058;Sud;Calabria;Cosenza;1;78058;78058;78058;ITF;ITF6;ITF61;ITF;ITF6;ITF61;
Grimaldi;E180;18;78;78;59;78059;Sud;Calabria;Cosenza;1;78059;78059;78059;ITF;ITF6;ITF61;ITF;ITF6;ITF61;
Grisolia;E185;18;78;78;60;78060;Sud;Calabria;Cosenza;1;78060;78060;78060;ITF;ITF6;ITF61;ITF;ITF6;ITF61;
Guardia Piemontese;E242;18;78;78;61;78061;Sud;Calabria;Cosenza;1;78061;78061;78061;ITF;ITF6;ITF61;ITF;ITF6;ITF61;
Lago;E407;18;78;78;62;78062;Sud;Calabria;Cosenza;1;78062;78062;78062;ITF;ITF6;ITF61;ITF;ITF6;ITF61;
Laino Borgo;E417;18;78;78;63;78063;Sud;Calabria;Cosenza;1;78063;78063;78063;ITF;ITF6;ITF61;ITF;ITF6;ITF61;
Laino Castello;E419;18;78;78;64;78064;Sud;Calabria;Cosenza;1;78064;78064;78064;ITF;ITF6;ITF61;ITF;ITF6;ITF61;
Lappano;E450;18;78;78;65;78065;Sud;Calabria;Cosenza;1;78065;78065;78065;ITF;ITF6;ITF61;ITF;ITF6;ITF61;
Lattarico;E475;18;78;78;66;78066;Sud;Calabria;Cosenza;1;78066;78066;78066;ITF;ITF6;ITF61;ITF;ITF6;ITF61;
Longobardi;E677;18;78;78;67;78067;Sud;Calabria;Cosenza;1;78067;78067;78067;ITF;ITF6;ITF61;ITF;ITF6;ITF61;
Longobucco;E678;18;78;78;68;78068;Sud;Calabria;Cosenza;1;78068;78068;78068;ITF;ITF6;ITF61;ITF;ITF6;ITF61;
Lungro;E745;18;78;78;69;78069;Sud;Calabria;Cosenza;1;78069;78069;78069;ITF;ITF6;ITF61;ITF;ITF6;ITF61;
Luzzi;E773;18;78;78;70;78070;Sud;Calabria;Cosenza;1;78070;78070;78070;ITF;ITF6;ITF61;ITF;ITF6;ITF61;
Maier‡;E835;18;78;78;71;78071;Sud;Calabria;Cosenza;1;78071;78071;78071;ITF;ITF6;ITF61;ITF;ITF6;ITF61;
Malito;E859;18;78;78;72;78072;Sud;Calabria;Cosenza;1;78072;78072;78072;ITF;ITF6;ITF61;ITF;ITF6;ITF61;
Malvito;E872;18;78;78;73;78073;Sud;Calabria;Cosenza;1;78073;78073;78073;ITF;ITF6;ITF61;ITF;ITF6;ITF61;
Mandatoriccio;E878;18;78;78;74;78074;Sud;Calabria;Cosenza;1;78074;78074;78074;ITF;ITF6;ITF61;ITF;ITF6;ITF61;
Mangone;E888;18;78;78;75;78075;Sud;Calabria;Cosenza;1;78075;78075;78075;ITF;ITF6;ITF61;ITF;ITF6;ITF61;
Marano Marchesato;E914;18;78;78;76;78076;Sud;Calabria;Cosenza;1;78076;78076;78076;ITF;ITF6;ITF61;ITF;ITF6;ITF61;
Marano Principato;E915;18;78;78;77;78077;Sud;Calabria;Cosenza;1;78077;78077;78077;ITF;ITF6;ITF61;ITF;ITF6;ITF61;
Marzi;F001;18;78;78;78;78078;Sud;Calabria;Cosenza;1;78078;78078;78078;ITF;ITF6;ITF61;ITF;ITF6;ITF61;
Mendicino;F125;18;78;78;79;78079;Sud;Calabria;Cosenza;1;78079;78079;78079;ITF;ITF6;ITF61;ITF;ITF6;ITF61;
Mongrassano;F370;18;78;78;80;78080;Sud;Calabria;Cosenza;1;78080;78080;78080;ITF;ITF6;ITF61;ITF;ITF6;ITF61;
Montalto Uffugo;F416;18;78;78;81;78081;Sud;Calabria;Cosenza;1;78081;78081;78081;ITF;ITF6;ITF61;ITF;ITF6;ITF61;
Montegiordano;F519;18;78;78;82;78082;Sud;Calabria;Cosenza;1;78082;78082;78082;ITF;ITF6;ITF61;ITF;ITF6;ITF61;
Morano Calabro;F708;18;78;78;83;78083;Sud;Calabria;Cosenza;1;78083;78083;78083;ITF;ITF6;ITF61;ITF;ITF6;ITF61;
Mormanno;F735;18;78;78;84;78084;Sud;Calabria;Cosenza;1;78084;78084;78084;ITF;ITF6;ITF61;ITF;ITF6;ITF61;
Mottafollone;F775;18;78;78;85;78085;Sud;Calabria;Cosenza;1;78085;78085;78085;ITF;ITF6;ITF61;ITF;ITF6;ITF61;
Nocara;F907;18;78;78;86;78086;Sud;Calabria;Cosenza;1;78086;78086;78086;ITF;ITF6;ITF61;ITF;ITF6;ITF61;
Oriolo;G110;18;78;78;87;78087;Sud;Calabria;Cosenza;1;78087;78087;78087;ITF;ITF6;ITF61;ITF;ITF6;ITF61;
Orsomarso;G129;18;78;78;88;78088;Sud;Calabria;Cosenza;1;78088;78088;78088;ITF;ITF6;ITF61;ITF;ITF6;ITF61;
Paludi;G298;18;78;78;89;78089;Sud;Calabria;Cosenza;1;78089;78089;78089;ITF;ITF6;ITF61;ITF;ITF6;ITF61;
Panettieri;G307;18;78;78;90;78090;Sud;Calabria;Cosenza;1;78090;78090;78090;ITF;ITF6;ITF61;ITF;ITF6;ITF61;
Paola;G317;18;78;78;91;78091;Sud;Calabria;Cosenza;1;78091;78091;78091;ITF;ITF6;ITF61;ITF;ITF6;ITF61;
Papasidero;G320;18;78;78;92;78092;Sud;Calabria;Cosenza;1;78092;78092;78092;ITF;ITF6;ITF61;ITF;ITF6;ITF61;
Parenti;G331;18;78;78;93;78093;Sud;Calabria;Cosenza;1;78093;78093;78093;ITF;ITF6;ITF61;ITF;ITF6;ITF61;
Paterno Calabro;G372;18;78;78;94;78094;Sud;Calabria;Cosenza;1;78094;78094;78094;ITF;ITF6;ITF61;ITF;ITF6;ITF61;
Pedivigliano;G411;18;78;78;96;78096;Sud;Calabria;Cosenza;1;78096;78096;78096;ITF;ITF6;ITF61;ITF;ITF6;ITF61;
Piane Crati;G553;18;78;78;97;78097;Sud;Calabria;Cosenza;1;78097;78097;78097;ITF;ITF6;ITF61;ITF;ITF6;ITF61;
Pietrafitta;G615;18;78;78;98;78098;Sud;Calabria;Cosenza;1;78098;78098;78098;ITF;ITF6;ITF61;ITF;ITF6;ITF61;
Pietrapaola;G622;18;78;78;99;78099;Sud;Calabria;Cosenza;1;78099;78099;78099;ITF;ITF6;ITF61;ITF;ITF6;ITF61;
Plataci;G733;18;78;78;100;78100;Sud;Calabria;Cosenza;1;78100;78100;78100;ITF;ITF6;ITF61;ITF;ITF6;ITF61;
Praia a Mare;G975;18;78;78;101;78101;Sud;Calabria;Cosenza;1;78101;78101;78101;ITF;ITF6;ITF61;ITF;ITF6;ITF61;
Rende;H235;18;78;78;102;78102;Sud;Calabria;Cosenza;1;78102;78102;78102;ITF;ITF6;ITF61;ITF;ITF6;ITF61;
Rocca Imperiale;H416;18;78;78;103;78103;Sud;Calabria;Cosenza;1;78103;78103;78103;ITF;ITF6;ITF61;ITF;ITF6;ITF61;
Roggiano Gravina;H488;18;78;78;104;78104;Sud;Calabria;Cosenza;1;78104;78104;78104;ITF;ITF6;ITF61;ITF;ITF6;ITF61;
Rogliano;H490;18;78;78;105;78105;Sud;Calabria;Cosenza;1;78105;78105;78105;ITF;ITF6;ITF61;ITF;ITF6;ITF61;
Rose;H565;18;78;78;106;78106;Sud;Calabria;Cosenza;1;78106;78106;78106;ITF;ITF6;ITF61;ITF;ITF6;ITF61;
Roseto Capo Spulico;H572;18;78;78;107;78107;Sud;Calabria;Cosenza;1;78107;78107;78107;ITF;ITF6;ITF61;ITF;ITF6;ITF61;
Rota Greca;H585;18;78;78;109;78109;Sud;Calabria;Cosenza;1;78109;78109;78109;ITF;ITF6;ITF61;ITF;ITF6;ITF61;
Rovito;H621;18;78;78;110;78110;Sud;Calabria;Cosenza;1;78110;78110;78110;ITF;ITF6;ITF61;ITF;ITF6;ITF61;
San Basile;H765;18;78;78;111;78111;Sud;Calabria;Cosenza;1;78111;78111;78111;ITF;ITF6;ITF61;ITF;ITF6;ITF61;
San Benedetto Ullano;H774;18;78;78;112;78112;Sud;Calabria;Cosenza;1;78112;78112;78112;ITF;ITF6;ITF61;ITF;ITF6;ITF61;
San Cosmo Albanese;H806;18;78;78;113;78113;Sud;Calabria;Cosenza;1;78113;78113;78113;ITF;ITF6;ITF61;ITF;ITF6;ITF61;
San Demetrio Corone;H818;18;78;78;114;78114;Sud;Calabria;Cosenza;1;78114;78114;78114;ITF;ITF6;ITF61;ITF;ITF6;ITF61;
San Donato di Ninea;H825;18;78;78;115;78115;Sud;Calabria;Cosenza;1;78115;78115;78115;ITF;ITF6;ITF61;ITF;ITF6;ITF61;
San Fili;H841;18;78;78;116;78116;Sud;Calabria;Cosenza;1;78116;78116;78116;ITF;ITF6;ITF61;ITF;ITF6;ITF61;
Sangineto;H877;18;78;78;117;78117;Sud;Calabria;Cosenza;1;78117;78117;78117;ITF;ITF6;ITF61;ITF;ITF6;ITF61;
San Giorgio Albanese;H881;18;78;78;118;78118;Sud;Calabria;Cosenza;1;78118;78118;78118;ITF;ITF6;ITF61;ITF;ITF6;ITF61;
San Giovanni in Fiore;H919;18;78;78;119;78119;Sud;Calabria;Cosenza;1;78119;78119;78119;ITF;ITF6;ITF61;ITF;ITF6;ITF61;
San Lorenzo Bellizzi;H961;18;78;78;120;78120;Sud;Calabria;Cosenza;1;78120;78120;78120;ITF;ITF6;ITF61;ITF;ITF6;ITF61;
San Lorenzo del Vallo;H962;18;78;78;121;78121;Sud;Calabria;Cosenza;1;78121;78121;78121;ITF;ITF6;ITF61;ITF;ITF6;ITF61;
San Lucido;H971;18;78;78;122;78122;Sud;Calabria;Cosenza;1;78122;78122;78122;ITF;ITF6;ITF61;ITF;ITF6;ITF61;
San Marco Argentano;H981;18;78;78;123;78123;Sud;Calabria;Cosenza;1;78123;78123;78123;ITF;ITF6;ITF61;ITF;ITF6;ITF61;
San Martino di Finita;H992;18;78;78;124;78124;Sud;Calabria;Cosenza;1;78124;78124;78124;ITF;ITF6;ITF61;ITF;ITF6;ITF61;
San Nicola Arcella;I060;18;78;78;125;78125;Sud;Calabria;Cosenza;1;78125;78125;78125;ITF;ITF6;ITF61;ITF;ITF6;ITF61;
San Pietro in Amantea;I108;18;78;78;126;78126;Sud;Calabria;Cosenza;1;78126;78126;78126;ITF;ITF6;ITF61;ITF;ITF6;ITF61;
San Pietro in Guarano;I114;18;78;78;127;78127;Sud;Calabria;Cosenza;1;78127;78127;78127;ITF;ITF6;ITF61;ITF;ITF6;ITF61;
San Sosti;I165;18;78;78;128;78128;Sud;Calabria;Cosenza;1;78128;78128;78128;ITF;ITF6;ITF61;ITF;ITF6;ITF61;
Santa Caterina Albanese;I171;18;78;78;129;78129;Sud;Calabria;Cosenza;1;78129;78129;78129;ITF;ITF6;ITF61;ITF;ITF6;ITF61;
Santa Domenica Talao;I183;18;78;78;130;78130;Sud;Calabria;Cosenza;1;78130;78130;78130;ITF;ITF6;ITF61;ITF;ITF6;ITF61;
Sant'Agata di Esaro;I192;18;78;78;131;78131;Sud;Calabria;Cosenza;1;78131;78131;78131;ITF;ITF6;ITF61;ITF;ITF6;ITF61;
Santa Maria del Cedro;C717;18;78;78;132;78132;Sud;Calabria;Cosenza;1;78132;78132;78132;ITF;ITF6;ITF61;ITF;ITF6;ITF61;
Santa Sofia d'Epiro;I309;18;78;78;133;78133;Sud;Calabria;Cosenza;1;78133;78133;78133;ITF;ITF6;ITF61;ITF;ITF6;ITF61;
Santo Stefano di Rogliano;I359;18;78;78;134;78134;Sud;Calabria;Cosenza;1;78134;78134;78134;ITF;ITF6;ITF61;ITF;ITF6;ITF61;
San Vincenzo La Costa;I388;18;78;78;135;78135;Sud;Calabria;Cosenza;1;78135;78135;78135;ITF;ITF6;ITF61;ITF;ITF6;ITF61;
Saracena;I423;18;78;78;136;78136;Sud;Calabria;Cosenza;1;78136;78136;78136;ITF;ITF6;ITF61;ITF;ITF6;ITF61;
Scala Coeli;I485;18;78;78;137;78137;Sud;Calabria;Cosenza;1;78137;78137;78137;ITF;ITF6;ITF61;ITF;ITF6;ITF61;
Scalea;I489;18;78;78;138;78138;Sud;Calabria;Cosenza;1;78138;78138;78138;ITF;ITF6;ITF61;ITF;ITF6;ITF61;
Scigliano;D290;18;78;78;139;78139;Sud;Calabria;Cosenza;1;78139;78139;78139;ITF;ITF6;ITF61;ITF;ITF6;ITF61;
Serra d'Aiello;I642;18;78;78;140;78140;Sud;Calabria;Cosenza;1;78140;78140;78140;ITF;ITF6;ITF61;ITF;ITF6;ITF61;
Spezzano Albanese;I895;18;78;78;142;78142;Sud;Calabria;Cosenza;1;78142;78142;78142;ITF;ITF6;ITF61;ITF;ITF6;ITF61;
Spezzano della Sila;I896;18;78;78;143;78143;Sud;Calabria;Cosenza;1;78143;78143;78143;ITF;ITF6;ITF61;ITF;ITF6;ITF61;
Tarsia;L055;18;78;78;145;78145;Sud;Calabria;Cosenza;1;78145;78145;78145;ITF;ITF6;ITF61;ITF;ITF6;ITF61;
Terranova da Sibari;L124;18;78;78;146;78146;Sud;Calabria;Cosenza;1;78146;78146;78146;ITF;ITF6;ITF61;ITF;ITF6;ITF61;
Terravecchia;L134;18;78;78;147;78147;Sud;Calabria;Cosenza;1;78147;78147;78147;ITF;ITF6;ITF61;ITF;ITF6;ITF61;
Torano Castello;L206;18;78;78;148;78148;Sud;Calabria;Cosenza;1;78148;78148;78148;ITF;ITF6;ITF61;ITF;ITF6;ITF61;
Tortora;L305;18;78;78;149;78149;Sud;Calabria;Cosenza;1;78149;78149;78149;ITF;ITF6;ITF61;ITF;ITF6;ITF61;
Trebisacce;L353;18;78;78;150;78150;Sud;Calabria;Cosenza;1;78150;78150;78150;ITF;ITF6;ITF61;ITF;ITF6;ITF61;
Vaccarizzo Albanese;L524;18;78;78;152;78152;Sud;Calabria;Cosenza;1;78152;78152;78152;ITF;ITF6;ITF61;ITF;ITF6;ITF61;
Verbicaro;L747;18;78;78;153;78153;Sud;Calabria;Cosenza;1;78153;78153;78153;ITF;ITF6;ITF61;ITF;ITF6;ITF61;
Villapiana;B903;18;78;78;154;78154;Sud;Calabria;Cosenza;1;78154;78154;78154;ITF;ITF6;ITF61;ITF;ITF6;ITF61;
Zumpano;M202;18;78;78;155;78155;Sud;Calabria;Cosenza;1;78155;78155;78155;ITF;ITF6;ITF61;ITF;ITF6;ITF61;
Casali del Manco;M385;18;78;78;156;78156;Sud;Calabria;Cosenza;1;78156;78156;78156;ITF;ITF6;ITF61;ITF;ITF6;ITF61;
Corigliano-Rossano;M403;18;78;78;157;78157;Sud;Calabria;Cosenza;1;78157;78157;78157;ITF;ITF6;ITF61;ITF;ITF6;ITF61;
Albi;A155;18;79;79;2;79002;Sud;Calabria;Catanzaro;1;79002;79002;79002;ITF;ITF6;ITF63;ITF;ITF6;ITF63;
Amaroni;A255;18;79;79;3;79003;Sud;Calabria;Catanzaro;1;79003;79003;79003;ITF;ITF6;ITF63;ITF;ITF6;ITF63;
Amato;A257;18;79;79;4;79004;Sud;Calabria;Catanzaro;1;79004;79004;79004;ITF;ITF6;ITF63;ITF;ITF6;ITF63;
Andali;A272;18;79;79;5;79005;Sud;Calabria;Catanzaro;1;79005;79005;79005;ITF;ITF6;ITF63;ITF;ITF6;ITF63;
Argusto;A397;18;79;79;7;79007;Sud;Calabria;Catanzaro;1;79007;79007;79007;ITF;ITF6;ITF63;ITF;ITF6;ITF63;
Badolato;A542;18;79;79;8;79008;Sud;Calabria;Catanzaro;1;79008;79008;79008;ITF;ITF6;ITF63;ITF;ITF6;ITF63;
Belcastro;A736;18;79;79;9;79009;Sud;Calabria;Catanzaro;1;79009;79009;79009;ITF;ITF6;ITF63;ITF;ITF6;ITF63;
Borgia;B002;18;79;79;11;79011;Sud;Calabria;Catanzaro;1;79011;79011;79011;ITF;ITF6;ITF63;ITF;ITF6;ITF63;
Botricello;B085;18;79;79;12;79012;Sud;Calabria;Catanzaro;1;79012;79012;79012;ITF;ITF6;ITF63;ITF;ITF6;ITF63;
Caraffa di Catanzaro;B717;18;79;79;17;79017;Sud;Calabria;Catanzaro;1;79017;79017;79017;ITF;ITF6;ITF63;ITF;ITF6;ITF63;
Cardinale;B758;18;79;79;18;79018;Sud;Calabria;Catanzaro;1;79018;79018;79018;ITF;ITF6;ITF63;ITF;ITF6;ITF63;
Carlopoli;B790;18;79;79;20;79020;Sud;Calabria;Catanzaro;1;79020;79020;79020;ITF;ITF6;ITF63;ITF;ITF6;ITF63;
Catanzaro;C352;18;79;79;23;79023;Sud;Calabria;Catanzaro;1;79023;79023;79023;ITF;ITF6;ITF63;ITF;ITF6;ITF63;
Cenadi;C453;18;79;79;24;79024;Sud;Calabria;Catanzaro;1;79024;79024;79024;ITF;ITF6;ITF63;ITF;ITF6;ITF63;
Centrache;C472;18;79;79;25;79025;Sud;Calabria;Catanzaro;1;79025;79025;79025;ITF;ITF6;ITF63;ITF;ITF6;ITF63;
Cerva;C542;18;79;79;27;79027;Sud;Calabria;Catanzaro;1;79027;79027;79027;ITF;ITF6;ITF63;ITF;ITF6;ITF63;
Chiaravalle Centrale;C616;18;79;79;29;79029;Sud;Calabria;Catanzaro;1;79029;79029;79029;ITF;ITF6;ITF63;ITF;ITF6;ITF63;
Cicala;C674;18;79;79;30;79030;Sud;Calabria;Catanzaro;1;79030;79030;79030;ITF;ITF6;ITF63;ITF;ITF6;ITF63;
Conflenti;C960;18;79;79;33;79033;Sud;Calabria;Catanzaro;1;79033;79033;79033;ITF;ITF6;ITF63;ITF;ITF6;ITF63;
Cortale;D049;18;79;79;34;79034;Sud;Calabria;Catanzaro;1;79034;79034;79034;ITF;ITF6;ITF63;ITF;ITF6;ITF63;
Cropani;D181;18;79;79;36;79036;Sud;Calabria;Catanzaro;1;79036;79036;79036;ITF;ITF6;ITF63;ITF;ITF6;ITF63;
Curinga;D218;18;79;79;39;79039;Sud;Calabria;Catanzaro;1;79039;79039;79039;ITF;ITF6;ITF63;ITF;ITF6;ITF63;
Davoli;D257;18;79;79;42;79042;Sud;Calabria;Catanzaro;1;79042;79042;79042;ITF;ITF6;ITF63;ITF;ITF6;ITF63;
Decollatura;D261;18;79;79;43;79043;Sud;Calabria;Catanzaro;1;79043;79043;79043;ITF;ITF6;ITF63;ITF;ITF6;ITF63;
Falerna;D476;18;79;79;47;79047;Sud;Calabria;Catanzaro;1;79047;79047;79047;ITF;ITF6;ITF63;ITF;ITF6;ITF63;
Feroleto Antico;D544;18;79;79;48;79048;Sud;Calabria;Catanzaro;1;79048;79048;79048;ITF;ITF6;ITF63;ITF;ITF6;ITF63;
Fossato Serralta;D744;18;79;79;52;79052;Sud;Calabria;Catanzaro;1;79052;79052;79052;ITF;ITF6;ITF63;ITF;ITF6;ITF63;
Gagliato;D852;18;79;79;55;79055;Sud;Calabria;Catanzaro;1;79055;79055;79055;ITF;ITF6;ITF63;ITF;ITF6;ITF63;
Gasperina;D932;18;79;79;56;79056;Sud;Calabria;Catanzaro;1;79056;79056;79056;ITF;ITF6;ITF63;ITF;ITF6;ITF63;
Gimigliano;E031;18;79;79;58;79058;Sud;Calabria;Catanzaro;1;79058;79058;79058;ITF;ITF6;ITF63;ITF;ITF6;ITF63;
Girifalco;E050;18;79;79;59;79059;Sud;Calabria;Catanzaro;1;79059;79059;79059;ITF;ITF6;ITF63;ITF;ITF6;ITF63;
Gizzeria;E068;18;79;79;60;79060;Sud;Calabria;Catanzaro;1;79060;79060;79060;ITF;ITF6;ITF63;ITF;ITF6;ITF63;
Guardavalle;E239;18;79;79;61;79061;Sud;Calabria;Catanzaro;1;79061;79061;79061;ITF;ITF6;ITF63;ITF;ITF6;ITF63;
Isca sullo Ionio;E328;18;79;79;63;79063;Sud;Calabria;Catanzaro;1;79063;79063;79063;ITF;ITF6;ITF63;ITF;ITF6;ITF63;
Jacurso;E274;18;79;79;65;79065;Sud;Calabria;Catanzaro;1;79065;79065;79065;ITF;ITF6;ITF63;ITF;ITF6;ITF63;
Magisano;E806;18;79;79;68;79068;Sud;Calabria;Catanzaro;1;79068;79068;79068;ITF;ITF6;ITF63;ITF;ITF6;ITF63;
Maida;E834;18;79;79;69;79069;Sud;Calabria;Catanzaro;1;79069;79069;79069;ITF;ITF6;ITF63;ITF;ITF6;ITF63;
Marcedusa;E923;18;79;79;71;79071;Sud;Calabria;Catanzaro;1;79071;79071;79071;ITF;ITF6;ITF63;ITF;ITF6;ITF63;
Marcellinara;E925;18;79;79;72;79072;Sud;Calabria;Catanzaro;1;79072;79072;79072;ITF;ITF6;ITF63;ITF;ITF6;ITF63;
Martirano;E990;18;79;79;73;79073;Sud;Calabria;Catanzaro;1;79073;79073;79073;ITF;ITF6;ITF63;ITF;ITF6;ITF63;
Martirano Lombardo;E991;18;79;79;74;79074;Sud;Calabria;Catanzaro;1;79074;79074;79074;ITF;ITF6;ITF63;ITF;ITF6;ITF63;
Miglierina;F200;18;79;79;77;79077;Sud;Calabria;Catanzaro;1;79077;79077;79077;ITF;ITF6;ITF63;ITF;ITF6;ITF63;
Montauro;F432;18;79;79;80;79080;Sud;Calabria;Catanzaro;1;79080;79080;79080;ITF;ITF6;ITF63;ITF;ITF6;ITF63;
Montepaone;F586;18;79;79;81;79081;Sud;Calabria;Catanzaro;1;79081;79081;79081;ITF;ITF6;ITF63;ITF;ITF6;ITF63;
Motta Santa Lucia;F780;18;79;79;83;79083;Sud;Calabria;Catanzaro;1;79083;79083;79083;ITF;ITF6;ITF63;ITF;ITF6;ITF63;
Nocera Terinese;F910;18;79;79;87;79087;Sud;Calabria;Catanzaro;1;79087;79087;79087;ITF;ITF6;ITF63;ITF;ITF6;ITF63;
Olivadi;G034;18;79;79;88;79088;Sud;Calabria;Catanzaro;1;79088;79088;79088;ITF;ITF6;ITF63;ITF;ITF6;ITF63;
Palermiti;G272;18;79;79;89;79089;Sud;Calabria;Catanzaro;1;79089;79089;79089;ITF;ITF6;ITF63;ITF;ITF6;ITF63;
Pentone;G439;18;79;79;92;79092;Sud;Calabria;Catanzaro;1;79092;79092;79092;ITF;ITF6;ITF63;ITF;ITF6;ITF63;
Petrizzi;G517;18;79;79;94;79094;Sud;Calabria;Catanzaro;1;79094;79094;79094;ITF;ITF6;ITF63;ITF;ITF6;ITF63;
Petron‡;G518;18;79;79;95;79095;Sud;Calabria;Catanzaro;1;79095;79095;79095;ITF;ITF6;ITF63;ITF;ITF6;ITF63;
Pianopoli;D546;18;79;79;96;79096;Sud;Calabria;Catanzaro;1;79096;79096;79096;ITF;ITF6;ITF63;ITF;ITF6;ITF63;
Platania;G734;18;79;79;99;79099;Sud;Calabria;Catanzaro;1;79099;79099;79099;ITF;ITF6;ITF63;ITF;ITF6;ITF63;
San Floro;H846;18;79;79;108;79108;Sud;Calabria;Catanzaro;1;79108;79108;79108;ITF;ITF6;ITF63;ITF;ITF6;ITF63;
San Mango d'Aquino;H976;18;79;79;110;79110;Sud;Calabria;Catanzaro;1;79110;79110;79110;ITF;ITF6;ITF63;ITF;ITF6;ITF63;
San Pietro a Maida;I093;18;79;79;114;79114;Sud;Calabria;Catanzaro;1;79114;79114;79114;ITF;ITF6;ITF63;ITF;ITF6;ITF63;
San Pietro Apostolo;I095;18;79;79;115;79115;Sud;Calabria;Catanzaro;1;79115;79115;79115;ITF;ITF6;ITF63;ITF;ITF6;ITF63;
San Sostene;I164;18;79;79;116;79116;Sud;Calabria;Catanzaro;1;79116;79116;79116;ITF;ITF6;ITF63;ITF;ITF6;ITF63;
Santa Caterina dello Ionio;I170;18;79;79;117;79117;Sud;Calabria;Catanzaro;1;79117;79117;79117;ITF;ITF6;ITF63;ITF;ITF6;ITF63;
Sant'Andrea Apostolo dello Ionio;I266;18;79;79;118;79118;Sud;Calabria;Catanzaro;1;79118;79118;79118;ITF;ITF6;ITF63;ITF;ITF6;ITF63;
San Vito sullo Ionio;I393;18;79;79;122;79122;Sud;Calabria;Catanzaro;1;79122;79122;79122;ITF;ITF6;ITF63;ITF;ITF6;ITF63;
Satriano;I463;18;79;79;123;79123;Sud;Calabria;Catanzaro;1;79123;79123;79123;ITF;ITF6;ITF63;ITF;ITF6;ITF63;
Sellia;I589;18;79;79;126;79126;Sud;Calabria;Catanzaro;1;79126;79126;79126;ITF;ITF6;ITF63;ITF;ITF6;ITF63;
Sellia Marina;I590;18;79;79;127;79127;Sud;Calabria;Catanzaro;1;79127;79127;79127;ITF;ITF6;ITF63;ITF;ITF6;ITF63;
Serrastretta;I655;18;79;79;129;79129;Sud;Calabria;Catanzaro;1;79129;79129;79129;ITF;ITF6;ITF63;ITF;ITF6;ITF63;
Sersale;I671;18;79;79;130;79130;Sud;Calabria;Catanzaro;1;79130;79130;79130;ITF;ITF6;ITF63;ITF;ITF6;ITF63;
Settingiano;I704;18;79;79;131;79131;Sud;Calabria;Catanzaro;1;79131;79131;79131;ITF;ITF6;ITF63;ITF;ITF6;ITF63;
Simeri Crichi;I745;18;79;79;133;79133;Sud;Calabria;Catanzaro;1;79133;79133;79133;ITF;ITF6;ITF63;ITF;ITF6;ITF63;
Sorbo San Basile;I844;18;79;79;134;79134;Sud;Calabria;Catanzaro;1;79134;79134;79134;ITF;ITF6;ITF63;ITF;ITF6;ITF63;
Soverato;I872;18;79;79;137;79137;Sud;Calabria;Catanzaro;1;79137;79137;79137;ITF;ITF6;ITF63;ITF;ITF6;ITF63;
Soveria Mannelli;I874;18;79;79;138;79138;Sud;Calabria;Catanzaro;1;79138;79138;79138;ITF;ITF6;ITF63;ITF;ITF6;ITF63;
Soveria Simeri;I875;18;79;79;139;79139;Sud;Calabria;Catanzaro;1;79139;79139;79139;ITF;ITF6;ITF63;ITF;ITF6;ITF63;
Squillace;I929;18;79;79;142;79142;Sud;Calabria;Catanzaro;1;79142;79142;79142;ITF;ITF6;ITF63;ITF;ITF6;ITF63;
StalettÏ;I937;18;79;79;143;79143;Sud;Calabria;Catanzaro;1;79143;79143;79143;ITF;ITF6;ITF63;ITF;ITF6;ITF63;
Taverna;L070;18;79;79;146;79146;Sud;Calabria;Catanzaro;1;79146;79146;79146;ITF;ITF6;ITF63;ITF;ITF6;ITF63;
Tiriolo;L177;18;79;79;147;79147;Sud;Calabria;Catanzaro;1;79147;79147;79147;ITF;ITF6;ITF63;ITF;ITF6;ITF63;
Torre di Ruggiero;L240;18;79;79;148;79148;Sud;Calabria;Catanzaro;1;79148;79148;79148;ITF;ITF6;ITF63;ITF;ITF6;ITF63;
Vallefiorita;I322;18;79;79;151;79151;Sud;Calabria;Catanzaro;1;79151;79151;79151;ITF;ITF6;ITF63;ITF;ITF6;ITF63;
Zagarise;M140;18;79;79;157;79157;Sud;Calabria;Catanzaro;1;79157;79157;79157;ITF;ITF6;ITF63;ITF;ITF6;ITF63;
Lamezia Terme;M208;18;79;79;160;79160;Sud;Calabria;Catanzaro;1;79160;79160;79160;ITF;ITF6;ITF63;ITF;ITF6;ITF63;
Africo;A065;18;280;80;1;80001;Sud;Calabria;Reggio Calabria;3;80001;80001;80001;ITF;ITF6;ITF65;ITF;ITF6;ITF65;
Agnana Calabra;A077;18;280;80;2;80002;Sud;Calabria;Reggio Calabria;3;80002;80002;80002;ITF;ITF6;ITF65;ITF;ITF6;ITF65;
Anoia;A303;18;280;80;3;80003;Sud;Calabria;Reggio Calabria;3;80003;80003;80003;ITF;ITF6;ITF65;ITF;ITF6;ITF65;
Antonimina;A314;18;280;80;4;80004;Sud;Calabria;Reggio Calabria;3;80004;80004;80004;ITF;ITF6;ITF65;ITF;ITF6;ITF65;
Ardore;A385;18;280;80;5;80005;Sud;Calabria;Reggio Calabria;3;80005;80005;80005;ITF;ITF6;ITF65;ITF;ITF6;ITF65;
Bagaladi;A544;18;280;80;6;80006;Sud;Calabria;Reggio Calabria;3;80006;80006;80006;ITF;ITF6;ITF65;ITF;ITF6;ITF65;
Bagnara Calabra;A552;18;280;80;7;80007;Sud;Calabria;Reggio Calabria;3;80007;80007;80007;ITF;ITF6;ITF65;ITF;ITF6;ITF65;
Benestare;A780;18;280;80;8;80008;Sud;Calabria;Reggio Calabria;3;80008;80008;80008;ITF;ITF6;ITF65;ITF;ITF6;ITF65;
Bianco;A843;18;280;80;9;80009;Sud;Calabria;Reggio Calabria;3;80009;80009;80009;ITF;ITF6;ITF65;ITF;ITF6;ITF65;
Bivongi;A897;18;280;80;10;80010;Sud;Calabria;Reggio Calabria;3;80010;80010;80010;ITF;ITF6;ITF65;ITF;ITF6;ITF65;
Bova;B097;18;280;80;11;80011;Sud;Calabria;Reggio Calabria;3;80011;80011;80011;ITF;ITF6;ITF65;ITF;ITF6;ITF65;
Bovalino;B098;18;280;80;12;80012;Sud;Calabria;Reggio Calabria;3;80012;80012;80012;ITF;ITF6;ITF65;ITF;ITF6;ITF65;
Bova Marina;B099;18;280;80;13;80013;Sud;Calabria;Reggio Calabria;3;80013;80013;80013;ITF;ITF6;ITF65;ITF;ITF6;ITF65;
Brancaleone;B118;18;280;80;14;80014;Sud;Calabria;Reggio Calabria;3;80014;80014;80014;ITF;ITF6;ITF65;ITF;ITF6;ITF65;
Bruzzano Zeffirio;B234;18;280;80;15;80015;Sud;Calabria;Reggio Calabria;3;80015;80015;80015;ITF;ITF6;ITF65;ITF;ITF6;ITF65;
Calanna;B379;18;280;80;16;80016;Sud;Calabria;Reggio Calabria;3;80016;80016;80016;ITF;ITF6;ITF65;ITF;ITF6;ITF65;
Camini;B481;18;280;80;17;80017;Sud;Calabria;Reggio Calabria;3;80017;80017;80017;ITF;ITF6;ITF65;ITF;ITF6;ITF65;
Campo Calabro;B516;18;280;80;18;80018;Sud;Calabria;Reggio Calabria;3;80018;80018;80018;ITF;ITF6;ITF65;ITF;ITF6;ITF65;
Candidoni;B591;18;280;80;19;80019;Sud;Calabria;Reggio Calabria;3;80019;80019;80019;ITF;ITF6;ITF65;ITF;ITF6;ITF65;
Canolo;B617;18;280;80;20;80020;Sud;Calabria;Reggio Calabria;3;80020;80020;80020;ITF;ITF6;ITF65;ITF;ITF6;ITF65;
Caraffa del Bianco;B718;18;280;80;21;80021;Sud;Calabria;Reggio Calabria;3;80021;80021;80021;ITF;ITF6;ITF65;ITF;ITF6;ITF65;
Cardeto;B756;18;280;80;22;80022;Sud;Calabria;Reggio Calabria;3;80022;80022;80022;ITF;ITF6;ITF65;ITF;ITF6;ITF65;
Careri;B766;18;280;80;23;80023;Sud;Calabria;Reggio Calabria;3;80023;80023;80023;ITF;ITF6;ITF65;ITF;ITF6;ITF65;
Casignana;B966;18;280;80;24;80024;Sud;Calabria;Reggio Calabria;3;80024;80024;80024;ITF;ITF6;ITF65;ITF;ITF6;ITF65;
Caulonia;C285;18;280;80;25;80025;Sud;Calabria;Reggio Calabria;3;80025;80025;80025;ITF;ITF6;ITF65;ITF;ITF6;ITF65;
Cimin‡;C695;18;280;80;26;80026;Sud;Calabria;Reggio Calabria;3;80026;80026;80026;ITF;ITF6;ITF65;ITF;ITF6;ITF65;
Cinquefrondi;C710;18;280;80;27;80027;Sud;Calabria;Reggio Calabria;3;80027;80027;80027;ITF;ITF6;ITF65;ITF;ITF6;ITF65;
Cittanova;C747;18;280;80;28;80028;Sud;Calabria;Reggio Calabria;3;80028;80028;80028;ITF;ITF6;ITF65;ITF;ITF6;ITF65;
Condofuri;C954;18;280;80;29;80029;Sud;Calabria;Reggio Calabria;3;80029;80029;80029;ITF;ITF6;ITF65;ITF;ITF6;ITF65;
Cosoleto;D089;18;280;80;30;80030;Sud;Calabria;Reggio Calabria;3;80030;80030;80030;ITF;ITF6;ITF65;ITF;ITF6;ITF65;
Delianuova;D268;18;280;80;31;80031;Sud;Calabria;Reggio Calabria;3;80031;80031;80031;ITF;ITF6;ITF65;ITF;ITF6;ITF65;
Feroleto della Chiesa;D545;18;280;80;32;80032;Sud;Calabria;Reggio Calabria;3;80032;80032;80032;ITF;ITF6;ITF65;ITF;ITF6;ITF65;
Ferruzzano;D557;18;280;80;33;80033;Sud;Calabria;Reggio Calabria;3;80033;80033;80033;ITF;ITF6;ITF65;ITF;ITF6;ITF65;
Fiumara;D619;18;280;80;34;80034;Sud;Calabria;Reggio Calabria;3;80034;80034;80034;ITF;ITF6;ITF65;ITF;ITF6;ITF65;
Galatro;D864;18;280;80;35;80035;Sud;Calabria;Reggio Calabria;3;80035;80035;80035;ITF;ITF6;ITF65;ITF;ITF6;ITF65;
Gerace;D975;18;280;80;36;80036;Sud;Calabria;Reggio Calabria;3;80036;80036;80036;ITF;ITF6;ITF65;ITF;ITF6;ITF65;
Giffone;E025;18;280;80;37;80037;Sud;Calabria;Reggio Calabria;3;80037;80037;80037;ITF;ITF6;ITF65;ITF;ITF6;ITF65;
Gioia Tauro;E041;18;280;80;38;80038;Sud;Calabria;Reggio Calabria;3;80038;80038;80038;ITF;ITF6;ITF65;ITF;ITF6;ITF65;
Gioiosa Ionica;E044;18;280;80;39;80039;Sud;Calabria;Reggio Calabria;3;80039;80039;80039;ITF;ITF6;ITF65;ITF;ITF6;ITF65;
Grotteria;E212;18;280;80;40;80040;Sud;Calabria;Reggio Calabria;3;80040;80040;80040;ITF;ITF6;ITF65;ITF;ITF6;ITF65;
Laganadi;E402;18;280;80;41;80041;Sud;Calabria;Reggio Calabria;3;80041;80041;80041;ITF;ITF6;ITF65;ITF;ITF6;ITF65;
Laureana di Borrello;E479;18;280;80;42;80042;Sud;Calabria;Reggio Calabria;3;80042;80042;80042;ITF;ITF6;ITF65;ITF;ITF6;ITF65;
Locri;D976;18;280;80;43;80043;Sud;Calabria;Reggio Calabria;3;80043;80043;80043;ITF;ITF6;ITF65;ITF;ITF6;ITF65;
Mammola;E873;18;280;80;44;80044;Sud;Calabria;Reggio Calabria;3;80044;80044;80044;ITF;ITF6;ITF65;ITF;ITF6;ITF65;
Marina di Gioiosa Ionica;E956;18;280;80;45;80045;Sud;Calabria;Reggio Calabria;3;80045;80045;80045;ITF;ITF6;ITF65;ITF;ITF6;ITF65;
Maropati;E968;18;280;80;46;80046;Sud;Calabria;Reggio Calabria;3;80046;80046;80046;ITF;ITF6;ITF65;ITF;ITF6;ITF65;
Martone;E993;18;280;80;47;80047;Sud;Calabria;Reggio Calabria;3;80047;80047;80047;ITF;ITF6;ITF65;ITF;ITF6;ITF65;
Melicucc‡;F105;18;280;80;48;80048;Sud;Calabria;Reggio Calabria;3;80048;80048;80048;ITF;ITF6;ITF65;ITF;ITF6;ITF65;
Melicucco;F106;18;280;80;49;80049;Sud;Calabria;Reggio Calabria;3;80049;80049;80049;ITF;ITF6;ITF65;ITF;ITF6;ITF65;
Melito di Porto Salvo;F112;18;280;80;50;80050;Sud;Calabria;Reggio Calabria;3;80050;80050;80050;ITF;ITF6;ITF65;ITF;ITF6;ITF65;
Molochio;F301;18;280;80;51;80051;Sud;Calabria;Reggio Calabria;3;80051;80051;80051;ITF;ITF6;ITF65;ITF;ITF6;ITF65;
Monasterace;F324;18;280;80;52;80052;Sud;Calabria;Reggio Calabria;3;80052;80052;80052;ITF;ITF6;ITF65;ITF;ITF6;ITF65;
Montebello Jonico;D746;18;280;80;53;80053;Sud;Calabria;Reggio Calabria;3;80053;80053;80053;ITF;ITF6;ITF65;ITF;ITF6;ITF65;
Motta San Giovanni;F779;18;280;80;54;80054;Sud;Calabria;Reggio Calabria;3;80054;80054;80054;ITF;ITF6;ITF65;ITF;ITF6;ITF65;
Oppido Mamertina;G082;18;280;80;55;80055;Sud;Calabria;Reggio Calabria;3;80055;80055;80055;ITF;ITF6;ITF65;ITF;ITF6;ITF65;
Palizzi;G277;18;280;80;56;80056;Sud;Calabria;Reggio Calabria;3;80056;80056;80056;ITF;ITF6;ITF65;ITF;ITF6;ITF65;
Palmi;G288;18;280;80;57;80057;Sud;Calabria;Reggio Calabria;3;80057;80057;80057;ITF;ITF6;ITF65;ITF;ITF6;ITF65;
Pazzano;G394;18;280;80;58;80058;Sud;Calabria;Reggio Calabria;3;80058;80058;80058;ITF;ITF6;ITF65;ITF;ITF6;ITF65;
Placanica;G729;18;280;80;59;80059;Sud;Calabria;Reggio Calabria;3;80059;80059;80059;ITF;ITF6;ITF65;ITF;ITF6;ITF65;
PlatÏ;G735;18;280;80;60;80060;Sud;Calabria;Reggio Calabria;3;80060;80060;80060;ITF;ITF6;ITF65;ITF;ITF6;ITF65;
Polistena;G791;18;280;80;61;80061;Sud;Calabria;Reggio Calabria;3;80061;80061;80061;ITF;ITF6;ITF65;ITF;ITF6;ITF65;
Portigliola;G905;18;280;80;62;80062;Sud;Calabria;Reggio Calabria;3;80062;80062;80062;ITF;ITF6;ITF65;ITF;ITF6;ITF65;
Reggio di Calabria;H224;18;280;80;63;80063;Sud;Calabria;Reggio Calabria;3;80063;80063;80063;ITF;ITF6;ITF65;ITF;ITF6;ITF65;
Riace;H265;18;280;80;64;80064;Sud;Calabria;Reggio Calabria;3;80064;80064;80064;ITF;ITF6;ITF65;ITF;ITF6;ITF65;
Rizziconi;H359;18;280;80;65;80065;Sud;Calabria;Reggio Calabria;3;80065;80065;80065;ITF;ITF6;ITF65;ITF;ITF6;ITF65;
Roccaforte del Greco;H408;18;280;80;66;80066;Sud;Calabria;Reggio Calabria;3;80066;80066;80066;ITF;ITF6;ITF65;ITF;ITF6;ITF65;
Roccella Ionica;H456;18;280;80;67;80067;Sud;Calabria;Reggio Calabria;3;80067;80067;80067;ITF;ITF6;ITF65;ITF;ITF6;ITF65;
Roghudi;H489;18;280;80;68;80068;Sud;Calabria;Reggio Calabria;3;80068;80068;80068;ITF;ITF6;ITF65;ITF;ITF6;ITF65;
Rosarno;H558;18;280;80;69;80069;Sud;Calabria;Reggio Calabria;3;80069;80069;80069;ITF;ITF6;ITF65;ITF;ITF6;ITF65;
Samo;H013;18;280;80;70;80070;Sud;Calabria;Reggio Calabria;3;80070;80070;80070;ITF;ITF6;ITF65;ITF;ITF6;ITF65;
San Giorgio Morgeto;H889;18;280;80;71;80071;Sud;Calabria;Reggio Calabria;3;80071;80071;80071;ITF;ITF6;ITF65;ITF;ITF6;ITF65;
San Giovanni di Gerace;H903;18;280;80;72;80072;Sud;Calabria;Reggio Calabria;3;80072;80072;80072;ITF;ITF6;ITF65;ITF;ITF6;ITF65;
San Lorenzo;H959;18;280;80;73;80073;Sud;Calabria;Reggio Calabria;3;80073;80073;80073;ITF;ITF6;ITF65;ITF;ITF6;ITF65;
San Luca;H970;18;280;80;74;80074;Sud;Calabria;Reggio Calabria;3;80074;80074;80074;ITF;ITF6;ITF65;ITF;ITF6;ITF65;
San Pietro di Carid‡;I102;18;280;80;75;80075;Sud;Calabria;Reggio Calabria;3;80075;80075;80075;ITF;ITF6;ITF65;ITF;ITF6;ITF65;
San Procopio;I132;18;280;80;76;80076;Sud;Calabria;Reggio Calabria;3;80076;80076;80076;ITF;ITF6;ITF65;ITF;ITF6;ITF65;
San Roberto;I139;18;280;80;77;80077;Sud;Calabria;Reggio Calabria;3;80077;80077;80077;ITF;ITF6;ITF65;ITF;ITF6;ITF65;
Santa Cristina d'Aspromonte;I176;18;280;80;78;80078;Sud;Calabria;Reggio Calabria;3;80078;80078;80078;ITF;ITF6;ITF65;ITF;ITF6;ITF65;
Sant'Agata del Bianco;I198;18;280;80;79;80079;Sud;Calabria;Reggio Calabria;3;80079;80079;80079;ITF;ITF6;ITF65;ITF;ITF6;ITF65;
Sant'Alessio in Aspromonte;I214;18;280;80;80;80080;Sud;Calabria;Reggio Calabria;3;80080;80080;80080;ITF;ITF6;ITF65;ITF;ITF6;ITF65;
Sant'Eufemia d'Aspromonte;I333;18;280;80;81;80081;Sud;Calabria;Reggio Calabria;3;80081;80081;80081;ITF;ITF6;ITF65;ITF;ITF6;ITF65;
Sant'Ilario dello Ionio;I341;18;280;80;82;80082;Sud;Calabria;Reggio Calabria;3;80082;80082;80082;ITF;ITF6;ITF65;ITF;ITF6;ITF65;
Santo Stefano in Aspromonte;I371;18;280;80;83;80083;Sud;Calabria;Reggio Calabria;3;80083;80083;80083;ITF;ITF6;ITF65;ITF;ITF6;ITF65;
Scido;I536;18;280;80;84;80084;Sud;Calabria;Reggio Calabria;3;80084;80084;80084;ITF;ITF6;ITF65;ITF;ITF6;ITF65;
Scilla;I537;18;280;80;85;80085;Sud;Calabria;Reggio Calabria;3;80085;80085;80085;ITF;ITF6;ITF65;ITF;ITF6;ITF65;
Seminara;I600;18;280;80;86;80086;Sud;Calabria;Reggio Calabria;3;80086;80086;80086;ITF;ITF6;ITF65;ITF;ITF6;ITF65;
Serrata;I656;18;280;80;87;80087;Sud;Calabria;Reggio Calabria;3;80087;80087;80087;ITF;ITF6;ITF65;ITF;ITF6;ITF65;
Siderno;I725;18;280;80;88;80088;Sud;Calabria;Reggio Calabria;3;80088;80088;80088;ITF;ITF6;ITF65;ITF;ITF6;ITF65;
Sinopoli;I753;18;280;80;89;80089;Sud;Calabria;Reggio Calabria;3;80089;80089;80089;ITF;ITF6;ITF65;ITF;ITF6;ITF65;
Staiti;I936;18;280;80;90;80090;Sud;Calabria;Reggio Calabria;3;80090;80090;80090;ITF;ITF6;ITF65;ITF;ITF6;ITF65;
Stignano;I955;18;280;80;91;80091;Sud;Calabria;Reggio Calabria;3;80091;80091;80091;ITF;ITF6;ITF65;ITF;ITF6;ITF65;
Stilo;I956;18;280;80;92;80092;Sud;Calabria;Reggio Calabria;3;80092;80092;80092;ITF;ITF6;ITF65;ITF;ITF6;ITF65;
Taurianova;L063;18;280;80;93;80093;Sud;Calabria;Reggio Calabria;3;80093;80093;80093;ITF;ITF6;ITF65;ITF;ITF6;ITF65;
Terranova Sappo Minulio;L127;18;280;80;94;80094;Sud;Calabria;Reggio Calabria;3;80094;80094;80094;ITF;ITF6;ITF65;ITF;ITF6;ITF65;
Varapodio;L673;18;280;80;95;80095;Sud;Calabria;Reggio Calabria;3;80095;80095;80095;ITF;ITF6;ITF65;ITF;ITF6;ITF65;
Villa San Giovanni;M018;18;280;80;96;80096;Sud;Calabria;Reggio Calabria;3;80096;80096;80096;ITF;ITF6;ITF65;ITF;ITF6;ITF65;
San Ferdinando;M277;18;280;80;97;80097;Sud;Calabria;Reggio Calabria;3;80097;80097;80097;ITF;ITF6;ITF65;ITF;ITF6;ITF65;
Belvedere di Spinello;A772;18;101;101;1;101001;Sud;Calabria;Crotone;1;101001;101001;101001;ITF;ITF6;ITF62;ITF;ITF6;ITF62;
Caccuri;B319;18;101;101;2;101002;Sud;Calabria;Crotone;1;101002;101002;101002;ITF;ITF6;ITF62;ITF;ITF6;ITF62;
Carfizzi;B771;18;101;101;3;101003;Sud;Calabria;Crotone;1;101003;101003;101003;ITF;ITF6;ITF62;ITF;ITF6;ITF62;
Casabona;B857;18;101;101;4;101004;Sud;Calabria;Crotone;1;101004;101004;101004;ITF;ITF6;ITF62;ITF;ITF6;ITF62;
Castelsilano;B968;18;101;101;5;101005;Sud;Calabria;Crotone;1;101005;101005;101005;ITF;ITF6;ITF62;ITF;ITF6;ITF62;
Cerenzia;C501;18;101;101;6;101006;Sud;Calabria;Crotone;1;101006;101006;101006;ITF;ITF6;ITF62;ITF;ITF6;ITF62;
CirÚ;C725;18;101;101;7;101007;Sud;Calabria;Crotone;1;101007;101007;101007;ITF;ITF6;ITF62;ITF;ITF6;ITF62;
CirÚ Marina;C726;18;101;101;8;101008;Sud;Calabria;Crotone;1;101008;101008;101008;ITF;ITF6;ITF62;ITF;ITF6;ITF62;
Cotronei;D123;18;101;101;9;101009;Sud;Calabria;Crotone;1;101009;101009;101009;ITF;ITF6;ITF62;ITF;ITF6;ITF62;
Crotone;D122;18;101;101;10;101010;Sud;Calabria;Crotone;1;101010;101010;101010;ITF;ITF6;ITF62;ITF;ITF6;ITF62;
Crucoli;D189;18;101;101;11;101011;Sud;Calabria;Crotone;1;101011;101011;101011;ITF;ITF6;ITF62;ITF;ITF6;ITF62;
Cutro;D236;18;101;101;12;101012;Sud;Calabria;Crotone;1;101012;101012;101012;ITF;ITF6;ITF62;ITF;ITF6;ITF62;
Isola di Capo Rizzuto;E339;18;101;101;13;101013;Sud;Calabria;Crotone;1;101013;101013;101013;ITF;ITF6;ITF62;ITF;ITF6;ITF62;
Melissa;F108;18;101;101;14;101014;Sud;Calabria;Crotone;1;101014;101014;101014;ITF;ITF6;ITF62;ITF;ITF6;ITF62;
Mesoraca;F157;18;101;101;15;101015;Sud;Calabria;Crotone;1;101015;101015;101015;ITF;ITF6;ITF62;ITF;ITF6;ITF62;
Pallagorio;G278;18;101;101;16;101016;Sud;Calabria;Crotone;1;101016;101016;101016;ITF;ITF6;ITF62;ITF;ITF6;ITF62;
Petilia Policastro;G508;18;101;101;17;101017;Sud;Calabria;Crotone;1;101017;101017;101017;ITF;ITF6;ITF62;ITF;ITF6;ITF62;
Roccabernarda;H383;18;101;101;18;101018;Sud;Calabria;Crotone;1;101018;101018;101018;ITF;ITF6;ITF62;ITF;ITF6;ITF62;
Rocca di Neto;H403;18;101;101;19;101019;Sud;Calabria;Crotone;1;101019;101019;101019;ITF;ITF6;ITF62;ITF;ITF6;ITF62;
San Mauro Marchesato;I026;18;101;101;20;101020;Sud;Calabria;Crotone;1;101020;101020;101020;ITF;ITF6;ITF62;ITF;ITF6;ITF62;
San Nicola dell'Alto;I057;18;101;101;21;101021;Sud;Calabria;Crotone;1;101021;101021;101021;ITF;ITF6;ITF62;ITF;ITF6;ITF62;
Santa Severina;I308;18;101;101;22;101022;Sud;Calabria;Crotone;1;101022;101022;101022;ITF;ITF6;ITF62;ITF;ITF6;ITF62;
Savelli;I468;18;101;101;23;101023;Sud;Calabria;Crotone;1;101023;101023;101023;ITF;ITF6;ITF62;ITF;ITF6;ITF62;
Scandale;I494;18;101;101;24;101024;Sud;Calabria;Crotone;1;101024;101024;101024;ITF;ITF6;ITF62;ITF;ITF6;ITF62;
Strongoli;I982;18;101;101;25;101025;Sud;Calabria;Crotone;1;101025;101025;101025;ITF;ITF6;ITF62;ITF;ITF6;ITF62;
Umbriatico;L492;18;101;101;26;101026;Sud;Calabria;Crotone;1;101026;101026;101026;ITF;ITF6;ITF62;ITF;ITF6;ITF62;
Verzino;L802;18;101;101;27;101027;Sud;Calabria;Crotone;1;101027;101027;101027;ITF;ITF6;ITF62;ITF;ITF6;ITF62;
Acquaro;A043;18;102;102;1;102001;Sud;Calabria;Vibo Valentia;1;102001;102001;102001;ITF;ITF6;ITF64;ITF;ITF6;ITF64;
Arena;A386;18;102;102;2;102002;Sud;Calabria;Vibo Valentia;1;102002;102002;102002;ITF;ITF6;ITF64;ITF;ITF6;ITF64;
Briatico;B169;18;102;102;3;102003;Sud;Calabria;Vibo Valentia;1;102003;102003;102003;ITF;ITF6;ITF64;ITF;ITF6;ITF64;
Brognaturo;B197;18;102;102;4;102004;Sud;Calabria;Vibo Valentia;1;102004;102004;102004;ITF;ITF6;ITF64;ITF;ITF6;ITF64;
Capistrano;B655;18;102;102;5;102005;Sud;Calabria;Vibo Valentia;1;102005;102005;102005;ITF;ITF6;ITF64;ITF;ITF6;ITF64;
Cessaniti;C581;18;102;102;6;102006;Sud;Calabria;Vibo Valentia;1;102006;102006;102006;ITF;ITF6;ITF64;ITF;ITF6;ITF64;
Das‡;D253;18;102;102;7;102007;Sud;Calabria;Vibo Valentia;1;102007;102007;102007;ITF;ITF6;ITF64;ITF;ITF6;ITF64;
Dinami;D303;18;102;102;8;102008;Sud;Calabria;Vibo Valentia;1;102008;102008;102008;ITF;ITF6;ITF64;ITF;ITF6;ITF64;
Drapia;D364;18;102;102;9;102009;Sud;Calabria;Vibo Valentia;1;102009;102009;102009;ITF;ITF6;ITF64;ITF;ITF6;ITF64;
Fabrizia;D453;18;102;102;10;102010;Sud;Calabria;Vibo Valentia;1;102010;102010;102010;ITF;ITF6;ITF64;ITF;ITF6;ITF64;
Filadelfia;D587;18;102;102;11;102011;Sud;Calabria;Vibo Valentia;1;102011;102011;102011;ITF;ITF6;ITF64;ITF;ITF6;ITF64;
Filandari;D589;18;102;102;12;102012;Sud;Calabria;Vibo Valentia;1;102012;102012;102012;ITF;ITF6;ITF64;ITF;ITF6;ITF64;
Filogaso;D596;18;102;102;13;102013;Sud;Calabria;Vibo Valentia;1;102013;102013;102013;ITF;ITF6;ITF64;ITF;ITF6;ITF64;
Francavilla Angitola;D762;18;102;102;14;102014;Sud;Calabria;Vibo Valentia;1;102014;102014;102014;ITF;ITF6;ITF64;ITF;ITF6;ITF64;
Francica;D767;18;102;102;15;102015;Sud;Calabria;Vibo Valentia;1;102015;102015;102015;ITF;ITF6;ITF64;ITF;ITF6;ITF64;
Gerocarne;D988;18;102;102;16;102016;Sud;Calabria;Vibo Valentia;1;102016;102016;102016;ITF;ITF6;ITF64;ITF;ITF6;ITF64;
Ionadi;E321;18;102;102;17;102017;Sud;Calabria;Vibo Valentia;1;102017;102017;102017;ITF;ITF6;ITF64;ITF;ITF6;ITF64;
Joppolo;E389;18;102;102;18;102018;Sud;Calabria;Vibo Valentia;1;102018;102018;102018;ITF;ITF6;ITF64;ITF;ITF6;ITF64;
Limbadi;E590;18;102;102;19;102019;Sud;Calabria;Vibo Valentia;1;102019;102019;102019;ITF;ITF6;ITF64;ITF;ITF6;ITF64;
Maierato;E836;18;102;102;20;102020;Sud;Calabria;Vibo Valentia;1;102020;102020;102020;ITF;ITF6;ITF64;ITF;ITF6;ITF64;
Mileto;F207;18;102;102;21;102021;Sud;Calabria;Vibo Valentia;1;102021;102021;102021;ITF;ITF6;ITF64;ITF;ITF6;ITF64;
Mongiana;F364;18;102;102;22;102022;Sud;Calabria;Vibo Valentia;1;102022;102022;102022;ITF;ITF6;ITF64;ITF;ITF6;ITF64;
Monterosso Calabro;F607;18;102;102;23;102023;Sud;Calabria;Vibo Valentia;1;102023;102023;102023;ITF;ITF6;ITF64;ITF;ITF6;ITF64;
Nardodipace;F843;18;102;102;24;102024;Sud;Calabria;Vibo Valentia;1;102024;102024;102024;ITF;ITF6;ITF64;ITF;ITF6;ITF64;
Nicotera;F893;18;102;102;25;102025;Sud;Calabria;Vibo Valentia;1;102025;102025;102025;ITF;ITF6;ITF64;ITF;ITF6;ITF64;
Parghelia;G335;18;102;102;26;102026;Sud;Calabria;Vibo Valentia;1;102026;102026;102026;ITF;ITF6;ITF64;ITF;ITF6;ITF64;
Pizzo;G722;18;102;102;27;102027;Sud;Calabria;Vibo Valentia;1;102027;102027;102027;ITF;ITF6;ITF64;ITF;ITF6;ITF64;
Pizzoni;G728;18;102;102;28;102028;Sud;Calabria;Vibo Valentia;1;102028;102028;102028;ITF;ITF6;ITF64;ITF;ITF6;ITF64;
Polia;G785;18;102;102;29;102029;Sud;Calabria;Vibo Valentia;1;102029;102029;102029;ITF;ITF6;ITF64;ITF;ITF6;ITF64;
Ricadi;H271;18;102;102;30;102030;Sud;Calabria;Vibo Valentia;1;102030;102030;102030;ITF;ITF6;ITF64;ITF;ITF6;ITF64;
Rombiolo;H516;18;102;102;31;102031;Sud;Calabria;Vibo Valentia;1;102031;102031;102031;ITF;ITF6;ITF64;ITF;ITF6;ITF64;
San Calogero;H785;18;102;102;32;102032;Sud;Calabria;Vibo Valentia;1;102032;102032;102032;ITF;ITF6;ITF64;ITF;ITF6;ITF64;
San Costantino Calabro;H807;18;102;102;33;102033;Sud;Calabria;Vibo Valentia;1;102033;102033;102033;ITF;ITF6;ITF64;ITF;ITF6;ITF64;
San Gregorio d'Ippona;H941;18;102;102;34;102034;Sud;Calabria;Vibo Valentia;1;102034;102034;102034;ITF;ITF6;ITF64;ITF;ITF6;ITF64;
San Nicola da Crissa;I058;18;102;102;35;102035;Sud;Calabria;Vibo Valentia;1;102035;102035;102035;ITF;ITF6;ITF64;ITF;ITF6;ITF64;
Sant'Onofrio;I350;18;102;102;36;102036;Sud;Calabria;Vibo Valentia;1;102036;102036;102036;ITF;ITF6;ITF64;ITF;ITF6;ITF64;
Serra San Bruno;I639;18;102;102;37;102037;Sud;Calabria;Vibo Valentia;1;102037;102037;102037;ITF;ITF6;ITF64;ITF;ITF6;ITF64;
Simbario;I744;18;102;102;38;102038;Sud;Calabria;Vibo Valentia;1;102038;102038;102038;ITF;ITF6;ITF64;ITF;ITF6;ITF64;
Sorianello;I853;18;102;102;39;102039;Sud;Calabria;Vibo Valentia;1;102039;102039;102039;ITF;ITF6;ITF64;ITF;ITF6;ITF64;
Soriano Calabro;I854;18;102;102;40;102040;Sud;Calabria;Vibo Valentia;1;102040;102040;102040;ITF;ITF6;ITF64;ITF;ITF6;ITF64;
Spadola;I884;18;102;102;41;102041;Sud;Calabria;Vibo Valentia;1;102041;102041;102041;ITF;ITF6;ITF64;ITF;ITF6;ITF64;
Spilinga;I905;18;102;102;42;102042;Sud;Calabria;Vibo Valentia;1;102042;102042;102042;ITF;ITF6;ITF64;ITF;ITF6;ITF64;
Stefanaconi;I945;18;102;102;43;102043;Sud;Calabria;Vibo Valentia;1;102043;102043;102043;ITF;ITF6;ITF64;ITF;ITF6;ITF64;
Tropea;L452;18;102;102;44;102044;Sud;Calabria;Vibo Valentia;1;102044;102044;102044;ITF;ITF6;ITF64;ITF;ITF6;ITF64;
Vallelonga;L607;18;102;102;45;102045;Sud;Calabria;Vibo Valentia;1;102045;102045;102045;ITF;ITF6;ITF64;ITF;ITF6;ITF64;
Vazzano;L699;18;102;102;46;102046;Sud;Calabria;Vibo Valentia;1;102046;102046;102046;ITF;ITF6;ITF64;ITF;ITF6;ITF64;
Vibo Valentia;F537;18;102;102;47;102047;Sud;Calabria;Vibo Valentia;1;102047;102047;102047;ITF;ITF6;ITF64;ITF;ITF6;ITF64;
Zaccanopoli;M138;18;102;102;48;102048;Sud;Calabria;Vibo Valentia;1;102048;102048;102048;ITF;ITF6;ITF64;ITF;ITF6;ITF64;
Zambrone;M143;18;102;102;49;102049;Sud;Calabria;Vibo Valentia;1;102049;102049;102049;ITF;ITF6;ITF64;ITF;ITF6;ITF64;
Zungri;M204;18;102;102;50;102050;Sud;Calabria;Vibo Valentia;1;102050;102050;102050;ITF;ITF6;ITF64;ITF;ITF6;ITF64;
Alcamo;A176;19;81;81;1;81001;Isole;Sicilia;Trapani;4;81001;81001;81001;ITG;ITG1;ITG11;ITG;ITG1;ITG11;
Buseto Palizzolo;B288;19;81;81;2;81002;Isole;Sicilia;Trapani;4;81002;81002;81002;ITG;ITG1;ITG11;ITG;ITG1;ITG11;
Calatafimi-Segesta;B385;19;81;81;3;81003;Isole;Sicilia;Trapani;4;81003;81003;81003;ITG;ITG1;ITG11;ITG;ITG1;ITG11;
Campobello di Mazara;B521;19;81;81;4;81004;Isole;Sicilia;Trapani;4;81004;81004;81004;ITG;ITG1;ITG11;ITG;ITG1;ITG11;
Castellammare del Golfo;C130;19;81;81;5;81005;Isole;Sicilia;Trapani;4;81005;81005;81005;ITG;ITG1;ITG11;ITG;ITG1;ITG11;
Castelvetrano;C286;19;81;81;6;81006;Isole;Sicilia;Trapani;4;81006;81006;81006;ITG;ITG1;ITG11;ITG;ITG1;ITG11;
Custonaci;D234;19;81;81;7;81007;Isole;Sicilia;Trapani;4;81007;81007;81007;ITG;ITG1;ITG11;ITG;ITG1;ITG11;
Erice;D423;19;81;81;8;81008;Isole;Sicilia;Trapani;4;81008;81008;81008;ITG;ITG1;ITG11;ITG;ITG1;ITG11;
Favignana;D518;19;81;81;9;81009;Isole;Sicilia;Trapani;4;81009;81009;81009;ITG;ITG1;ITG11;ITG;ITG1;ITG11;
Gibellina;E023;19;81;81;10;81010;Isole;Sicilia;Trapani;4;81010;81010;81010;ITG;ITG1;ITG11;ITG;ITG1;ITG11;
Marsala;E974;19;81;81;11;81011;Isole;Sicilia;Trapani;4;81011;81011;81011;ITG;ITG1;ITG11;ITG;ITG1;ITG11;
Mazara del Vallo;F061;19;81;81;12;81012;Isole;Sicilia;Trapani;4;81012;81012;81012;ITG;ITG1;ITG11;ITG;ITG1;ITG11;
Paceco;G208;19;81;81;13;81013;Isole;Sicilia;Trapani;4;81013;81013;81013;ITG;ITG1;ITG11;ITG;ITG1;ITG11;
Pantelleria;G315;19;81;81;14;81014;Isole;Sicilia;Trapani;4;81014;81014;81014;ITG;ITG1;ITG11;ITG;ITG1;ITG11;
Partanna;G347;19;81;81;15;81015;Isole;Sicilia;Trapani;4;81015;81015;81015;ITG;ITG1;ITG11;ITG;ITG1;ITG11;
Poggioreale;G767;19;81;81;16;81016;Isole;Sicilia;Trapani;4;81016;81016;81016;ITG;ITG1;ITG11;ITG;ITG1;ITG11;
Salaparuta;H688;19;81;81;17;81017;Isole;Sicilia;Trapani;4;81017;81017;81017;ITG;ITG1;ITG11;ITG;ITG1;ITG11;
Salemi;H700;19;81;81;18;81018;Isole;Sicilia;Trapani;4;81018;81018;81018;ITG;ITG1;ITG11;ITG;ITG1;ITG11;
Santa Ninfa;I291;19;81;81;19;81019;Isole;Sicilia;Trapani;4;81019;81019;81019;ITG;ITG1;ITG11;ITG;ITG1;ITG11;
San Vito Lo Capo;I407;19;81;81;20;81020;Isole;Sicilia;Trapani;4;81020;81020;81020;ITG;ITG1;ITG11;ITG;ITG1;ITG11;
Trapani;L331;19;81;81;21;81021;Isole;Sicilia;Trapani;4;81021;81021;81021;ITG;ITG1;ITG11;ITG;ITG1;ITG11;
Valderice;G319;19;81;81;22;81022;Isole;Sicilia;Trapani;4;81022;81022;81022;ITG;ITG1;ITG11;ITG;ITG1;ITG11;
Vita;M081;19;81;81;23;81023;Isole;Sicilia;Trapani;4;81023;81023;81023;ITG;ITG1;ITG11;ITG;ITG1;ITG11;
Petrosino;M281;19;81;81;24;81024;Isole;Sicilia;Trapani;4;81024;81024;81024;ITG;ITG1;ITG11;ITG;ITG1;ITG11;
Misiliscemi;M432;19;81;81;25;81025;Isole;Sicilia;Trapani;4;81025;81025;81025;ITG;ITG1;ITG11;ITG;ITG1;ITG11;
Alia;A195;19;282;82;1;82001;Isole;Sicilia;Palermo;3;82001;82001;82001;ITG;ITG1;ITG12;ITG;ITG1;ITG12;
Alimena;A202;19;282;82;2;82002;Isole;Sicilia;Palermo;3;82002;82002;82002;ITG;ITG1;ITG12;ITG;ITG1;ITG12;
Aliminusa;A203;19;282;82;3;82003;Isole;Sicilia;Palermo;3;82003;82003;82003;ITG;ITG1;ITG12;ITG;ITG1;ITG12;
Altavilla Milicia;A229;19;282;82;4;82004;Isole;Sicilia;Palermo;3;82004;82004;82004;ITG;ITG1;ITG12;ITG;ITG1;ITG12;
Altofonte;A239;19;282;82;5;82005;Isole;Sicilia;Palermo;3;82005;82005;82005;ITG;ITG1;ITG12;ITG;ITG1;ITG12;
Bagheria;A546;19;282;82;6;82006;Isole;Sicilia;Palermo;3;82006;82006;82006;ITG;ITG1;ITG12;ITG;ITG1;ITG12;
Balestrate;A592;19;282;82;7;82007;Isole;Sicilia;Palermo;3;82007;82007;82007;ITG;ITG1;ITG12;ITG;ITG1;ITG12;
Baucina;A719;19;282;82;8;82008;Isole;Sicilia;Palermo;3;82008;82008;82008;ITG;ITG1;ITG12;ITG;ITG1;ITG12;
Belmonte Mezzagno;A764;19;282;82;9;82009;Isole;Sicilia;Palermo;3;82009;82009;82009;ITG;ITG1;ITG12;ITG;ITG1;ITG12;
Bisacquino;A882;19;282;82;10;82010;Isole;Sicilia;Palermo;3;82010;82010;82010;ITG;ITG1;ITG12;ITG;ITG1;ITG12;
Bolognetta;A946;19;282;82;11;82011;Isole;Sicilia;Palermo;3;82011;82011;82011;ITG;ITG1;ITG12;ITG;ITG1;ITG12;
Bompietro;A958;19;282;82;12;82012;Isole;Sicilia;Palermo;3;82012;82012;82012;ITG;ITG1;ITG12;ITG;ITG1;ITG12;
Borgetto;A991;19;282;82;13;82013;Isole;Sicilia;Palermo;3;82013;82013;82013;ITG;ITG1;ITG12;ITG;ITG1;ITG12;
Caccamo;B315;19;282;82;14;82014;Isole;Sicilia;Palermo;3;82014;82014;82014;ITG;ITG1;ITG12;ITG;ITG1;ITG12;
Caltavuturo;B430;19;282;82;15;82015;Isole;Sicilia;Palermo;3;82015;82015;82015;ITG;ITG1;ITG12;ITG;ITG1;ITG12;
Campofelice di Fitalia;B533;19;282;82;16;82016;Isole;Sicilia;Palermo;3;82016;82016;82016;ITG;ITG1;ITG12;ITG;ITG1;ITG12;
Campofelice di Roccella;B532;19;282;82;17;82017;Isole;Sicilia;Palermo;3;82017;82017;82017;ITG;ITG1;ITG12;ITG;ITG1;ITG12;
Campofiorito;B535;19;282;82;18;82018;Isole;Sicilia;Palermo;3;82018;82018;82018;ITG;ITG1;ITG12;ITG;ITG1;ITG12;
Camporeale;B556;19;282;82;19;82019;Isole;Sicilia;Palermo;3;82019;82019;82019;ITG;ITG1;ITG12;ITG;ITG1;ITG12;
Capaci;B645;19;282;82;20;82020;Isole;Sicilia;Palermo;3;82020;82020;82020;ITG;ITG1;ITG12;ITG;ITG1;ITG12;
Carini;B780;19;282;82;21;82021;Isole;Sicilia;Palermo;3;82021;82021;82021;ITG;ITG1;ITG12;ITG;ITG1;ITG12;
Castelbuono;C067;19;282;82;22;82022;Isole;Sicilia;Palermo;3;82022;82022;82022;ITG;ITG1;ITG12;ITG;ITG1;ITG12;
Casteldaccia;C074;19;282;82;23;82023;Isole;Sicilia;Palermo;3;82023;82023;82023;ITG;ITG1;ITG12;ITG;ITG1;ITG12;
Castellana Sicula;C135;19;282;82;24;82024;Isole;Sicilia;Palermo;3;82024;82024;82024;ITG;ITG1;ITG12;ITG;ITG1;ITG12;
Castronovo di Sicilia;C344;19;282;82;25;82025;Isole;Sicilia;Palermo;3;82025;82025;82025;ITG;ITG1;ITG12;ITG;ITG1;ITG12;
Cefal‡ Diana;C420;19;282;82;26;82026;Isole;Sicilia;Palermo;3;82026;82026;82026;ITG;ITG1;ITG12;ITG;ITG1;ITG12;
Cefal˘;C421;19;282;82;27;82027;Isole;Sicilia;Palermo;3;82027;82027;82027;ITG;ITG1;ITG12;ITG;ITG1;ITG12;
Cerda;C496;19;282;82;28;82028;Isole;Sicilia;Palermo;3;82028;82028;82028;ITG;ITG1;ITG12;ITG;ITG1;ITG12;
Chiusa Sclafani;C654;19;282;82;29;82029;Isole;Sicilia;Palermo;3;82029;82029;82029;ITG;ITG1;ITG12;ITG;ITG1;ITG12;
Ciminna;C696;19;282;82;30;82030;Isole;Sicilia;Palermo;3;82030;82030;82030;ITG;ITG1;ITG12;ITG;ITG1;ITG12;
Cinisi;C708;19;282;82;31;82031;Isole;Sicilia;Palermo;3;82031;82031;82031;ITG;ITG1;ITG12;ITG;ITG1;ITG12;
Collesano;C871;19;282;82;32;82032;Isole;Sicilia;Palermo;3;82032;82032;82032;ITG;ITG1;ITG12;ITG;ITG1;ITG12;
Contessa Entellina;C968;19;282;82;33;82033;Isole;Sicilia;Palermo;3;82033;82033;82033;ITG;ITG1;ITG12;ITG;ITG1;ITG12;
Corleone;D009;19;282;82;34;82034;Isole;Sicilia;Palermo;3;82034;82034;82034;ITG;ITG1;ITG12;ITG;ITG1;ITG12;
Ficarazzi;D567;19;282;82;35;82035;Isole;Sicilia;Palermo;3;82035;82035;82035;ITG;ITG1;ITG12;ITG;ITG1;ITG12;
Gangi;D907;19;282;82;36;82036;Isole;Sicilia;Palermo;3;82036;82036;82036;ITG;ITG1;ITG12;ITG;ITG1;ITG12;
Geraci Siculo;D977;19;282;82;37;82037;Isole;Sicilia;Palermo;3;82037;82037;82037;ITG;ITG1;ITG12;ITG;ITG1;ITG12;
Giardinello;E013;19;282;82;38;82038;Isole;Sicilia;Palermo;3;82038;82038;82038;ITG;ITG1;ITG12;ITG;ITG1;ITG12;
Giuliana;E055;19;282;82;39;82039;Isole;Sicilia;Palermo;3;82039;82039;82039;ITG;ITG1;ITG12;ITG;ITG1;ITG12;
Godrano;E074;19;282;82;40;82040;Isole;Sicilia;Palermo;3;82040;82040;82040;ITG;ITG1;ITG12;ITG;ITG1;ITG12;
Gratteri;E149;19;282;82;41;82041;Isole;Sicilia;Palermo;3;82041;82041;82041;ITG;ITG1;ITG12;ITG;ITG1;ITG12;
Isnello;E337;19;282;82;42;82042;Isole;Sicilia;Palermo;3;82042;82042;82042;ITG;ITG1;ITG12;ITG;ITG1;ITG12;
Isola delle Femmine;E350;19;282;82;43;82043;Isole;Sicilia;Palermo;3;82043;82043;82043;ITG;ITG1;ITG12;ITG;ITG1;ITG12;
Lascari;E459;19;282;82;44;82044;Isole;Sicilia;Palermo;3;82044;82044;82044;ITG;ITG1;ITG12;ITG;ITG1;ITG12;
Lercara Friddi;E541;19;282;82;45;82045;Isole;Sicilia;Palermo;3;82045;82045;82045;ITG;ITG1;ITG12;ITG;ITG1;ITG12;
Marineo;E957;19;282;82;46;82046;Isole;Sicilia;Palermo;3;82046;82046;82046;ITG;ITG1;ITG12;ITG;ITG1;ITG12;
Mezzojuso;F184;19;282;82;47;82047;Isole;Sicilia;Palermo;3;82047;82047;82047;ITG;ITG1;ITG12;ITG;ITG1;ITG12;
Misilmeri;F246;19;282;82;48;82048;Isole;Sicilia;Palermo;3;82048;82048;82048;ITG;ITG1;ITG12;ITG;ITG1;ITG12;
Monreale;F377;19;282;82;49;82049;Isole;Sicilia;Palermo;3;82049;82049;82049;ITG;ITG1;ITG12;ITG;ITG1;ITG12;
Montelepre;F544;19;282;82;50;82050;Isole;Sicilia;Palermo;3;82050;82050;82050;ITG;ITG1;ITG12;ITG;ITG1;ITG12;
Montemaggiore Belsito;F553;19;282;82;51;82051;Isole;Sicilia;Palermo;3;82051;82051;82051;ITG;ITG1;ITG12;ITG;ITG1;ITG12;
Palazzo Adriano;G263;19;282;82;52;82052;Isole;Sicilia;Palermo;3;82052;82052;82052;ITG;ITG1;ITG12;ITG;ITG1;ITG12;
Palermo;G273;19;282;82;53;82053;Isole;Sicilia;Palermo;3;82053;82053;82053;ITG;ITG1;ITG12;ITG;ITG1;ITG12;
Partinico;G348;19;282;82;54;82054;Isole;Sicilia;Palermo;3;82054;82054;82054;ITG;ITG1;ITG12;ITG;ITG1;ITG12;
Petralia Soprana;G510;19;282;82;55;82055;Isole;Sicilia;Palermo;3;82055;82055;82055;ITG;ITG1;ITG12;ITG;ITG1;ITG12;
Petralia Sottana;G511;19;282;82;56;82056;Isole;Sicilia;Palermo;3;82056;82056;82056;ITG;ITG1;ITG12;ITG;ITG1;ITG12;
Piana degli Albanesi;G543;19;282;82;57;82057;Isole;Sicilia;Palermo;3;82057;82057;82057;ITG;ITG1;ITG12;ITG;ITG1;ITG12;
Polizzi Generosa;G792;19;282;82;58;82058;Isole;Sicilia;Palermo;3;82058;82058;82058;ITG;ITG1;ITG12;ITG;ITG1;ITG12;
Pollina;G797;19;282;82;59;82059;Isole;Sicilia;Palermo;3;82059;82059;82059;ITG;ITG1;ITG12;ITG;ITG1;ITG12;
Prizzi;H070;19;282;82;60;82060;Isole;Sicilia;Palermo;3;82060;82060;82060;ITG;ITG1;ITG12;ITG;ITG1;ITG12;
Roccamena;H422;19;282;82;61;82061;Isole;Sicilia;Palermo;3;82061;82061;82061;ITG;ITG1;ITG12;ITG;ITG1;ITG12;
Roccapalumba;H428;19;282;82;62;82062;Isole;Sicilia;Palermo;3;82062;82062;82062;ITG;ITG1;ITG12;ITG;ITG1;ITG12;
San Cipirello;H797;19;282;82;63;82063;Isole;Sicilia;Palermo;3;82063;82063;82063;ITG;ITG1;ITG12;ITG;ITG1;ITG12;
San Giuseppe Jato;H933;19;282;82;64;82064;Isole;Sicilia;Palermo;3;82064;82064;82064;ITG;ITG1;ITG12;ITG;ITG1;ITG12;
San Mauro Castelverde;I028;19;282;82;65;82065;Isole;Sicilia;Palermo;3;82065;82065;82065;ITG;ITG1;ITG12;ITG;ITG1;ITG12;
Santa Cristina Gela;I174;19;282;82;66;82066;Isole;Sicilia;Palermo;3;82066;82066;82066;ITG;ITG1;ITG12;ITG;ITG1;ITG12;
Santa Flavia;I188;19;282;82;67;82067;Isole;Sicilia;Palermo;3;82067;82067;82067;ITG;ITG1;ITG12;ITG;ITG1;ITG12;
Sciara;I534;19;282;82;68;82068;Isole;Sicilia;Palermo;3;82068;82068;82068;ITG;ITG1;ITG12;ITG;ITG1;ITG12;
Sclafani Bagni;I541;19;282;82;69;82069;Isole;Sicilia;Palermo;3;82069;82069;82069;ITG;ITG1;ITG12;ITG;ITG1;ITG12;
Termini Imerese;L112;19;282;82;70;82070;Isole;Sicilia;Palermo;3;82070;82070;82070;ITG;ITG1;ITG12;ITG;ITG1;ITG12;
Terrasini;L131;19;282;82;71;82071;Isole;Sicilia;Palermo;3;82071;82071;82071;ITG;ITG1;ITG12;ITG;ITG1;ITG12;
Torretta;L282;19;282;82;72;82072;Isole;Sicilia;Palermo;3;82072;82072;82072;ITG;ITG1;ITG12;ITG;ITG1;ITG12;
Trabia;L317;19;282;82;73;82073;Isole;Sicilia;Palermo;3;82073;82073;82073;ITG;ITG1;ITG12;ITG;ITG1;ITG12;
Trappeto;L332;19;282;82;74;82074;Isole;Sicilia;Palermo;3;82074;82074;82074;ITG;ITG1;ITG12;ITG;ITG1;ITG12;
Ustica;L519;19;282;82;75;82075;Isole;Sicilia;Palermo;3;82075;82075;82075;ITG;ITG1;ITG12;ITG;ITG1;ITG12;
Valledolmo;L603;19;282;82;76;82076;Isole;Sicilia;Palermo;3;82076;82076;82076;ITG;ITG1;ITG12;ITG;ITG1;ITG12;
Ventimiglia di Sicilia;L740;19;282;82;77;82077;Isole;Sicilia;Palermo;3;82077;82077;82077;ITG;ITG1;ITG12;ITG;ITG1;ITG12;
Vicari;L837;19;282;82;78;82078;Isole;Sicilia;Palermo;3;82078;82078;82078;ITG;ITG1;ITG12;ITG;ITG1;ITG12;
Villabate;L916;19;282;82;79;82079;Isole;Sicilia;Palermo;3;82079;82079;82079;ITG;ITG1;ITG12;ITG;ITG1;ITG12;
Villafrati;L951;19;282;82;80;82080;Isole;Sicilia;Palermo;3;82080;82080;82080;ITG;ITG1;ITG12;ITG;ITG1;ITG12;
Scillato;I538;19;282;82;81;82081;Isole;Sicilia;Palermo;3;82081;82081;82081;ITG;ITG1;ITG12;ITG;ITG1;ITG12;
Blufi;M268;19;282;82;82;82082;Isole;Sicilia;Palermo;3;82082;82082;82082;ITG;ITG1;ITG12;ITG;ITG1;ITG12;
Alcara li Fusi;A177;19;283;83;1;83001;Isole;Sicilia;Messina;3;83001;83001;83001;ITG;ITG1;ITG13;ITG;ITG1;ITG13;
AlÏ;A194;19;283;83;2;83002;Isole;Sicilia;Messina;3;83002;83002;83002;ITG;ITG1;ITG13;ITG;ITG1;ITG13;
AlÏ Terme;A201;19;283;83;3;83003;Isole;Sicilia;Messina;3;83003;83003;83003;ITG;ITG1;ITG13;ITG;ITG1;ITG13;
Antillo;A313;19;283;83;4;83004;Isole;Sicilia;Messina;3;83004;83004;83004;ITG;ITG1;ITG13;ITG;ITG1;ITG13;
Barcellona Pozzo di Gotto;A638;19;283;83;5;83005;Isole;Sicilia;Messina;3;83005;83005;83005;ITG;ITG1;ITG13;ITG;ITG1;ITG13;
BasicÚ;A698;19;283;83;6;83006;Isole;Sicilia;Messina;3;83006;83006;83006;ITG;ITG1;ITG13;ITG;ITG1;ITG13;
Brolo;B198;19;283;83;7;83007;Isole;Sicilia;Messina;3;83007;83007;83007;ITG;ITG1;ITG13;ITG;ITG1;ITG13;
Capizzi;B660;19;283;83;8;83008;Isole;Sicilia;Messina;3;83008;83008;83008;ITG;ITG1;ITG13;ITG;ITG1;ITG13;
Capo d'Orlando;B666;19;283;83;9;83009;Isole;Sicilia;Messina;3;83009;83009;83009;ITG;ITG1;ITG13;ITG;ITG1;ITG13;
Capri Leone;B695;19;283;83;10;83010;Isole;Sicilia;Messina;3;83010;83010;83010;ITG;ITG1;ITG13;ITG;ITG1;ITG13;
Caronia;B804;19;283;83;11;83011;Isole;Sicilia;Messina;3;83011;83011;83011;ITG;ITG1;ITG13;ITG;ITG1;ITG13;
Casalvecchio Siculo;B918;19;283;83;12;83012;Isole;Sicilia;Messina;3;83012;83012;83012;ITG;ITG1;ITG13;ITG;ITG1;ITG13;
Castel di Lucio;C094;19;283;83;13;83013;Isole;Sicilia;Messina;3;83013;83013;83013;ITG;ITG1;ITG13;ITG;ITG1;ITG13;
Castell'Umberto;C051;19;283;83;14;83014;Isole;Sicilia;Messina;3;83014;83014;83014;ITG;ITG1;ITG13;ITG;ITG1;ITG13;
Castelmola;C210;19;283;83;15;83015;Isole;Sicilia;Messina;3;83015;83015;83015;ITG;ITG1;ITG13;ITG;ITG1;ITG13;
Castroreale;C347;19;283;83;16;83016;Isole;Sicilia;Messina;3;83016;83016;83016;ITG;ITG1;ITG13;ITG;ITG1;ITG13;
CesarÚ;C568;19;283;83;17;83017;Isole;Sicilia;Messina;3;83017;83017;83017;ITG;ITG1;ITG13;ITG;ITG1;ITG13;
CondrÚ;C956;19;283;83;18;83018;Isole;Sicilia;Messina;3;83018;83018;83018;ITG;ITG1;ITG13;ITG;ITG1;ITG13;
Falcone;D474;19;283;83;19;83019;Isole;Sicilia;Messina;3;83019;83019;83019;ITG;ITG1;ITG13;ITG;ITG1;ITG13;
Ficarra;D569;19;283;83;20;83020;Isole;Sicilia;Messina;3;83020;83020;83020;ITG;ITG1;ITG13;ITG;ITG1;ITG13;
Fiumedinisi;D622;19;283;83;21;83021;Isole;Sicilia;Messina;3;83021;83021;83021;ITG;ITG1;ITG13;ITG;ITG1;ITG13;
Floresta;D635;19;283;83;22;83022;Isole;Sicilia;Messina;3;83022;83022;83022;ITG;ITG1;ITG13;ITG;ITG1;ITG13;
Fondachelli-Fantina;D661;19;283;83;23;83023;Isole;Sicilia;Messina;3;83023;83023;83023;ITG;ITG1;ITG13;ITG;ITG1;ITG13;
Forza d'AgrÚ;D733;19;283;83;24;83024;Isole;Sicilia;Messina;3;83024;83024;83024;ITG;ITG1;ITG13;ITG;ITG1;ITG13;
Francavilla di Sicilia;D765;19;283;83;25;83025;Isole;Sicilia;Messina;3;83025;83025;83025;ITG;ITG1;ITG13;ITG;ITG1;ITG13;
FrazzanÚ;D793;19;283;83;26;83026;Isole;Sicilia;Messina;3;83026;83026;83026;ITG;ITG1;ITG13;ITG;ITG1;ITG13;
Furci Siculo;D824;19;283;83;27;83027;Isole;Sicilia;Messina;3;83027;83027;83027;ITG;ITG1;ITG13;ITG;ITG1;ITG13;
Furnari;D825;19;283;83;28;83028;Isole;Sicilia;Messina;3;83028;83028;83028;ITG;ITG1;ITG13;ITG;ITG1;ITG13;
Gaggi;D844;19;283;83;29;83029;Isole;Sicilia;Messina;3;83029;83029;83029;ITG;ITG1;ITG13;ITG;ITG1;ITG13;
Galati Mamertino;D861;19;283;83;30;83030;Isole;Sicilia;Messina;3;83030;83030;83030;ITG;ITG1;ITG13;ITG;ITG1;ITG13;
Gallodoro;D885;19;283;83;31;83031;Isole;Sicilia;Messina;3;83031;83031;83031;ITG;ITG1;ITG13;ITG;ITG1;ITG13;
Giardini-Naxos;E014;19;283;83;32;83032;Isole;Sicilia;Messina;3;83032;83032;83032;ITG;ITG1;ITG13;ITG;ITG1;ITG13;
Gioiosa Marea;E043;19;283;83;33;83033;Isole;Sicilia;Messina;3;83033;83033;83033;ITG;ITG1;ITG13;ITG;ITG1;ITG13;
Graniti;E142;19;283;83;34;83034;Isole;Sicilia;Messina;3;83034;83034;83034;ITG;ITG1;ITG13;ITG;ITG1;ITG13;
Gualtieri SicaminÚ;E233;19;283;83;35;83035;Isole;Sicilia;Messina;3;83035;83035;83035;ITG;ITG1;ITG13;ITG;ITG1;ITG13;
Itala;E374;19;283;83;36;83036;Isole;Sicilia;Messina;3;83036;83036;83036;ITG;ITG1;ITG13;ITG;ITG1;ITG13;
Leni;E523;19;283;83;37;83037;Isole;Sicilia;Messina;3;83037;83037;83037;ITG;ITG1;ITG13;ITG;ITG1;ITG13;
Letojanni;E555;19;283;83;38;83038;Isole;Sicilia;Messina;3;83038;83038;83038;ITG;ITG1;ITG13;ITG;ITG1;ITG13;
Librizzi;E571;19;283;83;39;83039;Isole;Sicilia;Messina;3;83039;83039;83039;ITG;ITG1;ITG13;ITG;ITG1;ITG13;
Limina;E594;19;283;83;40;83040;Isole;Sicilia;Messina;3;83040;83040;83040;ITG;ITG1;ITG13;ITG;ITG1;ITG13;
Lipari;E606;19;283;83;41;83041;Isole;Sicilia;Messina;3;83041;83041;83041;ITG;ITG1;ITG13;ITG;ITG1;ITG13;
Longi;E674;19;283;83;42;83042;Isole;Sicilia;Messina;3;83042;83042;83042;ITG;ITG1;ITG13;ITG;ITG1;ITG13;
Malfa;E855;19;283;83;43;83043;Isole;Sicilia;Messina;3;83043;83043;83043;ITG;ITG1;ITG13;ITG;ITG1;ITG13;
Malvagna;E869;19;283;83;44;83044;Isole;Sicilia;Messina;3;83044;83044;83044;ITG;ITG1;ITG13;ITG;ITG1;ITG13;
Mandanici;E876;19;283;83;45;83045;Isole;Sicilia;Messina;3;83045;83045;83045;ITG;ITG1;ITG13;ITG;ITG1;ITG13;
Mazzarr‡ Sant'Andrea;F066;19;283;83;46;83046;Isole;Sicilia;Messina;3;83046;83046;83046;ITG;ITG1;ITG13;ITG;ITG1;ITG13;
MerÏ;F147;19;283;83;47;83047;Isole;Sicilia;Messina;3;83047;83047;83047;ITG;ITG1;ITG13;ITG;ITG1;ITG13;
Messina;F158;19;283;83;48;83048;Isole;Sicilia;Messina;3;83048;83048;83048;ITG;ITG1;ITG13;ITG;ITG1;ITG13;
Milazzo;F206;19;283;83;49;83049;Isole;Sicilia;Messina;3;83049;83049;83049;ITG;ITG1;ITG13;ITG;ITG1;ITG13;
Militello Rosmarino;F210;19;283;83;50;83050;Isole;Sicilia;Messina;3;83050;83050;83050;ITG;ITG1;ITG13;ITG;ITG1;ITG13;
Mirto;F242;19;283;83;51;83051;Isole;Sicilia;Messina;3;83051;83051;83051;ITG;ITG1;ITG13;ITG;ITG1;ITG13;
Mistretta;F251;19;283;83;52;83052;Isole;Sicilia;Messina;3;83052;83052;83052;ITG;ITG1;ITG13;ITG;ITG1;ITG13;
Moio Alcantara;F277;19;283;83;53;83053;Isole;Sicilia;Messina;3;83053;83053;83053;ITG;ITG1;ITG13;ITG;ITG1;ITG13;
Monforte San Giorgio;F359;19;283;83;54;83054;Isole;Sicilia;Messina;3;83054;83054;83054;ITG;ITG1;ITG13;ITG;ITG1;ITG13;
Mongiuffi Melia;F368;19;283;83;55;83055;Isole;Sicilia;Messina;3;83055;83055;83055;ITG;ITG1;ITG13;ITG;ITG1;ITG13;
Montagnareale;F395;19;283;83;56;83056;Isole;Sicilia;Messina;3;83056;83056;83056;ITG;ITG1;ITG13;ITG;ITG1;ITG13;
Montalbano Elicona;F400;19;283;83;57;83057;Isole;Sicilia;Messina;3;83057;83057;83057;ITG;ITG1;ITG13;ITG;ITG1;ITG13;
Motta Camastra;F772;19;283;83;58;83058;Isole;Sicilia;Messina;3;83058;83058;83058;ITG;ITG1;ITG13;ITG;ITG1;ITG13;
Motta d'Affermo;F773;19;283;83;59;83059;Isole;Sicilia;Messina;3;83059;83059;83059;ITG;ITG1;ITG13;ITG;ITG1;ITG13;
Naso;F848;19;283;83;60;83060;Isole;Sicilia;Messina;3;83060;83060;83060;ITG;ITG1;ITG13;ITG;ITG1;ITG13;
Nizza di Sicilia;F901;19;283;83;61;83061;Isole;Sicilia;Messina;3;83061;83061;83061;ITG;ITG1;ITG13;ITG;ITG1;ITG13;
Novara di Sicilia;F951;19;283;83;62;83062;Isole;Sicilia;Messina;3;83062;83062;83062;ITG;ITG1;ITG13;ITG;ITG1;ITG13;
Oliveri;G036;19;283;83;63;83063;Isole;Sicilia;Messina;3;83063;83063;83063;ITG;ITG1;ITG13;ITG;ITG1;ITG13;
Pace del Mela;G209;19;283;83;64;83064;Isole;Sicilia;Messina;3;83064;83064;83064;ITG;ITG1;ITG13;ITG;ITG1;ITG13;
Pagliara;G234;19;283;83;65;83065;Isole;Sicilia;Messina;3;83065;83065;83065;ITG;ITG1;ITG13;ITG;ITG1;ITG13;
Patti;G377;19;283;83;66;83066;Isole;Sicilia;Messina;3;83066;83066;83066;ITG;ITG1;ITG13;ITG;ITG1;ITG13;
Pettineo;G522;19;283;83;67;83067;Isole;Sicilia;Messina;3;83067;83067;83067;ITG;ITG1;ITG13;ITG;ITG1;ITG13;
Piraino;G699;19;283;83;68;83068;Isole;Sicilia;Messina;3;83068;83068;83068;ITG;ITG1;ITG13;ITG;ITG1;ITG13;
Raccuja;H151;19;283;83;69;83069;Isole;Sicilia;Messina;3;83069;83069;83069;ITG;ITG1;ITG13;ITG;ITG1;ITG13;
Reitano;H228;19;283;83;70;83070;Isole;Sicilia;Messina;3;83070;83070;83070;ITG;ITG1;ITG13;ITG;ITG1;ITG13;
Roccafiorita;H405;19;283;83;71;83071;Isole;Sicilia;Messina;3;83071;83071;83071;ITG;ITG1;ITG13;ITG;ITG1;ITG13;
Roccalumera;H418;19;283;83;72;83072;Isole;Sicilia;Messina;3;83072;83072;83072;ITG;ITG1;ITG13;ITG;ITG1;ITG13;
Roccavaldina;H380;19;283;83;73;83073;Isole;Sicilia;Messina;3;83073;83073;83073;ITG;ITG1;ITG13;ITG;ITG1;ITG13;
Roccella Valdemone;H455;19;283;83;74;83074;Isole;Sicilia;Messina;3;83074;83074;83074;ITG;ITG1;ITG13;ITG;ITG1;ITG13;
RodÏ Milici;H479;19;283;83;75;83075;Isole;Sicilia;Messina;3;83075;83075;83075;ITG;ITG1;ITG13;ITG;ITG1;ITG13;
Rometta;H519;19;283;83;76;83076;Isole;Sicilia;Messina;3;83076;83076;83076;ITG;ITG1;ITG13;ITG;ITG1;ITG13;
San Filippo del Mela;H842;19;283;83;77;83077;Isole;Sicilia;Messina;3;83077;83077;83077;ITG;ITG1;ITG13;ITG;ITG1;ITG13;
San Fratello;H850;19;283;83;78;83078;Isole;Sicilia;Messina;3;83078;83078;83078;ITG;ITG1;ITG13;ITG;ITG1;ITG13;
San Marco d'Alunzio;H982;19;283;83;79;83079;Isole;Sicilia;Messina;3;83079;83079;83079;ITG;ITG1;ITG13;ITG;ITG1;ITG13;
San Pier Niceto;I084;19;283;83;80;83080;Isole;Sicilia;Messina;3;83080;83080;83080;ITG;ITG1;ITG13;ITG;ITG1;ITG13;
San Piero Patti;I086;19;283;83;81;83081;Isole;Sicilia;Messina;3;83081;83081;83081;ITG;ITG1;ITG13;ITG;ITG1;ITG13;
San Salvatore di Fitalia;I147;19;283;83;82;83082;Isole;Sicilia;Messina;3;83082;83082;83082;ITG;ITG1;ITG13;ITG;ITG1;ITG13;
Santa Domenica Vittoria;I184;19;283;83;83;83083;Isole;Sicilia;Messina;3;83083;83083;83083;ITG;ITG1;ITG13;ITG;ITG1;ITG13;
Sant'Agata di Militello;I199;19;283;83;84;83084;Isole;Sicilia;Messina;3;83084;83084;83084;ITG;ITG1;ITG13;ITG;ITG1;ITG13;
Sant'Alessio Siculo;I215;19;283;83;85;83085;Isole;Sicilia;Messina;3;83085;83085;83085;ITG;ITG1;ITG13;ITG;ITG1;ITG13;
Santa Lucia del Mela;I220;19;283;83;86;83086;Isole;Sicilia;Messina;3;83086;83086;83086;ITG;ITG1;ITG13;ITG;ITG1;ITG13;
Santa Marina Salina;I254;19;283;83;87;83087;Isole;Sicilia;Messina;3;83087;83087;83087;ITG;ITG1;ITG13;ITG;ITG1;ITG13;
Sant'Angelo di Brolo;I283;19;283;83;88;83088;Isole;Sicilia;Messina;3;83088;83088;83088;ITG;ITG1;ITG13;ITG;ITG1;ITG13;
Santa Teresa di Riva;I311;19;283;83;89;83089;Isole;Sicilia;Messina;3;83089;83089;83089;ITG;ITG1;ITG13;ITG;ITG1;ITG13;
San Teodoro;I328;19;283;83;90;83090;Isole;Sicilia;Messina;3;83090;83090;83090;ITG;ITG1;ITG13;ITG;ITG1;ITG13;
Santo Stefano di Camastra;I370;19;283;83;91;83091;Isole;Sicilia;Messina;3;83091;83091;83091;ITG;ITG1;ITG13;ITG;ITG1;ITG13;
Saponara;I420;19;283;83;92;83092;Isole;Sicilia;Messina;3;83092;83092;83092;ITG;ITG1;ITG13;ITG;ITG1;ITG13;
Savoca;I477;19;283;83;93;83093;Isole;Sicilia;Messina;3;83093;83093;83093;ITG;ITG1;ITG13;ITG;ITG1;ITG13;
Scaletta Zanclea;I492;19;283;83;94;83094;Isole;Sicilia;Messina;3;83094;83094;83094;ITG;ITG1;ITG13;ITG;ITG1;ITG13;
Sinagra;I747;19;283;83;95;83095;Isole;Sicilia;Messina;3;83095;83095;83095;ITG;ITG1;ITG13;ITG;ITG1;ITG13;
Spadafora;I881;19;283;83;96;83096;Isole;Sicilia;Messina;3;83096;83096;83096;ITG;ITG1;ITG13;ITG;ITG1;ITG13;
Taormina;L042;19;283;83;97;83097;Isole;Sicilia;Messina;3;83097;83097;83097;ITG;ITG1;ITG13;ITG;ITG1;ITG13;
Torregrotta;L271;19;283;83;98;83098;Isole;Sicilia;Messina;3;83098;83098;83098;ITG;ITG1;ITG13;ITG;ITG1;ITG13;
Tortorici;L308;19;283;83;99;83099;Isole;Sicilia;Messina;3;83099;83099;83099;ITG;ITG1;ITG13;ITG;ITG1;ITG13;
Tripi;L431;19;283;83;100;83100;Isole;Sicilia;Messina;3;83100;83100;83100;ITG;ITG1;ITG13;ITG;ITG1;ITG13;
Tusa;L478;19;283;83;101;83101;Isole;Sicilia;Messina;3;83101;83101;83101;ITG;ITG1;ITG13;ITG;ITG1;ITG13;
Ucria;L482;19;283;83;102;83102;Isole;Sicilia;Messina;3;83102;83102;83102;ITG;ITG1;ITG13;ITG;ITG1;ITG13;
Valdina;L561;19;283;83;103;83103;Isole;Sicilia;Messina;3;83103;83103;83103;ITG;ITG1;ITG13;ITG;ITG1;ITG13;
Venetico;L735;19;283;83;104;83104;Isole;Sicilia;Messina;3;83104;83104;83104;ITG;ITG1;ITG13;ITG;ITG1;ITG13;
Villafranca Tirrena;L950;19;283;83;105;83105;Isole;Sicilia;Messina;3;83105;83105;83105;ITG;ITG1;ITG13;ITG;ITG1;ITG13;
Terme Vigliatore;M210;19;283;83;106;83106;Isole;Sicilia;Messina;3;83106;83106;83106;ITG;ITG1;ITG13;ITG;ITG1;ITG13;
Acquedolci;M211;19;283;83;107;83107;Isole;Sicilia;Messina;3;83107;83107;83107;ITG;ITG1;ITG13;ITG;ITG1;ITG13;
Torrenova;M286;19;283;83;108;83108;Isole;Sicilia;Messina;3;83108;83108;83108;ITG;ITG1;ITG13;ITG;ITG1;ITG13;
Agrigento;A089;19;84;84;1;84001;Isole;Sicilia;Agrigento;4;84001;84001;84001;ITG;ITG1;ITG14;ITG;ITG1;ITG14;
Alessandria della Rocca;A181;19;84;84;2;84002;Isole;Sicilia;Agrigento;4;84002;84002;84002;ITG;ITG1;ITG14;ITG;ITG1;ITG14;
Aragona;A351;19;84;84;3;84003;Isole;Sicilia;Agrigento;4;84003;84003;84003;ITG;ITG1;ITG14;ITG;ITG1;ITG14;
Bivona;A896;19;84;84;4;84004;Isole;Sicilia;Agrigento;4;84004;84004;84004;ITG;ITG1;ITG14;ITG;ITG1;ITG14;
Burgio;B275;19;84;84;5;84005;Isole;Sicilia;Agrigento;4;84005;84005;84005;ITG;ITG1;ITG14;ITG;ITG1;ITG14;
Calamonaci;B377;19;84;84;6;84006;Isole;Sicilia;Agrigento;4;84006;84006;84006;ITG;ITG1;ITG14;ITG;ITG1;ITG14;
Caltabellotta;B427;19;84;84;7;84007;Isole;Sicilia;Agrigento;4;84007;84007;84007;ITG;ITG1;ITG14;ITG;ITG1;ITG14;
Camastra;B460;19;84;84;8;84008;Isole;Sicilia;Agrigento;4;84008;84008;84008;ITG;ITG1;ITG14;ITG;ITG1;ITG14;
Cammarata;B486;19;84;84;9;84009;Isole;Sicilia;Agrigento;4;84009;84009;84009;ITG;ITG1;ITG14;ITG;ITG1;ITG14;
Campobello di Licata;B520;19;84;84;10;84010;Isole;Sicilia;Agrigento;4;84010;84010;84010;ITG;ITG1;ITG14;ITG;ITG1;ITG14;
CanicattÏ;B602;19;84;84;11;84011;Isole;Sicilia;Agrigento;4;84011;84011;84011;ITG;ITG1;ITG14;ITG;ITG1;ITG14;
Casteltermini;C275;19;84;84;12;84012;Isole;Sicilia;Agrigento;4;84012;84012;84012;ITG;ITG1;ITG14;ITG;ITG1;ITG14;
Castrofilippo;C341;19;84;84;13;84013;Isole;Sicilia;Agrigento;4;84013;84013;84013;ITG;ITG1;ITG14;ITG;ITG1;ITG14;
Cattolica Eraclea;C356;19;84;84;14;84014;Isole;Sicilia;Agrigento;4;84014;84014;84014;ITG;ITG1;ITG14;ITG;ITG1;ITG14;
Cianciana;C668;19;84;84;15;84015;Isole;Sicilia;Agrigento;4;84015;84015;84015;ITG;ITG1;ITG14;ITG;ITG1;ITG14;
Comitini;C928;19;84;84;16;84016;Isole;Sicilia;Agrigento;4;84016;84016;84016;ITG;ITG1;ITG14;ITG;ITG1;ITG14;
Favara;D514;19;84;84;17;84017;Isole;Sicilia;Agrigento;4;84017;84017;84017;ITG;ITG1;ITG14;ITG;ITG1;ITG14;
Grotte;E209;19;84;84;18;84018;Isole;Sicilia;Agrigento;4;84018;84018;84018;ITG;ITG1;ITG14;ITG;ITG1;ITG14;
Joppolo Giancaxio;E390;19;84;84;19;84019;Isole;Sicilia;Agrigento;4;84019;84019;84019;ITG;ITG1;ITG14;ITG;ITG1;ITG14;
Lampedusa e Linosa;E431;19;84;84;20;84020;Isole;Sicilia;Agrigento;4;84020;84020;84020;ITG;ITG1;ITG14;ITG;ITG1;ITG14;
Licata;E573;19;84;84;21;84021;Isole;Sicilia;Agrigento;4;84021;84021;84021;ITG;ITG1;ITG14;ITG;ITG1;ITG14;
Lucca Sicula;E714;19;84;84;22;84022;Isole;Sicilia;Agrigento;4;84022;84022;84022;ITG;ITG1;ITG14;ITG;ITG1;ITG14;
Menfi;F126;19;84;84;23;84023;Isole;Sicilia;Agrigento;4;84023;84023;84023;ITG;ITG1;ITG14;ITG;ITG1;ITG14;
Montallegro;F414;19;84;84;24;84024;Isole;Sicilia;Agrigento;4;84024;84024;84024;ITG;ITG1;ITG14;ITG;ITG1;ITG14;
Montevago;F655;19;84;84;25;84025;Isole;Sicilia;Agrigento;4;84025;84025;84025;ITG;ITG1;ITG14;ITG;ITG1;ITG14;
Naro;F845;19;84;84;26;84026;Isole;Sicilia;Agrigento;4;84026;84026;84026;ITG;ITG1;ITG14;ITG;ITG1;ITG14;
Palma di Montechiaro;G282;19;84;84;27;84027;Isole;Sicilia;Agrigento;4;84027;84027;84027;ITG;ITG1;ITG14;ITG;ITG1;ITG14;
Porto Empedocle;F299;19;84;84;28;84028;Isole;Sicilia;Agrigento;4;84028;84028;84028;ITG;ITG1;ITG14;ITG;ITG1;ITG14;
Racalmuto;H148;19;84;84;29;84029;Isole;Sicilia;Agrigento;4;84029;84029;84029;ITG;ITG1;ITG14;ITG;ITG1;ITG14;
Raffadali;H159;19;84;84;30;84030;Isole;Sicilia;Agrigento;4;84030;84030;84030;ITG;ITG1;ITG14;ITG;ITG1;ITG14;
Ravanusa;H194;19;84;84;31;84031;Isole;Sicilia;Agrigento;4;84031;84031;84031;ITG;ITG1;ITG14;ITG;ITG1;ITG14;
Realmonte;H205;19;84;84;32;84032;Isole;Sicilia;Agrigento;4;84032;84032;84032;ITG;ITG1;ITG14;ITG;ITG1;ITG14;
Ribera;H269;19;84;84;33;84033;Isole;Sicilia;Agrigento;4;84033;84033;84033;ITG;ITG1;ITG14;ITG;ITG1;ITG14;
Sambuca di Sicilia;H743;19;84;84;34;84034;Isole;Sicilia;Agrigento;4;84034;84034;84034;ITG;ITG1;ITG14;ITG;ITG1;ITG14;
San Biagio Platani;H778;19;84;84;35;84035;Isole;Sicilia;Agrigento;4;84035;84035;84035;ITG;ITG1;ITG14;ITG;ITG1;ITG14;
San Giovanni Gemini;H914;19;84;84;36;84036;Isole;Sicilia;Agrigento;4;84036;84036;84036;ITG;ITG1;ITG14;ITG;ITG1;ITG14;
Santa Elisabetta;I185;19;84;84;37;84037;Isole;Sicilia;Agrigento;4;84037;84037;84037;ITG;ITG1;ITG14;ITG;ITG1;ITG14;
Santa Margherita di Belice;I224;19;84;84;38;84038;Isole;Sicilia;Agrigento;4;84038;84038;84038;ITG;ITG1;ITG14;ITG;ITG1;ITG14;
Sant'Angelo Muxaro;I290;19;84;84;39;84039;Isole;Sicilia;Agrigento;4;84039;84039;84039;ITG;ITG1;ITG14;ITG;ITG1;ITG14;
Santo Stefano Quisquina;I356;19;84;84;40;84040;Isole;Sicilia;Agrigento;4;84040;84040;84040;ITG;ITG1;ITG14;ITG;ITG1;ITG14;
Sciacca;I533;19;84;84;41;84041;Isole;Sicilia;Agrigento;4;84041;84041;84041;ITG;ITG1;ITG14;ITG;ITG1;ITG14;
Siculiana;I723;19;84;84;42;84042;Isole;Sicilia;Agrigento;4;84042;84042;84042;ITG;ITG1;ITG14;ITG;ITG1;ITG14;
Villafranca Sicula;L944;19;84;84;43;84043;Isole;Sicilia;Agrigento;4;84043;84043;84043;ITG;ITG1;ITG14;ITG;ITG1;ITG14;
Acquaviva Platani;A049;19;85;85;1;85001;Isole;Sicilia;Caltanissetta;4;85001;85001;85001;ITG;ITG1;ITG15;ITG;ITG1;ITG15;
Bompensiere;A957;19;85;85;2;85002;Isole;Sicilia;Caltanissetta;4;85002;85002;85002;ITG;ITG1;ITG15;ITG;ITG1;ITG15;
Butera;B302;19;85;85;3;85003;Isole;Sicilia;Caltanissetta;4;85003;85003;85003;ITG;ITG1;ITG15;ITG;ITG1;ITG15;
Caltanissetta;B429;19;85;85;4;85004;Isole;Sicilia;Caltanissetta;4;85004;85004;85004;ITG;ITG1;ITG15;ITG;ITG1;ITG15;
Campofranco;B537;19;85;85;5;85005;Isole;Sicilia;Caltanissetta;4;85005;85005;85005;ITG;ITG1;ITG15;ITG;ITG1;ITG15;
Delia;D267;19;85;85;6;85006;Isole;Sicilia;Caltanissetta;4;85006;85006;85006;ITG;ITG1;ITG15;ITG;ITG1;ITG15;
Gela;D960;19;85;85;7;85007;Isole;Sicilia;Caltanissetta;4;85007;85007;85007;ITG;ITG1;ITG15;ITG;ITG1;ITG15;
Marianopoli;E953;19;85;85;8;85008;Isole;Sicilia;Caltanissetta;4;85008;85008;85008;ITG;ITG1;ITG15;ITG;ITG1;ITG15;
Mazzarino;F065;19;85;85;9;85009;Isole;Sicilia;Caltanissetta;4;85009;85009;85009;ITG;ITG1;ITG15;ITG;ITG1;ITG15;
Milena;E618;19;85;85;10;85010;Isole;Sicilia;Caltanissetta;4;85010;85010;85010;ITG;ITG1;ITG15;ITG;ITG1;ITG15;
Montedoro;F489;19;85;85;11;85011;Isole;Sicilia;Caltanissetta;4;85011;85011;85011;ITG;ITG1;ITG15;ITG;ITG1;ITG15;
Mussomeli;F830;19;85;85;12;85012;Isole;Sicilia;Caltanissetta;4;85012;85012;85012;ITG;ITG1;ITG15;ITG;ITG1;ITG15;
Niscemi;F899;19;85;85;13;85013;Isole;Sicilia;Caltanissetta;4;85013;85013;85013;ITG;ITG1;ITG15;ITG;ITG1;ITG15;
Resuttano;H245;19;85;85;14;85014;Isole;Sicilia;Caltanissetta;4;85014;85014;85014;ITG;ITG1;ITG15;ITG;ITG1;ITG15;
Riesi;H281;19;85;85;15;85015;Isole;Sicilia;Caltanissetta;4;85015;85015;85015;ITG;ITG1;ITG15;ITG;ITG1;ITG15;
San Cataldo;H792;19;85;85;16;85016;Isole;Sicilia;Caltanissetta;4;85016;85016;85016;ITG;ITG1;ITG15;ITG;ITG1;ITG15;
Santa Caterina Villarmosa;I169;19;85;85;17;85017;Isole;Sicilia;Caltanissetta;4;85017;85017;85017;ITG;ITG1;ITG15;ITG;ITG1;ITG15;
Serradifalco;I644;19;85;85;18;85018;Isole;Sicilia;Caltanissetta;4;85018;85018;85018;ITG;ITG1;ITG15;ITG;ITG1;ITG15;
Sommatino;I824;19;85;85;19;85019;Isole;Sicilia;Caltanissetta;4;85019;85019;85019;ITG;ITG1;ITG15;ITG;ITG1;ITG15;
Sutera;L016;19;85;85;20;85020;Isole;Sicilia;Caltanissetta;4;85020;85020;85020;ITG;ITG1;ITG15;ITG;ITG1;ITG15;
Vallelunga Pratameno;L609;19;85;85;21;85021;Isole;Sicilia;Caltanissetta;4;85021;85021;85021;ITG;ITG1;ITG15;ITG;ITG1;ITG15;
Villalba;L959;19;85;85;22;85022;Isole;Sicilia;Caltanissetta;4;85022;85022;85022;ITG;ITG1;ITG15;ITG;ITG1;ITG15;
Agira;A070;19;86;86;1;86001;Isole;Sicilia;Enna;4;86001;86001;86001;ITG;ITG1;ITG16;ITG;ITG1;ITG16;
Aidone;A098;19;86;86;2;86002;Isole;Sicilia;Enna;4;86002;86002;86002;ITG;ITG1;ITG16;ITG;ITG1;ITG16;
Assoro;A478;19;86;86;3;86003;Isole;Sicilia;Enna;4;86003;86003;86003;ITG;ITG1;ITG16;ITG;ITG1;ITG16;
Barrafranca;A676;19;86;86;4;86004;Isole;Sicilia;Enna;4;86004;86004;86004;ITG;ITG1;ITG16;ITG;ITG1;ITG16;
Calascibetta;B381;19;86;86;5;86005;Isole;Sicilia;Enna;4;86005;86005;86005;ITG;ITG1;ITG16;ITG;ITG1;ITG16;
Catenanuova;C353;19;86;86;6;86006;Isole;Sicilia;Enna;4;86006;86006;86006;ITG;ITG1;ITG16;ITG;ITG1;ITG16;
Centuripe;C471;19;86;86;7;86007;Isole;Sicilia;Enna;4;86007;86007;86007;ITG;ITG1;ITG16;ITG;ITG1;ITG16;
Cerami;C480;19;86;86;8;86008;Isole;Sicilia;Enna;4;86008;86008;86008;ITG;ITG1;ITG16;ITG;ITG1;ITG16;
Enna;C342;19;86;86;9;86009;Isole;Sicilia;Enna;4;86009;86009;86009;ITG;ITG1;ITG16;ITG;ITG1;ITG16;
Gagliano Castelferrato;D849;19;86;86;10;86010;Isole;Sicilia;Enna;4;86010;86010;86010;ITG;ITG1;ITG16;ITG;ITG1;ITG16;
Leonforte;E536;19;86;86;11;86011;Isole;Sicilia;Enna;4;86011;86011;86011;ITG;ITG1;ITG16;ITG;ITG1;ITG16;
Nicosia;F892;19;86;86;12;86012;Isole;Sicilia;Enna;4;86012;86012;86012;ITG;ITG1;ITG16;ITG;ITG1;ITG16;
Nissoria;F900;19;86;86;13;86013;Isole;Sicilia;Enna;4;86013;86013;86013;ITG;ITG1;ITG16;ITG;ITG1;ITG16;
Piazza Armerina;G580;19;86;86;14;86014;Isole;Sicilia;Enna;4;86014;86014;86014;ITG;ITG1;ITG16;ITG;ITG1;ITG16;
Pietraperzia;G624;19;86;86;15;86015;Isole;Sicilia;Enna;4;86015;86015;86015;ITG;ITG1;ITG16;ITG;ITG1;ITG16;
Regalbuto;H221;19;86;86;16;86016;Isole;Sicilia;Enna;4;86016;86016;86016;ITG;ITG1;ITG16;ITG;ITG1;ITG16;
Sperlinga;I891;19;86;86;17;86017;Isole;Sicilia;Enna;4;86017;86017;86017;ITG;ITG1;ITG16;ITG;ITG1;ITG16;
Troina;L448;19;86;86;18;86018;Isole;Sicilia;Enna;4;86018;86018;86018;ITG;ITG1;ITG16;ITG;ITG1;ITG16;
Valguarnera Caropepe;L583;19;86;86;19;86019;Isole;Sicilia;Enna;4;86019;86019;86019;ITG;ITG1;ITG16;ITG;ITG1;ITG16;
Villarosa;M011;19;86;86;20;86020;Isole;Sicilia;Enna;4;86020;86020;86020;ITG;ITG1;ITG16;ITG;ITG1;ITG16;
Aci Bonaccorsi;A025;19;287;87;1;87001;Isole;Sicilia;Catania;3;87001;87001;87001;ITG;ITG1;ITG17;ITG;ITG1;ITG17;
Aci Castello;A026;19;287;87;2;87002;Isole;Sicilia;Catania;3;87002;87002;87002;ITG;ITG1;ITG17;ITG;ITG1;ITG17;
Aci Catena;A027;19;287;87;3;87003;Isole;Sicilia;Catania;3;87003;87003;87003;ITG;ITG1;ITG17;ITG;ITG1;ITG17;
Acireale;A028;19;287;87;4;87004;Isole;Sicilia;Catania;3;87004;87004;87004;ITG;ITG1;ITG17;ITG;ITG1;ITG17;
Aci Sant'Antonio;A029;19;287;87;5;87005;Isole;Sicilia;Catania;3;87005;87005;87005;ITG;ITG1;ITG17;ITG;ITG1;ITG17;
Adrano;A056;19;287;87;6;87006;Isole;Sicilia;Catania;3;87006;87006;87006;ITG;ITG1;ITG17;ITG;ITG1;ITG17;
Belpasso;A766;19;287;87;7;87007;Isole;Sicilia;Catania;3;87007;87007;87007;ITG;ITG1;ITG17;ITG;ITG1;ITG17;
Biancavilla;A841;19;287;87;8;87008;Isole;Sicilia;Catania;3;87008;87008;87008;ITG;ITG1;ITG17;ITG;ITG1;ITG17;
Bronte;B202;19;287;87;9;87009;Isole;Sicilia;Catania;3;87009;87009;87009;ITG;ITG1;ITG17;ITG;ITG1;ITG17;
Calatabiano;B384;19;287;87;10;87010;Isole;Sicilia;Catania;3;87010;87010;87010;ITG;ITG1;ITG17;ITG;ITG1;ITG17;
Caltagirone;B428;19;287;87;11;87011;Isole;Sicilia;Catania;3;87011;87011;87011;ITG;ITG1;ITG17;ITG;ITG1;ITG17;
Camporotondo Etneo;B561;19;287;87;12;87012;Isole;Sicilia;Catania;3;87012;87012;87012;ITG;ITG1;ITG17;ITG;ITG1;ITG17;
Castel di Iudica;C091;19;287;87;13;87013;Isole;Sicilia;Catania;3;87013;87013;87013;ITG;ITG1;ITG17;ITG;ITG1;ITG17;
Castiglione di Sicilia;C297;19;287;87;14;87014;Isole;Sicilia;Catania;3;87014;87014;87014;ITG;ITG1;ITG17;ITG;ITG1;ITG17;
Catania;C351;19;287;87;15;87015;Isole;Sicilia;Catania;3;87015;87015;87015;ITG;ITG1;ITG17;ITG;ITG1;ITG17;
Fiumefreddo di Sicilia;D623;19;287;87;16;87016;Isole;Sicilia;Catania;3;87016;87016;87016;ITG;ITG1;ITG17;ITG;ITG1;ITG17;
Giarre;E017;19;287;87;17;87017;Isole;Sicilia;Catania;3;87017;87017;87017;ITG;ITG1;ITG17;ITG;ITG1;ITG17;
Grammichele;E133;19;287;87;18;87018;Isole;Sicilia;Catania;3;87018;87018;87018;ITG;ITG1;ITG17;ITG;ITG1;ITG17;
Gravina di Catania;E156;19;287;87;19;87019;Isole;Sicilia;Catania;3;87019;87019;87019;ITG;ITG1;ITG17;ITG;ITG1;ITG17;
Licodia Eubea;E578;19;287;87;20;87020;Isole;Sicilia;Catania;3;87020;87020;87020;ITG;ITG1;ITG17;ITG;ITG1;ITG17;
Linguaglossa;E602;19;287;87;21;87021;Isole;Sicilia;Catania;3;87021;87021;87021;ITG;ITG1;ITG17;ITG;ITG1;ITG17;
Maletto;E854;19;287;87;22;87022;Isole;Sicilia;Catania;3;87022;87022;87022;ITG;ITG1;ITG17;ITG;ITG1;ITG17;
Mascali;F004;19;287;87;23;87023;Isole;Sicilia;Catania;3;87023;87023;87023;ITG;ITG1;ITG17;ITG;ITG1;ITG17;
Mascalucia;F005;19;287;87;24;87024;Isole;Sicilia;Catania;3;87024;87024;87024;ITG;ITG1;ITG17;ITG;ITG1;ITG17;
Militello in Val di Catania;F209;19;287;87;25;87025;Isole;Sicilia;Catania;3;87025;87025;87025;ITG;ITG1;ITG17;ITG;ITG1;ITG17;
Milo;F214;19;287;87;26;87026;Isole;Sicilia;Catania;3;87026;87026;87026;ITG;ITG1;ITG17;ITG;ITG1;ITG17;
Mineo;F217;19;287;87;27;87027;Isole;Sicilia;Catania;3;87027;87027;87027;ITG;ITG1;ITG17;ITG;ITG1;ITG17;
Mirabella Imbaccari;F231;19;287;87;28;87028;Isole;Sicilia;Catania;3;87028;87028;87028;ITG;ITG1;ITG17;ITG;ITG1;ITG17;
Misterbianco;F250;19;287;87;29;87029;Isole;Sicilia;Catania;3;87029;87029;87029;ITG;ITG1;ITG17;ITG;ITG1;ITG17;
Motta Sant'Anastasia;F781;19;287;87;30;87030;Isole;Sicilia;Catania;3;87030;87030;87030;ITG;ITG1;ITG17;ITG;ITG1;ITG17;
Nicolosi;F890;19;287;87;31;87031;Isole;Sicilia;Catania;3;87031;87031;87031;ITG;ITG1;ITG17;ITG;ITG1;ITG17;
Palagonia;G253;19;287;87;32;87032;Isole;Sicilia;Catania;3;87032;87032;87032;ITG;ITG1;ITG17;ITG;ITG1;ITG17;
PaternÚ;G371;19;287;87;33;87033;Isole;Sicilia;Catania;3;87033;87033;87033;ITG;ITG1;ITG17;ITG;ITG1;ITG17;
Pedara;G402;19;287;87;34;87034;Isole;Sicilia;Catania;3;87034;87034;87034;ITG;ITG1;ITG17;ITG;ITG1;ITG17;
Piedimonte Etneo;G597;19;287;87;35;87035;Isole;Sicilia;Catania;3;87035;87035;87035;ITG;ITG1;ITG17;ITG;ITG1;ITG17;
Raddusa;H154;19;287;87;36;87036;Isole;Sicilia;Catania;3;87036;87036;87036;ITG;ITG1;ITG17;ITG;ITG1;ITG17;
Ramacca;H168;19;287;87;37;87037;Isole;Sicilia;Catania;3;87037;87037;87037;ITG;ITG1;ITG17;ITG;ITG1;ITG17;
Randazzo;H175;19;287;87;38;87038;Isole;Sicilia;Catania;3;87038;87038;87038;ITG;ITG1;ITG17;ITG;ITG1;ITG17;
Riposto;H325;19;287;87;39;87039;Isole;Sicilia;Catania;3;87039;87039;87039;ITG;ITG1;ITG17;ITG;ITG1;ITG17;
San Cono;H805;19;287;87;40;87040;Isole;Sicilia;Catania;3;87040;87040;87040;ITG;ITG1;ITG17;ITG;ITG1;ITG17;
San Giovanni la Punta;H922;19;287;87;41;87041;Isole;Sicilia;Catania;3;87041;87041;87041;ITG;ITG1;ITG17;ITG;ITG1;ITG17;
San Gregorio di Catania;H940;19;287;87;42;87042;Isole;Sicilia;Catania;3;87042;87042;87042;ITG;ITG1;ITG17;ITG;ITG1;ITG17;
San Michele di Ganzaria;I035;19;287;87;43;87043;Isole;Sicilia;Catania;3;87043;87043;87043;ITG;ITG1;ITG17;ITG;ITG1;ITG17;
San Pietro Clarenza;I098;19;287;87;44;87044;Isole;Sicilia;Catania;3;87044;87044;87044;ITG;ITG1;ITG17;ITG;ITG1;ITG17;
Sant'Agata li Battiati;I202;19;287;87;45;87045;Isole;Sicilia;Catania;3;87045;87045;87045;ITG;ITG1;ITG17;ITG;ITG1;ITG17;
Sant'Alfio;I216;19;287;87;46;87046;Isole;Sicilia;Catania;3;87046;87046;87046;ITG;ITG1;ITG17;ITG;ITG1;ITG17;
Santa Maria di Licodia;I240;19;287;87;47;87047;Isole;Sicilia;Catania;3;87047;87047;87047;ITG;ITG1;ITG17;ITG;ITG1;ITG17;
Santa Venerina;I314;19;287;87;48;87048;Isole;Sicilia;Catania;3;87048;87048;87048;ITG;ITG1;ITG17;ITG;ITG1;ITG17;
Scordia;I548;19;287;87;49;87049;Isole;Sicilia;Catania;3;87049;87049;87049;ITG;ITG1;ITG17;ITG;ITG1;ITG17;
Trecastagni;L355;19;287;87;50;87050;Isole;Sicilia;Catania;3;87050;87050;87050;ITG;ITG1;ITG17;ITG;ITG1;ITG17;
Tremestieri Etneo;L369;19;287;87;51;87051;Isole;Sicilia;Catania;3;87051;87051;87051;ITG;ITG1;ITG17;ITG;ITG1;ITG17;
Valverde;L658;19;287;87;52;87052;Isole;Sicilia;Catania;3;87052;87052;87052;ITG;ITG1;ITG17;ITG;ITG1;ITG17;
Viagrande;L828;19;287;87;53;87053;Isole;Sicilia;Catania;3;87053;87053;87053;ITG;ITG1;ITG17;ITG;ITG1;ITG17;
Vizzini;M100;19;287;87;54;87054;Isole;Sicilia;Catania;3;87054;87054;87054;ITG;ITG1;ITG17;ITG;ITG1;ITG17;
Zafferana Etnea;M139;19;287;87;55;87055;Isole;Sicilia;Catania;3;87055;87055;87055;ITG;ITG1;ITG17;ITG;ITG1;ITG17;
Mazzarrone;M271;19;287;87;56;87056;Isole;Sicilia;Catania;3;87056;87056;87056;ITG;ITG1;ITG17;ITG;ITG1;ITG17;
Maniace;M283;19;287;87;57;87057;Isole;Sicilia;Catania;3;87057;87057;87057;ITG;ITG1;ITG17;ITG;ITG1;ITG17;
Ragalna;M287;19;287;87;58;87058;Isole;Sicilia;Catania;3;87058;87058;87058;ITG;ITG1;ITG17;ITG;ITG1;ITG17;
Acate;A014;19;88;88;1;88001;Isole;Sicilia;Ragusa;4;88001;88001;88001;ITG;ITG1;ITG18;ITG;ITG1;ITG18;
Chiaramonte Gulfi;C612;19;88;88;2;88002;Isole;Sicilia;Ragusa;4;88002;88002;88002;ITG;ITG1;ITG18;ITG;ITG1;ITG18;
Comiso;C927;19;88;88;3;88003;Isole;Sicilia;Ragusa;4;88003;88003;88003;ITG;ITG1;ITG18;ITG;ITG1;ITG18;
Giarratana;E016;19;88;88;4;88004;Isole;Sicilia;Ragusa;4;88004;88004;88004;ITG;ITG1;ITG18;ITG;ITG1;ITG18;
Ispica;E366;19;88;88;5;88005;Isole;Sicilia;Ragusa;4;88005;88005;88005;ITG;ITG1;ITG18;ITG;ITG1;ITG18;
Modica;F258;19;88;88;6;88006;Isole;Sicilia;Ragusa;4;88006;88006;88006;ITG;ITG1;ITG18;ITG;ITG1;ITG18;
Monterosso Almo;F610;19;88;88;7;88007;Isole;Sicilia;Ragusa;4;88007;88007;88007;ITG;ITG1;ITG18;ITG;ITG1;ITG18;
Pozzallo;G953;19;88;88;8;88008;Isole;Sicilia;Ragusa;4;88008;88008;88008;ITG;ITG1;ITG18;ITG;ITG1;ITG18;
Ragusa;H163;19;88;88;9;88009;Isole;Sicilia;Ragusa;4;88009;88009;88009;ITG;ITG1;ITG18;ITG;ITG1;ITG18;
Santa Croce Camerina;I178;19;88;88;10;88010;Isole;Sicilia;Ragusa;4;88010;88010;88010;ITG;ITG1;ITG18;ITG;ITG1;ITG18;
Scicli;I535;19;88;88;11;88011;Isole;Sicilia;Ragusa;4;88011;88011;88011;ITG;ITG1;ITG18;ITG;ITG1;ITG18;
Vittoria;M088;19;88;88;12;88012;Isole;Sicilia;Ragusa;4;88012;88012;88012;ITG;ITG1;ITG18;ITG;ITG1;ITG18;
Augusta;A494;19;89;89;1;89001;Isole;Sicilia;Siracusa;4;89001;89001;89001;ITG;ITG1;ITG19;ITG;ITG1;ITG19;
Avola;A522;19;89;89;2;89002;Isole;Sicilia;Siracusa;4;89002;89002;89002;ITG;ITG1;ITG19;ITG;ITG1;ITG19;
Buccheri;B237;19;89;89;3;89003;Isole;Sicilia;Siracusa;4;89003;89003;89003;ITG;ITG1;ITG19;ITG;ITG1;ITG19;
Buscemi;B287;19;89;89;4;89004;Isole;Sicilia;Siracusa;4;89004;89004;89004;ITG;ITG1;ITG19;ITG;ITG1;ITG19;
Canicattini Bagni;B603;19;89;89;5;89005;Isole;Sicilia;Siracusa;4;89005;89005;89005;ITG;ITG1;ITG19;ITG;ITG1;ITG19;
Carlentini;B787;19;89;89;6;89006;Isole;Sicilia;Siracusa;4;89006;89006;89006;ITG;ITG1;ITG19;ITG;ITG1;ITG19;
Cassaro;C006;19;89;89;7;89007;Isole;Sicilia;Siracusa;4;89007;89007;89007;ITG;ITG1;ITG19;ITG;ITG1;ITG19;
Ferla;D540;19;89;89;8;89008;Isole;Sicilia;Siracusa;4;89008;89008;89008;ITG;ITG1;ITG19;ITG;ITG1;ITG19;
Floridia;D636;19;89;89;9;89009;Isole;Sicilia;Siracusa;4;89009;89009;89009;ITG;ITG1;ITG19;ITG;ITG1;ITG19;
Francofonte;D768;19;89;89;10;89010;Isole;Sicilia;Siracusa;4;89010;89010;89010;ITG;ITG1;ITG19;ITG;ITG1;ITG19;
Lentini;E532;19;89;89;11;89011;Isole;Sicilia;Siracusa;4;89011;89011;89011;ITG;ITG1;ITG19;ITG;ITG1;ITG19;
Melilli;F107;19;89;89;12;89012;Isole;Sicilia;Siracusa;4;89012;89012;89012;ITG;ITG1;ITG19;ITG;ITG1;ITG19;
Noto;F943;19;89;89;13;89013;Isole;Sicilia;Siracusa;4;89013;89013;89013;ITG;ITG1;ITG19;ITG;ITG1;ITG19;
Pachino;G211;19;89;89;14;89014;Isole;Sicilia;Siracusa;4;89014;89014;89014;ITG;ITG1;ITG19;ITG;ITG1;ITG19;
Palazzolo Acreide;G267;19;89;89;15;89015;Isole;Sicilia;Siracusa;4;89015;89015;89015;ITG;ITG1;ITG19;ITG;ITG1;ITG19;
Rosolini;H574;19;89;89;16;89016;Isole;Sicilia;Siracusa;4;89016;89016;89016;ITG;ITG1;ITG19;ITG;ITG1;ITG19;
Siracusa;I754;19;89;89;17;89017;Isole;Sicilia;Siracusa;4;89017;89017;89017;ITG;ITG1;ITG19;ITG;ITG1;ITG19;
Solarino;I785;19;89;89;18;89018;Isole;Sicilia;Siracusa;4;89018;89018;89018;ITG;ITG1;ITG19;ITG;ITG1;ITG19;
Sortino;I864;19;89;89;19;89019;Isole;Sicilia;Siracusa;4;89019;89019;89019;ITG;ITG1;ITG19;ITG;ITG1;ITG19;
Portopalo di Capo Passero;M257;19;89;89;20;89020;Isole;Sicilia;Siracusa;4;89020;89020;89020;ITG;ITG1;ITG19;ITG;ITG1;ITG19;
Priolo Gargallo;M279;19;89;89;21;89021;Isole;Sicilia;Siracusa;4;89021;89021;89021;ITG;ITG1;ITG19;ITG;ITG1;ITG19;
Aggius;A069;20;90;90;1;90001;Isole;Sardegna;Sassari;1;104001;104001;90001;ITG;ITG2;ITG2D;ITG;ITG2;ITG2D;
Al‡ dei Sardi;A115;20;90;90;2;90002;Isole;Sardegna;Sassari;1;104003;104003;90002;ITG;ITG2;ITG2D;ITG;ITG2;ITG2D;
Alghero;A192;20;90;90;3;90003;Isole;Sardegna;Sassari;1;90003;90003;90003;ITG;ITG2;ITG2D;ITG;ITG2;ITG2D;
Anela;A287;20;90;90;4;90004;Isole;Sardegna;Sassari;1;90004;90004;90004;ITG;ITG2;ITG2D;ITG;ITG2;ITG2D;
Ardara;A379;20;90;90;5;90005;Isole;Sardegna;Sassari;1;90005;90005;90005;ITG;ITG2;ITG2D;ITG;ITG2;ITG2D;
Arzachena;A453;20;90;90;6;90006;Isole;Sardegna;Sassari;1;104004;104004;90006;ITG;ITG2;ITG2D;ITG;ITG2;ITG2D;
Banari;A606;20;90;90;7;90007;Isole;Sardegna;Sassari;1;90007;90007;90007;ITG;ITG2;ITG2D;ITG;ITG2;ITG2D;
Benetutti;A781;20;90;90;8;90008;Isole;Sardegna;Sassari;1;90008;90008;90008;ITG;ITG2;ITG2D;ITG;ITG2;ITG2D;
Berchidda;A789;20;90;90;9;90009;Isole;Sardegna;Sassari;1;104006;104006;90009;ITG;ITG2;ITG2D;ITG;ITG2;ITG2D;
Bessude;A827;20;90;90;10;90010;Isole;Sardegna;Sassari;1;90010;90010;90010;ITG;ITG2;ITG2D;ITG;ITG2;ITG2D;
Bonnanaro;A976;20;90;90;11;90011;Isole;Sardegna;Sassari;1;90011;90011;90011;ITG;ITG2;ITG2D;ITG;ITG2;ITG2D;
Bono;A977;20;90;90;12;90012;Isole;Sardegna;Sassari;1;90012;90012;90012;ITG;ITG2;ITG2D;ITG;ITG2;ITG2D;
Bonorva;A978;20;90;90;13;90013;Isole;Sardegna;Sassari;1;90013;90013;90013;ITG;ITG2;ITG2D;ITG;ITG2;ITG2D;
Bortigiadas;B063;20;90;90;14;90014;Isole;Sardegna;Sassari;1;104007;104007;90014;ITG;ITG2;ITG2D;ITG;ITG2;ITG2D;
Borutta;B064;20;90;90;15;90015;Isole;Sardegna;Sassari;1;90015;90015;90015;ITG;ITG2;ITG2D;ITG;ITG2;ITG2D;
Bottidda;B094;20;90;90;16;90016;Isole;Sardegna;Sassari;1;90016;90016;90016;ITG;ITG2;ITG2D;ITG;ITG2;ITG2D;
BuddusÚ;B246;20;90;90;17;90017;Isole;Sardegna;Sassari;1;104008;104008;90017;ITG;ITG2;ITG2D;ITG;ITG2;ITG2D;
Bultei;B264;20;90;90;18;90018;Isole;Sardegna;Sassari;1;90018;90018;90018;ITG;ITG2;ITG2D;ITG;ITG2;ITG2D;
Bulzi;B265;20;90;90;19;90019;Isole;Sardegna;Sassari;1;90019;90019;90019;ITG;ITG2;ITG2D;ITG;ITG2;ITG2D;
Burgos;B276;20;90;90;20;90020;Isole;Sardegna;Sassari;1;90020;90020;90020;ITG;ITG2;ITG2D;ITG;ITG2;ITG2D;
Calangianus;B378;20;90;90;21;90021;Isole;Sardegna;Sassari;1;104010;104010;90021;ITG;ITG2;ITG2D;ITG;ITG2;ITG2D;
Cargeghe;B772;20;90;90;22;90022;Isole;Sardegna;Sassari;1;90022;90022;90022;ITG;ITG2;ITG2D;ITG;ITG2;ITG2D;
Castelsardo;C272;20;90;90;23;90023;Isole;Sardegna;Sassari;1;90023;90023;90023;ITG;ITG2;ITG2D;ITG;ITG2;ITG2D;
Cheremule;C600;20;90;90;24;90024;Isole;Sardegna;Sassari;1;90024;90024;90024;ITG;ITG2;ITG2D;ITG;ITG2;ITG2D;
Chiaramonti;C613;20;90;90;25;90025;Isole;Sardegna;Sassari;1;90025;90025;90025;ITG;ITG2;ITG2D;ITG;ITG2;ITG2D;
Codrongianos;C818;20;90;90;26;90026;Isole;Sardegna;Sassari;1;90026;90026;90026;ITG;ITG2;ITG2D;ITG;ITG2;ITG2D;
Cossoine;D100;20;90;90;27;90027;Isole;Sardegna;Sassari;1;90027;90027;90027;ITG;ITG2;ITG2D;ITG;ITG2;ITG2D;
Esporlatu;D441;20;90;90;28;90028;Isole;Sardegna;Sassari;1;90028;90028;90028;ITG;ITG2;ITG2D;ITG;ITG2;ITG2D;
Florinas;D637;20;90;90;29;90029;Isole;Sardegna;Sassari;1;90029;90029;90029;ITG;ITG2;ITG2D;ITG;ITG2;ITG2D;
Giave;E019;20;90;90;30;90030;Isole;Sardegna;Sassari;1;90030;90030;90030;ITG;ITG2;ITG2D;ITG;ITG2;ITG2D;
Illorai;E285;20;90;90;31;90031;Isole;Sardegna;Sassari;1;90031;90031;90031;ITG;ITG2;ITG2D;ITG;ITG2;ITG2D;
Ittireddu;E376;20;90;90;32;90032;Isole;Sardegna;Sassari;1;90032;90032;90032;ITG;ITG2;ITG2D;ITG;ITG2;ITG2D;
Ittiri;E377;20;90;90;33;90033;Isole;Sardegna;Sassari;1;90033;90033;90033;ITG;ITG2;ITG2D;ITG;ITG2;ITG2D;
Laerru;E401;20;90;90;34;90034;Isole;Sardegna;Sassari;1;90034;90034;90034;ITG;ITG2;ITG2D;ITG;ITG2;ITG2D;
La Maddalena;E425;20;90;90;35;90035;Isole;Sardegna;Sassari;1;104012;104012;90035;ITG;ITG2;ITG2D;ITG;ITG2;ITG2D;
Luogosanto;E747;20;90;90;36;90036;Isole;Sardegna;Sassari;1;104014;104014;90036;ITG;ITG2;ITG2D;ITG;ITG2;ITG2D;
Luras;E752;20;90;90;37;90037;Isole;Sardegna;Sassari;1;104015;104015;90037;ITG;ITG2;ITG2D;ITG;ITG2;ITG2D;
Mara;E902;20;90;90;38;90038;Isole;Sardegna;Sassari;1;90038;90038;90038;ITG;ITG2;ITG2D;ITG;ITG2;ITG2D;
Martis;E992;20;90;90;39;90039;Isole;Sardegna;Sassari;1;90039;90039;90039;ITG;ITG2;ITG2D;ITG;ITG2;ITG2D;
Monteleone Rocca Doria;F542;20;90;90;40;90040;Isole;Sardegna;Sassari;1;90040;90040;90040;ITG;ITG2;ITG2D;ITG;ITG2;ITG2D;
Monti;F667;20;90;90;41;90041;Isole;Sardegna;Sassari;1;104016;104016;90041;ITG;ITG2;ITG2D;ITG;ITG2;ITG2D;
Mores;F721;20;90;90;42;90042;Isole;Sardegna;Sassari;1;90042;90042;90042;ITG;ITG2;ITG2D;ITG;ITG2;ITG2D;
Muros;F818;20;90;90;43;90043;Isole;Sardegna;Sassari;1;90043;90043;90043;ITG;ITG2;ITG2D;ITG;ITG2;ITG2D;
Nughedu San NicolÚ;F975;20;90;90;44;90044;Isole;Sardegna;Sassari;1;90044;90044;90044;ITG;ITG2;ITG2D;ITG;ITG2;ITG2D;
Nule;F976;20;90;90;45;90045;Isole;Sardegna;Sassari;1;90045;90045;90045;ITG;ITG2;ITG2D;ITG;ITG2;ITG2D;
Nulvi;F977;20;90;90;46;90046;Isole;Sardegna;Sassari;1;90046;90046;90046;ITG;ITG2;ITG2D;ITG;ITG2;ITG2D;
Olbia;G015;20;90;90;47;90047;Isole;Sardegna;Sassari;1;104017;104017;90047;ITG;ITG2;ITG2D;ITG;ITG2;ITG2D;
Olmedo;G046;20;90;90;48;90048;Isole;Sardegna;Sassari;1;90048;90048;90048;ITG;ITG2;ITG2D;ITG;ITG2;ITG2D;
Oschiri;G153;20;90;90;49;90049;Isole;Sardegna;Sassari;1;104018;104018;90049;ITG;ITG2;ITG2D;ITG;ITG2;ITG2D;
Osilo;G156;20;90;90;50;90050;Isole;Sardegna;Sassari;1;90050;90050;90050;ITG;ITG2;ITG2D;ITG;ITG2;ITG2D;
Ossi;G178;20;90;90;51;90051;Isole;Sardegna;Sassari;1;90051;90051;90051;ITG;ITG2;ITG2D;ITG;ITG2;ITG2D;
Ozieri;G203;20;90;90;52;90052;Isole;Sardegna;Sassari;1;90052;90052;90052;ITG;ITG2;ITG2D;ITG;ITG2;ITG2D;
Padria;G225;20;90;90;53;90053;Isole;Sardegna;Sassari;1;90053;90053;90053;ITG;ITG2;ITG2D;ITG;ITG2;ITG2D;
Palau;G258;20;90;90;54;90054;Isole;Sardegna;Sassari;1;104020;104020;90054;ITG;ITG2;ITG2D;ITG;ITG2;ITG2D;
Pattada;G376;20;90;90;55;90055;Isole;Sardegna;Sassari;1;90055;90055;90055;ITG;ITG2;ITG2D;ITG;ITG2;ITG2D;
Perfugas;G450;20;90;90;56;90056;Isole;Sardegna;Sassari;1;90056;90056;90056;ITG;ITG2;ITG2D;ITG;ITG2;ITG2D;
Ploaghe;G740;20;90;90;57;90057;Isole;Sardegna;Sassari;1;90057;90057;90057;ITG;ITG2;ITG2D;ITG;ITG2;ITG2D;
Porto Torres;G924;20;90;90;58;90058;Isole;Sardegna;Sassari;1;90058;90058;90058;ITG;ITG2;ITG2D;ITG;ITG2;ITG2D;
Pozzomaggiore;G962;20;90;90;59;90059;Isole;Sardegna;Sassari;1;90059;90059;90059;ITG;ITG2;ITG2D;ITG;ITG2;ITG2D;
Putifigari;H095;20;90;90;60;90060;Isole;Sardegna;Sassari;1;90060;90060;90060;ITG;ITG2;ITG2D;ITG;ITG2;ITG2D;
Romana;H507;20;90;90;61;90061;Isole;Sardegna;Sassari;1;90061;90061;90061;ITG;ITG2;ITG2D;ITG;ITG2;ITG2D;
Aglientu;H848;20;90;90;62;90062;Isole;Sardegna;Sassari;1;104002;104002;90062;ITG;ITG2;ITG2D;ITG;ITG2;ITG2D;
Santa Teresa Gallura;I312;20;90;90;63;90063;Isole;Sardegna;Sassari;1;104022;104022;90063;ITG;ITG2;ITG2D;ITG;ITG2;ITG2D;
Sassari;I452;20;90;90;64;90064;Isole;Sardegna;Sassari;1;90064;90064;90064;ITG;ITG2;ITG2D;ITG;ITG2;ITG2D;
Sedini;I565;20;90;90;65;90065;Isole;Sardegna;Sassari;1;90065;90065;90065;ITG;ITG2;ITG2D;ITG;ITG2;ITG2D;
Semestene;I598;20;90;90;66;90066;Isole;Sardegna;Sassari;1;90066;90066;90066;ITG;ITG2;ITG2D;ITG;ITG2;ITG2D;
Sennori;I614;20;90;90;67;90067;Isole;Sardegna;Sassari;1;90067;90067;90067;ITG;ITG2;ITG2D;ITG;ITG2;ITG2D;
Siligo;I732;20;90;90;68;90068;Isole;Sardegna;Sassari;1;90068;90068;90068;ITG;ITG2;ITG2D;ITG;ITG2;ITG2D;
Sorso;I863;20;90;90;69;90069;Isole;Sardegna;Sassari;1;90069;90069;90069;ITG;ITG2;ITG2D;ITG;ITG2;ITG2D;
Tempio Pausania;L093;20;90;90;70;90070;Isole;Sardegna;Sassari;1;104025;104025;90070;ITG;ITG2;ITG2D;ITG;ITG2;ITG2D;
Thiesi;L158;20;90;90;71;90071;Isole;Sardegna;Sassari;1;90071;90071;90071;ITG;ITG2;ITG2D;ITG;ITG2;ITG2D;
Tissi;L180;20;90;90;72;90072;Isole;Sardegna;Sassari;1;90072;90072;90072;ITG;ITG2;ITG2D;ITG;ITG2;ITG2D;
Torralba;L235;20;90;90;73;90073;Isole;Sardegna;Sassari;1;90073;90073;90073;ITG;ITG2;ITG2D;ITG;ITG2;ITG2D;
Trinit‡ d'Agultu e Vignola;L428;20;90;90;74;90074;Isole;Sardegna;Sassari;1;104026;104026;90074;ITG;ITG2;ITG2D;ITG;ITG2;ITG2D;
Tula;L464;20;90;90;75;90075;Isole;Sardegna;Sassari;1;90075;90075;90075;ITG;ITG2;ITG2D;ITG;ITG2;ITG2D;
Uri;L503;20;90;90;76;90076;Isole;Sardegna;Sassari;1;90076;90076;90076;ITG;ITG2;ITG2D;ITG;ITG2;ITG2D;
Usini;L509;20;90;90;77;90077;Isole;Sardegna;Sassari;1;90077;90077;90077;ITG;ITG2;ITG2D;ITG;ITG2;ITG2D;
Villanova Monteleone;L989;20;90;90;78;90078;Isole;Sardegna;Sassari;1;90078;90078;90078;ITG;ITG2;ITG2D;ITG;ITG2;ITG2D;
Valledoria;L604;20;90;90;79;90079;Isole;Sardegna;Sassari;1;90079;90079;90079;ITG;ITG2;ITG2D;ITG;ITG2;ITG2D;
Telti;L088;20;90;90;80;90080;Isole;Sardegna;Sassari;1;104024;104024;90080;ITG;ITG2;ITG2D;ITG;ITG2;ITG2D;
Badesi;M214;20;90;90;81;90081;Isole;Sardegna;Sassari;1;104005;104005;90081;ITG;ITG2;ITG2D;ITG;ITG2;ITG2D;
Viddalba;M259;20;90;90;82;90082;Isole;Sardegna;Sassari;1;90082;90082;90082;ITG;ITG2;ITG2D;ITG;ITG2;ITG2D;
Golfo Aranci;M274;20;90;90;83;90083;Isole;Sardegna;Sassari;1;104011;104011;90083;ITG;ITG2;ITG2D;ITG;ITG2;ITG2D;
Loiri Porto San Paolo;M275;20;90;90;84;90084;Isole;Sardegna;Sassari;1;104013;104013;90084;ITG;ITG2;ITG2D;ITG;ITG2;ITG2D;
Sant'Antonio di Gallura;M276;20;90;90;85;90085;Isole;Sardegna;Sassari;1;104021;104021;90085;ITG;ITG2;ITG2D;ITG;ITG2;ITG2D;
Tergu;M282;20;90;90;86;90086;Isole;Sardegna;Sassari;1;90086;90086;90086;ITG;ITG2;ITG2D;ITG;ITG2;ITG2D;
Santa Maria Coghinas;M284;20;90;90;87;90087;Isole;Sardegna;Sassari;1;90087;90087;90087;ITG;ITG2;ITG2D;ITG;ITG2;ITG2D;
Erula;M292;20;90;90;88;90088;Isole;Sardegna;Sassari;1;90088;90088;90088;ITG;ITG2;ITG2D;ITG;ITG2;ITG2D;
Stintino;M290;20;90;90;89;90089;Isole;Sardegna;Sassari;1;90089;90089;90089;ITG;ITG2;ITG2D;ITG;ITG2;ITG2D;
Padru;M301;20;90;90;90;90090;Isole;Sardegna;Sassari;1;104019;104019;90090;ITG;ITG2;ITG2D;ITG;ITG2;ITG2D;
Budoni;B248;20;90;90;91;90091;Isole;Sardegna;Sassari;1;104009;104009;91014;ITG;ITG2;ITG2D;ITG;ITG2;ITG2D;
San Teodoro;I329;20;90;90;92;90092;Isole;Sardegna;Sassari;1;104023;104023;91076;ITG;ITG2;ITG2D;ITG;ITG2;ITG2D;
Aritzo;A407;20;91;91;1;91001;Isole;Sardegna;Nuoro;1;91001;91001;91001;ITG;ITG2;ITG2E;ITG;ITG2;ITG2E;
Arzana;A454;20;91;91;2;91002;Isole;Sardegna;Nuoro;1;105001;105001;91002;ITG;ITG2;ITG2E;ITG;ITG2;ITG2E;
Atzara;A492;20;91;91;3;91003;Isole;Sardegna;Nuoro;1;91003;91003;91003;ITG;ITG2;ITG2E;ITG;ITG2;ITG2E;
Austis;A503;20;91;91;4;91004;Isole;Sardegna;Nuoro;1;91004;91004;91004;ITG;ITG2;ITG2E;ITG;ITG2;ITG2E;
Bari Sardo;A663;20;91;91;5;91005;Isole;Sardegna;Nuoro;1;105002;105002;91005;ITG;ITG2;ITG2E;ITG;ITG2;ITG2E;
Baunei;A722;20;91;91;6;91006;Isole;Sardegna;Nuoro;1;105003;105003;91006;ITG;ITG2;ITG2E;ITG;ITG2;ITG2E;
BelvÏ;A776;20;91;91;7;91007;Isole;Sardegna;Nuoro;1;91007;91007;91007;ITG;ITG2;ITG2E;ITG;ITG2;ITG2E;
Birori;A880;20;91;91;8;91008;Isole;Sardegna;Nuoro;1;91008;91008;91008;ITG;ITG2;ITG2E;ITG;ITG2;ITG2E;
Bitti;A895;20;91;91;9;91009;Isole;Sardegna;Nuoro;1;91009;91009;91009;ITG;ITG2;ITG2E;ITG;ITG2;ITG2E;
Bolotana;A948;20;91;91;10;91010;Isole;Sardegna;Nuoro;1;91010;91010;91010;ITG;ITG2;ITG2E;ITG;ITG2;ITG2E;
Borore;B056;20;91;91;11;91011;Isole;Sardegna;Nuoro;1;91011;91011;91011;ITG;ITG2;ITG2E;ITG;ITG2;ITG2E;
Bortigali;B062;20;91;91;12;91012;Isole;Sardegna;Nuoro;1;91012;91012;91012;ITG;ITG2;ITG2E;ITG;ITG2;ITG2E;
Desulo;D287;20;91;91;16;91016;Isole;Sardegna;Nuoro;1;91016;91016;91016;ITG;ITG2;ITG2E;ITG;ITG2;ITG2E;
Dorgali;D345;20;91;91;17;91017;Isole;Sardegna;Nuoro;1;91017;91017;91017;ITG;ITG2;ITG2E;ITG;ITG2;ITG2E;
Dualchi;D376;20;91;91;18;91018;Isole;Sardegna;Nuoro;1;91018;91018;91018;ITG;ITG2;ITG2E;ITG;ITG2;ITG2E;
Elini;D395;20;91;91;19;91019;Isole;Sardegna;Nuoro;1;105005;105005;91019;ITG;ITG2;ITG2E;ITG;ITG2;ITG2E;
Fonni;D665;20;91;91;24;91024;Isole;Sardegna;Nuoro;1;91024;91024;91024;ITG;ITG2;ITG2E;ITG;ITG2;ITG2E;
Gadoni;D842;20;91;91;25;91025;Isole;Sardegna;Nuoro;1;91025;91025;91025;ITG;ITG2;ITG2E;ITG;ITG2;ITG2E;
Gairo;D859;20;91;91;26;91026;Isole;Sardegna;Nuoro;1;105006;105006;91026;ITG;ITG2;ITG2E;ITG;ITG2;ITG2E;
GaltellÏ;D888;20;91;91;27;91027;Isole;Sardegna;Nuoro;1;91027;91027;91027;ITG;ITG2;ITG2E;ITG;ITG2;ITG2E;
Gavoi;D947;20;91;91;28;91028;Isole;Sardegna;Nuoro;1;91028;91028;91028;ITG;ITG2;ITG2E;ITG;ITG2;ITG2E;
Girasole;E049;20;91;91;31;91031;Isole;Sardegna;Nuoro;1;105007;105007;91031;ITG;ITG2;ITG2E;ITG;ITG2;ITG2E;
Ilbono;E283;20;91;91;32;91032;Isole;Sardegna;Nuoro;1;105008;105008;91032;ITG;ITG2;ITG2E;ITG;ITG2;ITG2E;
Irgoli;E323;20;91;91;33;91033;Isole;Sardegna;Nuoro;1;91033;91033;91033;ITG;ITG2;ITG2E;ITG;ITG2;ITG2E;
Jerzu;E387;20;91;91;35;91035;Isole;Sardegna;Nuoro;1;105009;105009;91035;ITG;ITG2;ITG2E;ITG;ITG2;ITG2E;
Lanusei;E441;20;91;91;37;91037;Isole;Sardegna;Nuoro;1;105010;105010;91037;ITG;ITG2;ITG2E;ITG;ITG2;ITG2E;
Lei;E517;20;91;91;38;91038;Isole;Sardegna;Nuoro;1;91038;91038;91038;ITG;ITG2;ITG2E;ITG;ITG2;ITG2E;
Loceri;E644;20;91;91;39;91039;Isole;Sardegna;Nuoro;1;105011;105011;91039;ITG;ITG2;ITG2E;ITG;ITG2;ITG2E;
Loculi;E646;20;91;91;40;91040;Isole;Sardegna;Nuoro;1;91040;91040;91040;ITG;ITG2;ITG2E;ITG;ITG2;ITG2E;
LodË;E647;20;91;91;41;91041;Isole;Sardegna;Nuoro;1;91041;91041;91041;ITG;ITG2;ITG2E;ITG;ITG2;ITG2E;
Lotzorai;E700;20;91;91;42;91042;Isole;Sardegna;Nuoro;1;105012;105012;91042;ITG;ITG2;ITG2E;ITG;ITG2;ITG2E;
Lula;E736;20;91;91;43;91043;Isole;Sardegna;Nuoro;1;91043;91043;91043;ITG;ITG2;ITG2E;ITG;ITG2;ITG2E;
Macomer;E788;20;91;91;44;91044;Isole;Sardegna;Nuoro;1;91044;91044;91044;ITG;ITG2;ITG2E;ITG;ITG2;ITG2E;
Mamoiada;E874;20;91;91;46;91046;Isole;Sardegna;Nuoro;1;91046;91046;91046;ITG;ITG2;ITG2E;ITG;ITG2;ITG2E;
Meana Sardo;F073;20;91;91;47;91047;Isole;Sardegna;Nuoro;1;91047;91047;91047;ITG;ITG2;ITG2E;ITG;ITG2;ITG2E;
Noragugume;F933;20;91;91;50;91050;Isole;Sardegna;Nuoro;1;91050;91050;91050;ITG;ITG2;ITG2E;ITG;ITG2;ITG2E;
Nuoro;F979;20;91;91;51;91051;Isole;Sardegna;Nuoro;1;91051;91051;91051;ITG;ITG2;ITG2E;ITG;ITG2;ITG2E;
Oliena;G031;20;91;91;55;91055;Isole;Sardegna;Nuoro;1;91055;91055;91055;ITG;ITG2;ITG2E;ITG;ITG2;ITG2E;
Ollolai;G044;20;91;91;56;91056;Isole;Sardegna;Nuoro;1;91056;91056;91056;ITG;ITG2;ITG2E;ITG;ITG2;ITG2E;
Olzai;G058;20;91;91;57;91057;Isole;Sardegna;Nuoro;1;91057;91057;91057;ITG;ITG2;ITG2E;ITG;ITG2;ITG2E;
OnanÏ;G064;20;91;91;58;91058;Isole;Sardegna;Nuoro;1;91058;91058;91058;ITG;ITG2;ITG2E;ITG;ITG2;ITG2E;
Onifai;G070;20;91;91;59;91059;Isole;Sardegna;Nuoro;1;91059;91059;91059;ITG;ITG2;ITG2E;ITG;ITG2;ITG2E;
Oniferi;G071;20;91;91;60;91060;Isole;Sardegna;Nuoro;1;91060;91060;91060;ITG;ITG2;ITG2E;ITG;ITG2;ITG2E;
Orani;G084;20;91;91;61;91061;Isole;Sardegna;Nuoro;1;91061;91061;91061;ITG;ITG2;ITG2E;ITG;ITG2;ITG2E;
Orgosolo;G097;20;91;91;62;91062;Isole;Sardegna;Nuoro;1;91062;91062;91062;ITG;ITG2;ITG2E;ITG;ITG2;ITG2E;
Orosei;G119;20;91;91;63;91063;Isole;Sardegna;Nuoro;1;91063;91063;91063;ITG;ITG2;ITG2E;ITG;ITG2;ITG2E;
Orotelli;G120;20;91;91;64;91064;Isole;Sardegna;Nuoro;1;91064;91064;91064;ITG;ITG2;ITG2E;ITG;ITG2;ITG2E;
Ortueri;G146;20;91;91;66;91066;Isole;Sardegna;Nuoro;1;91066;91066;91066;ITG;ITG2;ITG2E;ITG;ITG2;ITG2E;
Orune;G147;20;91;91;67;91067;Isole;Sardegna;Nuoro;1;91067;91067;91067;ITG;ITG2;ITG2E;ITG;ITG2;ITG2E;
Osidda;G154;20;91;91;68;91068;Isole;Sardegna;Nuoro;1;91068;91068;91068;ITG;ITG2;ITG2E;ITG;ITG2;ITG2E;
Osini;G158;20;91;91;69;91069;Isole;Sardegna;Nuoro;1;105013;105013;91069;ITG;ITG2;ITG2E;ITG;ITG2;ITG2E;
Ottana;G191;20;91;91;70;91070;Isole;Sardegna;Nuoro;1;91070;91070;91070;ITG;ITG2;ITG2E;ITG;ITG2;ITG2E;
Ovodda;G201;20;91;91;71;91071;Isole;Sardegna;Nuoro;1;91071;91071;91071;ITG;ITG2;ITG2E;ITG;ITG2;ITG2E;
Perdasdefogu;G445;20;91;91;72;91072;Isole;Sardegna;Nuoro;1;105014;105014;91072;ITG;ITG2;ITG2E;ITG;ITG2;ITG2E;
Posada;G929;20;91;91;73;91073;Isole;Sardegna;Nuoro;1;91073;91073;91073;ITG;ITG2;ITG2E;ITG;ITG2;ITG2E;
Sarule;I448;20;91;91;77;91077;Isole;Sardegna;Nuoro;1;91077;91077;91077;ITG;ITG2;ITG2E;ITG;ITG2;ITG2E;
Silanus;I730;20;91;91;83;91083;Isole;Sardegna;Nuoro;1;91083;91083;91083;ITG;ITG2;ITG2E;ITG;ITG2;ITG2E;
Sindia;I748;20;91;91;84;91084;Isole;Sardegna;Nuoro;1;91084;91084;91084;ITG;ITG2;ITG2E;ITG;ITG2;ITG2E;
Siniscola;I751;20;91;91;85;91085;Isole;Sardegna;Nuoro;1;91085;91085;91085;ITG;ITG2;ITG2E;ITG;ITG2;ITG2E;
Sorgono;I851;20;91;91;86;91086;Isole;Sardegna;Nuoro;1;91086;91086;91086;ITG;ITG2;ITG2E;ITG;ITG2;ITG2E;
Talana;L036;20;91;91;88;91088;Isole;Sardegna;Nuoro;1;105016;105016;91088;ITG;ITG2;ITG2E;ITG;ITG2;ITG2E;
Tertenia;L140;20;91;91;89;91089;Isole;Sardegna;Nuoro;1;105017;105017;91089;ITG;ITG2;ITG2E;ITG;ITG2;ITG2E;
Teti;L153;20;91;91;90;91090;Isole;Sardegna;Nuoro;1;91090;91090;91090;ITG;ITG2;ITG2E;ITG;ITG2;ITG2E;
Tiana;L160;20;91;91;91;91091;Isole;Sardegna;Nuoro;1;91091;91091;91091;ITG;ITG2;ITG2E;ITG;ITG2;ITG2E;
Tonara;L202;20;91;91;93;91093;Isole;Sardegna;Nuoro;1;91093;91093;91093;ITG;ITG2;ITG2E;ITG;ITG2;ITG2E;
TorpË;L231;20;91;91;94;91094;Isole;Sardegna;Nuoro;1;91094;91094;91094;ITG;ITG2;ITG2E;ITG;ITG2;ITG2E;
TortolÏ;A355;20;91;91;95;91095;Isole;Sardegna;Nuoro;1;105018;105018;91095;ITG;ITG2;ITG2E;ITG;ITG2;ITG2E;
Triei;L423;20;91;91;97;91097;Isole;Sardegna;Nuoro;1;105019;105019;91097;ITG;ITG2;ITG2E;ITG;ITG2;ITG2E;
Ulassai;L489;20;91;91;98;91098;Isole;Sardegna;Nuoro;1;105020;105020;91098;ITG;ITG2;ITG2E;ITG;ITG2;ITG2E;
Urzulei;L506;20;91;91;99;91099;Isole;Sardegna;Nuoro;1;105021;105021;91099;ITG;ITG2;ITG2E;ITG;ITG2;ITG2E;
Ussassai;L514;20;91;91;100;91100;Isole;Sardegna;Nuoro;1;105022;105022;91100;ITG;ITG2;ITG2E;ITG;ITG2;ITG2E;
Villagrande Strisaili;L953;20;91;91;101;91101;Isole;Sardegna;Nuoro;1;105023;105023;91101;ITG;ITG2;ITG2E;ITG;ITG2;ITG2E;
Cardedu;M285;20;91;91;103;91103;Isole;Sardegna;Nuoro;1;105004;105004;91103;ITG;ITG2;ITG2E;ITG;ITG2;ITG2E;
Lodine;E649;20;91;91;104;91104;Isole;Sardegna;Nuoro;1;91104;91104;91104;ITG;ITG2;ITG2E;ITG;ITG2;ITG2E;
Assemini;A474;20;292;92;3;92003;Isole;Sardegna;Cagliari;3;92003;92003;92003;ITG;ITG2;ITG2F;ITG;ITG2;ITG2F;
Cagliari;B354;20;292;92;9;92009;Isole;Sardegna;Cagliari;3;92009;92009;92009;ITG;ITG2;ITG2F;ITG;ITG2;ITG2F;
Capoterra;B675;20;292;92;11;92011;Isole;Sardegna;Cagliari;3;92011;92011;92011;ITG;ITG2;ITG2F;ITG;ITG2;ITG2F;
Decimomannu;D259;20;292;92;15;92015;Isole;Sardegna;Cagliari;3;92015;92015;92015;ITG;ITG2;ITG2F;ITG;ITG2;ITG2F;
Maracalagonis;E903;20;292;92;37;92037;Isole;Sardegna;Cagliari;3;92037;92037;92037;ITG;ITG2;ITG2F;ITG;ITG2;ITG2F;
Pula;H088;20;292;92;50;92050;Isole;Sardegna;Cagliari;3;92050;92050;92050;ITG;ITG2;ITG2F;ITG;ITG2;ITG2F;
Quartu Sant'Elena;H118;20;292;92;51;92051;Isole;Sardegna;Cagliari;3;92051;92051;92051;ITG;ITG2;ITG2F;ITG;ITG2;ITG2F;
Sarroch;I443;20;292;92;66;92066;Isole;Sardegna;Cagliari;3;92066;92066;92066;ITG;ITG2;ITG2F;ITG;ITG2;ITG2F;
Selargius;I580;20;292;92;68;92068;Isole;Sardegna;Cagliari;3;92068;92068;92068;ITG;ITG2;ITG2F;ITG;ITG2;ITG2F;
Sestu;I695;20;292;92;74;92074;Isole;Sardegna;Cagliari;3;92074;92074;92074;ITG;ITG2;ITG2F;ITG;ITG2;ITG2F;
Settimo San Pietro;I699;20;292;92;75;92075;Isole;Sardegna;Cagliari;3;92075;92075;92075;ITG;ITG2;ITG2F;ITG;ITG2;ITG2F;
Sinnai;I752;20;292;92;80;92080;Isole;Sardegna;Cagliari;3;92080;92080;92080;ITG;ITG2;ITG2F;ITG;ITG2;ITG2F;
Uta;L521;20;292;92;90;92090;Isole;Sardegna;Cagliari;3;92090;92090;92090;ITG;ITG2;ITG2F;ITG;ITG2;ITG2F;
Villa San Pietro;I118;20;292;92;99;92099;Isole;Sardegna;Cagliari;3;92099;92099;92099;ITG;ITG2;ITG2F;ITG;ITG2;ITG2F;
Quartucciu;H119;20;292;92;105;92105;Isole;Sardegna;Cagliari;3;92105;92105;92105;ITG;ITG2;ITG2F;ITG;ITG2;ITG2F;
Elmas;D399;20;292;92;108;92108;Isole;Sardegna;Cagliari;3;92108;92108;92108;ITG;ITG2;ITG2F;ITG;ITG2;ITG2F;
Monserrato;F383;20;292;92;109;92109;Isole;Sardegna;Cagliari;3;92109;92109;92109;ITG;ITG2;ITG2F;ITG;ITG2;ITG2F;
Abbasanta;A007;20;95;95;1;95001;Isole;Sardegna;Oristano;1;95001;95001;95001;ITG;ITG2;ITG2G;ITG;ITG2;ITG2G;
Aidomaggiore;A097;20;95;95;2;95002;Isole;Sardegna;Oristano;1;95002;95002;95002;ITG;ITG2;ITG2G;ITG;ITG2;ITG2G;
Albagiara;A126;20;95;95;3;95003;Isole;Sardegna;Oristano;1;95003;95003;95003;ITG;ITG2;ITG2G;ITG;ITG2;ITG2G;
Ales;A180;20;95;95;4;95004;Isole;Sardegna;Oristano;1;95004;95004;95004;ITG;ITG2;ITG2G;ITG;ITG2;ITG2G;
Allai;A204;20;95;95;5;95005;Isole;Sardegna;Oristano;1;95005;95005;95005;ITG;ITG2;ITG2G;ITG;ITG2;ITG2G;
Arborea;A357;20;95;95;6;95006;Isole;Sardegna;Oristano;1;95006;95006;95006;ITG;ITG2;ITG2G;ITG;ITG2;ITG2G;
Ardauli;A380;20;95;95;7;95007;Isole;Sardegna;Oristano;1;95007;95007;95007;ITG;ITG2;ITG2G;ITG;ITG2;ITG2G;
Assolo;A477;20;95;95;8;95008;Isole;Sardegna;Oristano;1;95008;95008;95008;ITG;ITG2;ITG2G;ITG;ITG2;ITG2G;
Asuni;A480;20;95;95;9;95009;Isole;Sardegna;Oristano;1;95009;95009;95009;ITG;ITG2;ITG2G;ITG;ITG2;ITG2G;
Baradili;A614;20;95;95;10;95010;Isole;Sardegna;Oristano;1;95010;95010;95010;ITG;ITG2;ITG2G;ITG;ITG2;ITG2G;
Baratili San Pietro;A621;20;95;95;11;95011;Isole;Sardegna;Oristano;1;95011;95011;95011;ITG;ITG2;ITG2G;ITG;ITG2;ITG2G;
Baressa;A655;20;95;95;12;95012;Isole;Sardegna;Oristano;1;95012;95012;95012;ITG;ITG2;ITG2G;ITG;ITG2;ITG2G;
Bauladu;A721;20;95;95;13;95013;Isole;Sardegna;Oristano;1;95013;95013;95013;ITG;ITG2;ITG2G;ITG;ITG2;ITG2G;
BidonÏ;A856;20;95;95;14;95014;Isole;Sardegna;Oristano;1;95014;95014;95014;ITG;ITG2;ITG2G;ITG;ITG2;ITG2G;
Bonarcado;A960;20;95;95;15;95015;Isole;Sardegna;Oristano;1;95015;95015;95015;ITG;ITG2;ITG2G;ITG;ITG2;ITG2G;
Boroneddu;B055;20;95;95;16;95016;Isole;Sardegna;Oristano;1;95016;95016;95016;ITG;ITG2;ITG2G;ITG;ITG2;ITG2G;
Busachi;B281;20;95;95;17;95017;Isole;Sardegna;Oristano;1;95017;95017;95017;ITG;ITG2;ITG2G;ITG;ITG2;ITG2G;
Cabras;B314;20;95;95;18;95018;Isole;Sardegna;Oristano;1;95018;95018;95018;ITG;ITG2;ITG2G;ITG;ITG2;ITG2G;
Cuglieri;D200;20;95;95;19;95019;Isole;Sardegna;Oristano;1;95019;95019;95019;ITG;ITG2;ITG2G;ITG;ITG2;ITG2G;
Fordongianus;D695;20;95;95;20;95020;Isole;Sardegna;Oristano;1;95020;95020;95020;ITG;ITG2;ITG2G;ITG;ITG2;ITG2G;
Ghilarza;E004;20;95;95;21;95021;Isole;Sardegna;Oristano;1;95021;95021;95021;ITG;ITG2;ITG2G;ITG;ITG2;ITG2G;
Gonnoscodina;E087;20;95;95;22;95022;Isole;Sardegna;Oristano;1;95022;95022;95022;ITG;ITG2;ITG2G;ITG;ITG2;ITG2G;
GonnosnÚ;D585;20;95;95;23;95023;Isole;Sardegna;Oristano;1;95023;95023;95023;ITG;ITG2;ITG2G;ITG;ITG2;ITG2G;
Gonnostramatza;E088;20;95;95;24;95024;Isole;Sardegna;Oristano;1;95024;95024;95024;ITG;ITG2;ITG2G;ITG;ITG2;ITG2G;
Marrubiu;E972;20;95;95;25;95025;Isole;Sardegna;Oristano;1;95025;95025;95025;ITG;ITG2;ITG2G;ITG;ITG2;ITG2G;
Masullas;F050;20;95;95;26;95026;Isole;Sardegna;Oristano;1;95026;95026;95026;ITG;ITG2;ITG2G;ITG;ITG2;ITG2G;
Milis;F208;20;95;95;27;95027;Isole;Sardegna;Oristano;1;95027;95027;95027;ITG;ITG2;ITG2G;ITG;ITG2;ITG2G;
Mogorella;F270;20;95;95;28;95028;Isole;Sardegna;Oristano;1;95028;95028;95028;ITG;ITG2;ITG2G;ITG;ITG2;ITG2G;
Mogoro;F272;20;95;95;29;95029;Isole;Sardegna;Oristano;1;95029;95029;95029;ITG;ITG2;ITG2G;ITG;ITG2;ITG2G;
Morgongiori;F727;20;95;95;30;95030;Isole;Sardegna;Oristano;1;95030;95030;95030;ITG;ITG2;ITG2G;ITG;ITG2;ITG2G;
Narbolia;F840;20;95;95;31;95031;Isole;Sardegna;Oristano;1;95031;95031;95031;ITG;ITG2;ITG2G;ITG;ITG2;ITG2G;
Neoneli;F867;20;95;95;32;95032;Isole;Sardegna;Oristano;1;95032;95032;95032;ITG;ITG2;ITG2G;ITG;ITG2;ITG2G;
Norbello;F934;20;95;95;33;95033;Isole;Sardegna;Oristano;1;95033;95033;95033;ITG;ITG2;ITG2G;ITG;ITG2;ITG2G;
Nughedu Santa Vittoria;F974;20;95;95;34;95034;Isole;Sardegna;Oristano;1;95034;95034;95034;ITG;ITG2;ITG2G;ITG;ITG2;ITG2G;
Nurachi;F980;20;95;95;35;95035;Isole;Sardegna;Oristano;1;95035;95035;95035;ITG;ITG2;ITG2G;ITG;ITG2;ITG2G;
Nureci;F985;20;95;95;36;95036;Isole;Sardegna;Oristano;1;95036;95036;95036;ITG;ITG2;ITG2G;ITG;ITG2;ITG2G;
Ollastra;G043;20;95;95;37;95037;Isole;Sardegna;Oristano;1;95037;95037;95037;ITG;ITG2;ITG2G;ITG;ITG2;ITG2G;
Oristano;G113;20;95;95;38;95038;Isole;Sardegna;Oristano;1;95038;95038;95038;ITG;ITG2;ITG2G;ITG;ITG2;ITG2G;
Palmas Arborea;G286;20;95;95;39;95039;Isole;Sardegna;Oristano;1;95039;95039;95039;ITG;ITG2;ITG2G;ITG;ITG2;ITG2G;
Pau;G379;20;95;95;40;95040;Isole;Sardegna;Oristano;1;95040;95040;95040;ITG;ITG2;ITG2G;ITG;ITG2;ITG2G;
Paulilatino;G384;20;95;95;41;95041;Isole;Sardegna;Oristano;1;95041;95041;95041;ITG;ITG2;ITG2G;ITG;ITG2;ITG2G;
Pompu;G817;20;95;95;42;95042;Isole;Sardegna;Oristano;1;95042;95042;95042;ITG;ITG2;ITG2G;ITG;ITG2;ITG2G;
Riola Sardo;H301;20;95;95;43;95043;Isole;Sardegna;Oristano;1;95043;95043;95043;ITG;ITG2;ITG2G;ITG;ITG2;ITG2G;
Ruinas;F271;20;95;95;44;95044;Isole;Sardegna;Oristano;1;95044;95044;95044;ITG;ITG2;ITG2G;ITG;ITG2;ITG2G;
Samugheo;H756;20;95;95;45;95045;Isole;Sardegna;Oristano;1;95045;95045;95045;ITG;ITG2;ITG2G;ITG;ITG2;ITG2G;
San NicolÚ d'Arcidano;A368;20;95;95;46;95046;Isole;Sardegna;Oristano;1;95046;95046;95046;ITG;ITG2;ITG2G;ITG;ITG2;ITG2G;
Santa Giusta;I205;20;95;95;47;95047;Isole;Sardegna;Oristano;1;95047;95047;95047;ITG;ITG2;ITG2G;ITG;ITG2;ITG2G;
Villa Sant'Antonio;I298;20;95;95;48;95048;Isole;Sardegna;Oristano;1;95048;95048;95048;ITG;ITG2;ITG2G;ITG;ITG2;ITG2G;
Santu Lussurgiu;I374;20;95;95;49;95049;Isole;Sardegna;Oristano;1;95049;95049;95049;ITG;ITG2;ITG2G;ITG;ITG2;ITG2G;
San Vero Milis;I384;20;95;95;50;95050;Isole;Sardegna;Oristano;1;95050;95050;95050;ITG;ITG2;ITG2G;ITG;ITG2;ITG2G;
Scano di Montiferro;I503;20;95;95;51;95051;Isole;Sardegna;Oristano;1;95051;95051;95051;ITG;ITG2;ITG2G;ITG;ITG2;ITG2G;
Sedilo;I564;20;95;95;52;95052;Isole;Sardegna;Oristano;1;95052;95052;95052;ITG;ITG2;ITG2G;ITG;ITG2;ITG2G;
Seneghe;I605;20;95;95;53;95053;Isole;Sardegna;Oristano;1;95053;95053;95053;ITG;ITG2;ITG2G;ITG;ITG2;ITG2G;
Senis;I609;20;95;95;54;95054;Isole;Sardegna;Oristano;1;95054;95054;95054;ITG;ITG2;ITG2G;ITG;ITG2;ITG2G;
Sennariolo;I613;20;95;95;55;95055;Isole;Sardegna;Oristano;1;95055;95055;95055;ITG;ITG2;ITG2G;ITG;ITG2;ITG2G;
Siamaggiore;I717;20;95;95;56;95056;Isole;Sardegna;Oristano;1;95056;95056;95056;ITG;ITG2;ITG2G;ITG;ITG2;ITG2G;
Siamanna;I718;20;95;95;57;95057;Isole;Sardegna;Oristano;1;95057;95057;95057;ITG;ITG2;ITG2G;ITG;ITG2;ITG2G;
Simala;I742;20;95;95;58;95058;Isole;Sardegna;Oristano;1;95058;95058;95058;ITG;ITG2;ITG2G;ITG;ITG2;ITG2G;
Simaxis;I743;20;95;95;59;95059;Isole;Sardegna;Oristano;1;95059;95059;95059;ITG;ITG2;ITG2G;ITG;ITG2;ITG2G;
Sini;I749;20;95;95;60;95060;Isole;Sardegna;Oristano;1;95060;95060;95060;ITG;ITG2;ITG2G;ITG;ITG2;ITG2G;
Siris;I757;20;95;95;61;95061;Isole;Sardegna;Oristano;1;95061;95061;95061;ITG;ITG2;ITG2G;ITG;ITG2;ITG2G;
Solarussa;I791;20;95;95;62;95062;Isole;Sardegna;Oristano;1;95062;95062;95062;ITG;ITG2;ITG2G;ITG;ITG2;ITG2G;
Sorradile;I861;20;95;95;63;95063;Isole;Sardegna;Oristano;1;95063;95063;95063;ITG;ITG2;ITG2G;ITG;ITG2;ITG2G;
Tadasuni;L023;20;95;95;64;95064;Isole;Sardegna;Oristano;1;95064;95064;95064;ITG;ITG2;ITG2G;ITG;ITG2;ITG2G;
Terralba;L122;20;95;95;65;95065;Isole;Sardegna;Oristano;1;95065;95065;95065;ITG;ITG2;ITG2G;ITG;ITG2;ITG2G;
Tramatza;L321;20;95;95;66;95066;Isole;Sardegna;Oristano;1;95066;95066;95066;ITG;ITG2;ITG2G;ITG;ITG2;ITG2G;
Tresnuraghes;L393;20;95;95;67;95067;Isole;Sardegna;Oristano;1;95067;95067;95067;ITG;ITG2;ITG2G;ITG;ITG2;ITG2G;
Ul‡ Tirso;L488;20;95;95;68;95068;Isole;Sardegna;Oristano;1;95068;95068;95068;ITG;ITG2;ITG2G;ITG;ITG2;ITG2G;
Uras;L496;20;95;95;69;95069;Isole;Sardegna;Oristano;1;95069;95069;95069;ITG;ITG2;ITG2G;ITG;ITG2;ITG2G;
Usellus;L508;20;95;95;70;95070;Isole;Sardegna;Oristano;1;95070;95070;95070;ITG;ITG2;ITG2G;ITG;ITG2;ITG2G;
Villanova Truschedu;L991;20;95;95;71;95071;Isole;Sardegna;Oristano;1;95071;95071;95071;ITG;ITG2;ITG2G;ITG;ITG2;ITG2G;
Villaurbana;M030;20;95;95;72;95072;Isole;Sardegna;Oristano;1;95072;95072;95072;ITG;ITG2;ITG2G;ITG;ITG2;ITG2G;
Villa Verde;A609;20;95;95;73;95073;Isole;Sardegna;Oristano;1;95073;95073;95073;ITG;ITG2;ITG2G;ITG;ITG2;ITG2G;
Zeddiani;M153;20;95;95;74;95074;Isole;Sardegna;Oristano;1;95074;95074;95074;ITG;ITG2;ITG2G;ITG;ITG2;ITG2G;
Zerfaliu;M168;20;95;95;75;95075;Isole;Sardegna;Oristano;1;95075;95075;95075;ITG;ITG2;ITG2G;ITG;ITG2;ITG2G;
Siapiccia;I721;20;95;95;76;95076;Isole;Sardegna;Oristano;1;95076;95076;95076;ITG;ITG2;ITG2G;ITG;ITG2;ITG2G;
Curcuris;D214;20;95;95;77;95077;Isole;Sardegna;Oristano;1;95077;95077;95077;ITG;ITG2;ITG2G;ITG;ITG2;ITG2G;
SoddÏ;I778;20;95;95;78;95078;Isole;Sardegna;Oristano;1;95078;95078;95078;ITG;ITG2;ITG2G;ITG;ITG2;ITG2G;
Bosa;B068;20;95;95;79;95079;Isole;Sardegna;Oristano;1;95079;95079;91013;ITG;ITG2;ITG2G;ITG;ITG2;ITG2G;
Flussio;D640;20;95;95;80;95080;Isole;Sardegna;Oristano;1;95080;95080;91023;ITG;ITG2;ITG2G;ITG;ITG2;ITG2G;
Laconi;E400;20;95;95;82;95082;Isole;Sardegna;Oristano;1;95082;95082;91036;ITG;ITG2;ITG2G;ITG;ITG2;ITG2G;
Magomadas;E825;20;95;95;83;95083;Isole;Sardegna;Oristano;1;95083;95083;91045;ITG;ITG2;ITG2G;ITG;ITG2;ITG2G;
Modolo;F261;20;95;95;84;95084;Isole;Sardegna;Oristano;1;95084;95084;91048;ITG;ITG2;ITG2G;ITG;ITG2;ITG2G;
Montresta;F698;20;95;95;85;95085;Isole;Sardegna;Oristano;1;95085;95085;91049;ITG;ITG2;ITG2G;ITG;ITG2;ITG2G;
Sagama;H661;20;95;95;86;95086;Isole;Sardegna;Oristano;1;95086;95086;91075;ITG;ITG2;ITG2G;ITG;ITG2;ITG2G;
Suni;L006;20;95;95;87;95087;Isole;Sardegna;Oristano;1;95087;95087;91087;ITG;ITG2;ITG2G;ITG;ITG2;ITG2G;
Tinnura;L172;20;95;95;88;95088;Isole;Sardegna;Oristano;1;95088;95088;91092;ITG;ITG2;ITG2G;ITG;ITG2;ITG2G;
Arbus;A359;20;111;111;1;111001;Isole;Sardegna;Sud Sardegna;1;106001;106001;92001;ITG;ITG2;ITG2H;ITG;ITG2;ITG2H;
Armungia;A419;20;111;111;2;111002;Isole;Sardegna;Sud Sardegna;1;92002;92002;92002;ITG;ITG2;ITG2H;ITG;ITG2;ITG2H;
Ballao;A597;20;111;111;3;111003;Isole;Sardegna;Sud Sardegna;1;92004;92004;92004;ITG;ITG2;ITG2H;ITG;ITG2;ITG2H;
Barrali;A677;20;111;111;4;111004;Isole;Sardegna;Sud Sardegna;1;92005;92005;92005;ITG;ITG2;ITG2H;ITG;ITG2;ITG2H;
Barumini;A681;20;111;111;5;111005;Isole;Sardegna;Sud Sardegna;1;106002;106002;92006;ITG;ITG2;ITG2H;ITG;ITG2;ITG2H;
Buggerru;B250;20;111;111;6;111006;Isole;Sardegna;Sud Sardegna;1;107001;107001;92007;ITG;ITG2;ITG2H;ITG;ITG2;ITG2H;
Burcei;B274;20;111;111;7;111007;Isole;Sardegna;Sud Sardegna;1;92008;92008;92008;ITG;ITG2;ITG2H;ITG;ITG2;ITG2H;
Calasetta;B383;20;111;111;8;111008;Isole;Sardegna;Sud Sardegna;1;107002;107002;92010;ITG;ITG2;ITG2H;ITG;ITG2;ITG2H;
Carbonia;B745;20;111;111;9;111009;Isole;Sardegna;Sud Sardegna;1;107003;107003;92012;ITG;ITG2;ITG2H;ITG;ITG2;ITG2H;
Carloforte;B789;20;111;111;10;111010;Isole;Sardegna;Sud Sardegna;1;107004;107004;92013;ITG;ITG2;ITG2H;ITG;ITG2;ITG2H;
Castiadas;M288;20;111;111;11;111011;Isole;Sardegna;Sud Sardegna;1;92106;92106;92106;ITG;ITG2;ITG2H;ITG;ITG2;ITG2H;
Collinas;C882;20;111;111;12;111012;Isole;Sardegna;Sud Sardegna;1;106003;106003;92014;ITG;ITG2;ITG2H;ITG;ITG2;ITG2H;
Decimoputzu;D260;20;111;111;13;111013;Isole;Sardegna;Sud Sardegna;1;92016;92016;92016;ITG;ITG2;ITG2H;ITG;ITG2;ITG2H;
Dolianova;D323;20;111;111;14;111014;Isole;Sardegna;Sud Sardegna;1;92017;92017;92017;ITG;ITG2;ITG2H;ITG;ITG2;ITG2H;
Domus de Maria;D333;20;111;111;15;111015;Isole;Sardegna;Sud Sardegna;1;92018;92018;92018;ITG;ITG2;ITG2H;ITG;ITG2;ITG2H;
Domusnovas;D334;20;111;111;16;111016;Isole;Sardegna;Sud Sardegna;1;107005;107005;92019;ITG;ITG2;ITG2H;ITG;ITG2;ITG2H;
Donori;D344;20;111;111;17;111017;Isole;Sardegna;Sud Sardegna;1;92020;92020;92020;ITG;ITG2;ITG2H;ITG;ITG2;ITG2H;
Escalaplano;D430;20;111;111;18;111018;Isole;Sardegna;Sud Sardegna;1;92110;92110;91020;ITG;ITG2;ITG2H;ITG;ITG2;ITG2H;
Escolca;D431;20;111;111;19;111019;Isole;Sardegna;Sud Sardegna;1;92111;92111;91021;ITG;ITG2;ITG2H;ITG;ITG2;ITG2H;
Esterzili;D443;20;111;111;20;111020;Isole;Sardegna;Sud Sardegna;1;92112;92112;91022;ITG;ITG2;ITG2H;ITG;ITG2;ITG2H;
Fluminimaggiore;D639;20;111;111;21;111021;Isole;Sardegna;Sud Sardegna;1;107006;107006;92021;ITG;ITG2;ITG2H;ITG;ITG2;ITG2H;
Furtei;D827;20;111;111;22;111022;Isole;Sardegna;Sud Sardegna;1;106004;106004;92022;ITG;ITG2;ITG2H;ITG;ITG2;ITG2H;
Genoni;D968;20;111;111;23;111023;Isole;Sardegna;Sud Sardegna;1;95081;95081;91029;ITG;ITG2;ITG2H;ITG;ITG2;ITG2H;
Genuri;D970;20;111;111;24;111024;Isole;Sardegna;Sud Sardegna;1;106005;106005;92023;ITG;ITG2;ITG2H;ITG;ITG2;ITG2H;
Gergei;D982;20;111;111;25;111025;Isole;Sardegna;Sud Sardegna;1;92113;92113;91030;ITG;ITG2;ITG2H;ITG;ITG2;ITG2H;
Gesico;D994;20;111;111;26;111026;Isole;Sardegna;Sud Sardegna;1;92024;92024;92024;ITG;ITG2;ITG2H;ITG;ITG2;ITG2H;
Gesturi;D997;20;111;111;27;111027;Isole;Sardegna;Sud Sardegna;1;106006;106006;92025;ITG;ITG2;ITG2H;ITG;ITG2;ITG2H;
Giba;E022;20;111;111;28;111028;Isole;Sardegna;Sud Sardegna;1;107007;107007;92026;ITG;ITG2;ITG2H;ITG;ITG2;ITG2H;
Goni;E084;20;111;111;29;111029;Isole;Sardegna;Sud Sardegna;1;92027;92027;92027;ITG;ITG2;ITG2H;ITG;ITG2;ITG2H;
Gonnesa;E086;20;111;111;30;111030;Isole;Sardegna;Sud Sardegna;1;107008;107008;92028;ITG;ITG2;ITG2H;ITG;ITG2;ITG2H;
Gonnosfanadiga;E085;20;111;111;31;111031;Isole;Sardegna;Sud Sardegna;1;106007;106007;92029;ITG;ITG2;ITG2H;ITG;ITG2;ITG2H;
Guamaggiore;E234;20;111;111;32;111032;Isole;Sardegna;Sud Sardegna;1;92030;92030;92030;ITG;ITG2;ITG2H;ITG;ITG2;ITG2H;
Guasila;E252;20;111;111;33;111033;Isole;Sardegna;Sud Sardegna;1;92031;92031;92031;ITG;ITG2;ITG2H;ITG;ITG2;ITG2H;
Guspini;E270;20;111;111;34;111034;Isole;Sardegna;Sud Sardegna;1;106008;106008;92032;ITG;ITG2;ITG2H;ITG;ITG2;ITG2H;
Iglesias;E281;20;111;111;35;111035;Isole;Sardegna;Sud Sardegna;1;107009;107009;92033;ITG;ITG2;ITG2H;ITG;ITG2;ITG2H;
Isili;E336;20;111;111;36;111036;Isole;Sardegna;Sud Sardegna;1;92114;92114;91034;ITG;ITG2;ITG2H;ITG;ITG2;ITG2H;
Las Plassas;E464;20;111;111;37;111037;Isole;Sardegna;Sud Sardegna;1;106009;106009;92034;ITG;ITG2;ITG2H;ITG;ITG2;ITG2H;
Lunamatrona;E742;20;111;111;38;111038;Isole;Sardegna;Sud Sardegna;1;106010;106010;92035;ITG;ITG2;ITG2H;ITG;ITG2;ITG2H;
Mandas;E877;20;111;111;39;111039;Isole;Sardegna;Sud Sardegna;1;92036;92036;92036;ITG;ITG2;ITG2H;ITG;ITG2;ITG2H;
Masainas;M270;20;111;111;40;111040;Isole;Sardegna;Sud Sardegna;1;107010;107010;92103;ITG;ITG2;ITG2H;ITG;ITG2;ITG2H;
Monastir;F333;20;111;111;41;111041;Isole;Sardegna;Sud Sardegna;1;92038;92038;92038;ITG;ITG2;ITG2H;ITG;ITG2;ITG2H;
Muravera;F808;20;111;111;42;111042;Isole;Sardegna;Sud Sardegna;1;92039;92039;92039;ITG;ITG2;ITG2H;ITG;ITG2;ITG2H;
Musei;F822;20;111;111;43;111043;Isole;Sardegna;Sud Sardegna;1;107011;107011;92040;ITG;ITG2;ITG2H;ITG;ITG2;ITG2H;
Narcao;F841;20;111;111;44;111044;Isole;Sardegna;Sud Sardegna;1;107012;107012;92041;ITG;ITG2;ITG2H;ITG;ITG2;ITG2H;
Nuragus;F981;20;111;111;45;111045;Isole;Sardegna;Sud Sardegna;1;92115;92115;91052;ITG;ITG2;ITG2H;ITG;ITG2;ITG2H;
Nurallao;F982;20;111;111;46;111046;Isole;Sardegna;Sud Sardegna;1;92116;92116;91053;ITG;ITG2;ITG2H;ITG;ITG2;ITG2H;
Nuraminis;F983;20;111;111;47;111047;Isole;Sardegna;Sud Sardegna;1;92042;92042;92042;ITG;ITG2;ITG2H;ITG;ITG2;ITG2H;
Nurri;F986;20;111;111;48;111048;Isole;Sardegna;Sud Sardegna;1;92117;92117;91054;ITG;ITG2;ITG2H;ITG;ITG2;ITG2H;
Nuxis;F991;20;111;111;49;111049;Isole;Sardegna;Sud Sardegna;1;107013;107013;92043;ITG;ITG2;ITG2H;ITG;ITG2;ITG2H;
Orroli;G122;20;111;111;50;111050;Isole;Sardegna;Sud Sardegna;1;92118;92118;91065;ITG;ITG2;ITG2H;ITG;ITG2;ITG2H;
Ortacesus;G133;20;111;111;51;111051;Isole;Sardegna;Sud Sardegna;1;92044;92044;92044;ITG;ITG2;ITG2H;ITG;ITG2;ITG2H;
Pabillonis;G207;20;111;111;52;111052;Isole;Sardegna;Sud Sardegna;1;106011;106011;92045;ITG;ITG2;ITG2H;ITG;ITG2;ITG2H;
Pauli Arbarei;G382;20;111;111;53;111053;Isole;Sardegna;Sud Sardegna;1;106012;106012;92046;ITG;ITG2;ITG2H;ITG;ITG2;ITG2H;
Perdaxius;G446;20;111;111;54;111054;Isole;Sardegna;Sud Sardegna;1;107014;107014;92047;ITG;ITG2;ITG2H;ITG;ITG2;ITG2H;
Pimentel;G669;20;111;111;55;111055;Isole;Sardegna;Sud Sardegna;1;92048;92048;92048;ITG;ITG2;ITG2H;ITG;ITG2;ITG2H;
Piscinas;M291;20;111;111;56;111056;Isole;Sardegna;Sud Sardegna;1;107015;107015;92107;ITG;ITG2;ITG2H;ITG;ITG2;ITG2H;
Portoscuso;G922;20;111;111;57;111057;Isole;Sardegna;Sud Sardegna;1;107016;107016;92049;ITG;ITG2;ITG2H;ITG;ITG2;ITG2H;
Sadali;H659;20;111;111;58;111058;Isole;Sardegna;Sud Sardegna;1;92119;92119;91074;ITG;ITG2;ITG2H;ITG;ITG2;ITG2H;
Samassi;H738;20;111;111;59;111059;Isole;Sardegna;Sud Sardegna;1;106013;106013;92052;ITG;ITG2;ITG2H;ITG;ITG2;ITG2H;
Samatzai;H739;20;111;111;60;111060;Isole;Sardegna;Sud Sardegna;1;92053;92053;92053;ITG;ITG2;ITG2H;ITG;ITG2;ITG2H;
San Basilio;H766;20;111;111;61;111061;Isole;Sardegna;Sud Sardegna;1;92054;92054;92054;ITG;ITG2;ITG2H;ITG;ITG2;ITG2H;
San Gavino Monreale;H856;20;111;111;62;111062;Isole;Sardegna;Sud Sardegna;1;106014;106014;92055;ITG;ITG2;ITG2H;ITG;ITG2;ITG2H;
San Giovanni Suergiu;G287;20;111;111;63;111063;Isole;Sardegna;Sud Sardegna;1;107017;107017;92056;ITG;ITG2;ITG2H;ITG;ITG2;ITG2H;
San NicolÚ Gerrei;G383;20;111;111;64;111064;Isole;Sardegna;Sud Sardegna;1;92058;92058;92058;ITG;ITG2;ITG2H;ITG;ITG2;ITG2H;
San Sperate;I166;20;111;111;65;111065;Isole;Sardegna;Sud Sardegna;1;92059;92059;92059;ITG;ITG2;ITG2H;ITG;ITG2;ITG2H;
San Vito;I402;20;111;111;66;111066;Isole;Sardegna;Sud Sardegna;1;92064;92064;92064;ITG;ITG2;ITG2H;ITG;ITG2;ITG2H;
Sanluri;H974;20;111;111;67;111067;Isole;Sardegna;Sud Sardegna;1;106015;106015;92057;ITG;ITG2;ITG2H;ITG;ITG2;ITG2H;
Santadi;I182;20;111;111;68;111068;Isole;Sardegna;Sud Sardegna;1;107018;107018;92060;ITG;ITG2;ITG2H;ITG;ITG2;ITG2H;
Sant'Andrea Frius;I271;20;111;111;69;111069;Isole;Sardegna;Sud Sardegna;1;92061;92061;92061;ITG;ITG2;ITG2H;ITG;ITG2;ITG2H;
Sant'Anna Arresi;M209;20;111;111;70;111070;Isole;Sardegna;Sud Sardegna;1;107019;107019;92062;ITG;ITG2;ITG2H;ITG;ITG2;ITG2H;
Sant'Antioco;I294;20;111;111;71;111071;Isole;Sardegna;Sud Sardegna;1;107020;107020;92063;ITG;ITG2;ITG2H;ITG;ITG2;ITG2H;
Sardara;I428;20;111;111;72;111072;Isole;Sardegna;Sud Sardegna;1;106016;106016;92065;ITG;ITG2;ITG2H;ITG;ITG2;ITG2H;
Segariu;I570;20;111;111;73;111073;Isole;Sardegna;Sud Sardegna;1;106017;106017;92067;ITG;ITG2;ITG2H;ITG;ITG2;ITG2H;
Selegas;I582;20;111;111;74;111074;Isole;Sardegna;Sud Sardegna;1;92069;92069;92069;ITG;ITG2;ITG2H;ITG;ITG2;ITG2H;
SenorbÏ;I615;20;111;111;75;111075;Isole;Sardegna;Sud Sardegna;1;92070;92070;92070;ITG;ITG2;ITG2H;ITG;ITG2;ITG2H;
Serdiana;I624;20;111;111;76;111076;Isole;Sardegna;Sud Sardegna;1;92071;92071;92071;ITG;ITG2;ITG2H;ITG;ITG2;ITG2H;
Serramanna;I647;20;111;111;77;111077;Isole;Sardegna;Sud Sardegna;1;106018;106018;92072;ITG;ITG2;ITG2H;ITG;ITG2;ITG2H;
Serrenti;I667;20;111;111;78;111078;Isole;Sardegna;Sud Sardegna;1;106019;106019;92073;ITG;ITG2;ITG2H;ITG;ITG2;ITG2H;
Serri;I668;20;111;111;79;111079;Isole;Sardegna;Sud Sardegna;1;92120;92120;91080;ITG;ITG2;ITG2H;ITG;ITG2;ITG2H;
Setzu;I705;20;111;111;80;111080;Isole;Sardegna;Sud Sardegna;1;106020;106020;92076;ITG;ITG2;ITG2H;ITG;ITG2;ITG2H;
Seui;I706;20;111;111;81;111081;Isole;Sardegna;Sud Sardegna;1;105015;105015;91081;ITG;ITG2;ITG2H;ITG;ITG2;ITG2H;
Seulo;I707;20;111;111;82;111082;Isole;Sardegna;Sud Sardegna;1;92121;92121;91082;ITG;ITG2;ITG2H;ITG;ITG2;ITG2H;
Siddi;I724;20;111;111;83;111083;Isole;Sardegna;Sud Sardegna;1;106021;106021;92077;ITG;ITG2;ITG2H;ITG;ITG2;ITG2H;
Siliqua;I734;20;111;111;84;111084;Isole;Sardegna;Sud Sardegna;1;92078;92078;92078;ITG;ITG2;ITG2H;ITG;ITG2;ITG2H;
Silius;I735;20;111;111;85;111085;Isole;Sardegna;Sud Sardegna;1;92079;92079;92079;ITG;ITG2;ITG2H;ITG;ITG2;ITG2H;
Siurgus Donigala;I765;20;111;111;86;111086;Isole;Sardegna;Sud Sardegna;1;92081;92081;92081;ITG;ITG2;ITG2H;ITG;ITG2;ITG2H;
Soleminis;I797;20;111;111;87;111087;Isole;Sardegna;Sud Sardegna;1;92082;92082;92082;ITG;ITG2;ITG2H;ITG;ITG2;ITG2H;
Suelli;I995;20;111;111;88;111088;Isole;Sardegna;Sud Sardegna;1;92083;92083;92083;ITG;ITG2;ITG2H;ITG;ITG2;ITG2H;
Teulada;L154;20;111;111;89;111089;Isole;Sardegna;Sud Sardegna;1;92084;92084;92084;ITG;ITG2;ITG2H;ITG;ITG2;ITG2H;
Tratalias;L337;20;111;111;90;111090;Isole;Sardegna;Sud Sardegna;1;107021;107021;92085;ITG;ITG2;ITG2H;ITG;ITG2;ITG2H;
Tuili;L463;20;111;111;91;111091;Isole;Sardegna;Sud Sardegna;1;106022;106022;92086;ITG;ITG2;ITG2H;ITG;ITG2;ITG2H;
Turri;L473;20;111;111;92;111092;Isole;Sardegna;Sud Sardegna;1;106023;106023;92087;ITG;ITG2;ITG2H;ITG;ITG2;ITG2H;
Ussana;L512;20;111;111;93;111093;Isole;Sardegna;Sud Sardegna;1;92088;92088;92088;ITG;ITG2;ITG2H;ITG;ITG2;ITG2H;
Ussaramanna;L513;20;111;111;94;111094;Isole;Sardegna;Sud Sardegna;1;106024;106024;92089;ITG;ITG2;ITG2H;ITG;ITG2;ITG2H;
Vallermosa;L613;20;111;111;95;111095;Isole;Sardegna;Sud Sardegna;1;92091;92091;92091;ITG;ITG2;ITG2H;ITG;ITG2;ITG2H;
Villacidro;L924;20;111;111;96;111096;Isole;Sardegna;Sud Sardegna;1;106025;106025;92092;ITG;ITG2;ITG2H;ITG;ITG2;ITG2H;
Villamar;L966;20;111;111;97;111097;Isole;Sardegna;Sud Sardegna;1;106026;106026;92093;ITG;ITG2;ITG2H;ITG;ITG2;ITG2H;
Villamassargia;L968;20;111;111;98;111098;Isole;Sardegna;Sud Sardegna;1;107022;107022;92094;ITG;ITG2;ITG2H;ITG;ITG2;ITG2H;
Villanova Tulo;L992;20;111;111;99;111099;Isole;Sardegna;Sud Sardegna;1;92122;92122;91102;ITG;ITG2;ITG2H;ITG;ITG2;ITG2H;
Villanovaforru;L986;20;111;111;100;111100;Isole;Sardegna;Sud Sardegna;1;106027;106027;92095;ITG;ITG2;ITG2H;ITG;ITG2;ITG2H;
Villanovafranca;L987;20;111;111;101;111101;Isole;Sardegna;Sud Sardegna;1;106028;106028;92096;ITG;ITG2;ITG2H;ITG;ITG2;ITG2H;
Villaperuccio;M278;20;111;111;102;111102;Isole;Sardegna;Sud Sardegna;1;107023;107023;92104;ITG;ITG2;ITG2H;ITG;ITG2;ITG2H;
Villaputzu;L998;20;111;111;103;111103;Isole;Sardegna;Sud Sardegna;1;92097;92097;92097;ITG;ITG2;ITG2H;ITG;ITG2;ITG2H;
Villasalto;M016;20;111;111;104;111104;Isole;Sardegna;Sud Sardegna;1;92098;92098;92098;ITG;ITG2;ITG2H;ITG;ITG2;ITG2H;
Villasimius;B738;20;111;111;105;111105;Isole;Sardegna;Sud Sardegna;1;92100;92100;92100;ITG;ITG2;ITG2H;ITG;ITG2;ITG2H;
Villasor;M025;20;111;111;106;111106;Isole;Sardegna;Sud Sardegna;1;92101;92101;92101;ITG;ITG2;ITG2H;ITG;ITG2;ITG2H;
Villaspeciosa;M026;20;111;111;107;111107;Isole;Sardegna;Sud Sardegna;1;92102;92102;92102;ITG;ITG2;ITG2H;ITG;ITG2;ITG2H;